[2025-06-10 00:06:51] production.INFO: Paramètres d'indemnités [{"nom":"Indemnité de transport","type":"montant_fixe","montant":50000,"imposable":false},{"nom":"Indemnité de logement","type":"pourcentage","taux":20,"imposable":true},{"nom":"Indemnité de représentation","type":"montant_fixe","montant":100000,"imposable":true}] 
[2025-06-10 00:06:51] production.INFO: Paramètres de primes [{"nom":"Prime d'ancienneté","type":"pourcentage","taux":8,"imposable":true},{"nom":"Prime de rendement","type":"pourcentage","taux":15,"imposable":true},{"nom":"Prime de responsabilité","type":"pourcentage","taux":10,"imposable":true}] 
[2025-06-10 00:06:51] production.INFO: Recherche de barème IGR {"montant":3600000.0,"baremes_disponibles":[{"min":0,"max":25000,"taux":0},{"min":25001,"max":45000,"taux":10},{"min":45001,"max":80000,"taux":15},{"min":80001,"max":180000,"taux":20},{"min":180001,"max":0,"taux":25}],"configuration_id":"dd84f965-c871-4725-8e58-5f25e9d09c72"} 
[2025-06-10 00:06:51] production.WARNING: Aucun barème IGR trouvé pour le montant 3600000  
[2025-06-10 00:06:51] production.INFO: Taux IGR appliqué {"taux":0,"description":"Taux par défaut (aucun barème trouvé)"} 
[2025-06-10 00:06:51] production.INFO: Montant IGR calculé {"montant":0.0,"base":3600000.0} 
[2025-06-10 00:06:55] production.INFO: Paramètres d'indemnités [{"nom":"Indemnité de transport","type":"montant_fixe","montant":50000,"imposable":false},{"nom":"Indemnité de logement","type":"pourcentage","taux":20,"imposable":true},{"nom":"Indemnité de représentation","type":"montant_fixe","montant":100000,"imposable":true}] 
[2025-06-10 00:06:55] production.INFO: Paramètres de primes [{"nom":"Prime d'ancienneté","type":"pourcentage","taux":8,"imposable":true},{"nom":"Prime de rendement","type":"pourcentage","taux":15,"imposable":true},{"nom":"Prime de responsabilité","type":"pourcentage","taux":10,"imposable":true}] 
[2025-06-10 00:06:55] production.INFO: Recherche de barème IGR {"montant":3600000.0,"baremes_disponibles":[{"min":0,"max":25000,"taux":0},{"min":25001,"max":45000,"taux":10},{"min":45001,"max":80000,"taux":15},{"min":80001,"max":180000,"taux":20},{"min":180001,"max":0,"taux":25}],"configuration_id":"dd84f965-c871-4725-8e58-5f25e9d09c72"} 
[2025-06-10 00:06:55] production.WARNING: Aucun barème IGR trouvé pour le montant 3600000  
[2025-06-10 00:06:55] production.INFO: Taux IGR appliqué {"taux":0,"description":"Taux par défaut (aucun barème trouvé)"} 
[2025-06-10 00:06:55] production.INFO: Montant IGR calculé {"montant":0.0,"base":3600000.0} 
[2025-06-10 00:07:03] production.INFO: Début de génération du bulletin de paie {"employeur_id":"01975209-ec6f-705e-9b7c-01554b20cfe2","employeur_nom":"Jérémie N'da","configuration_id":"dd84f965-c871-4725-8e58-5f25e9d09c72","parametres":{"periode_debut":"2025-06-01","periode_fin":"2025-06-30","date_paiement":"2025-06-10","genere_par":"019751d2-61e7-71b4-b9bf-abfc43fafa4d","entreprise_id":"019751d3-48b7-7038-8fb2-6b6ac1d300ad","elements_supplementaires":{"salaire_base":"3000000.00","indemnites":[],"primes":[],"retenues":[]},"calcul_auto":true}} 
[2025-06-10 00:07:03] production.INFO: Paramètres d'indemnités [{"nom":"Indemnité de transport","type":"montant_fixe","montant":50000,"imposable":false},{"nom":"Indemnité de logement","type":"pourcentage","taux":20,"imposable":true},{"nom":"Indemnité de représentation","type":"montant_fixe","montant":100000,"imposable":true}] 
[2025-06-10 00:07:03] production.INFO: Paramètres de primes [{"nom":"Prime d'ancienneté","type":"pourcentage","taux":8,"imposable":true},{"nom":"Prime de rendement","type":"pourcentage","taux":15,"imposable":true},{"nom":"Prime de responsabilité","type":"pourcentage","taux":10,"imposable":true}] 
[2025-06-10 00:07:03] production.INFO: Recherche de barème IGR {"montant":3600000.0,"baremes_disponibles":[{"min":0,"max":25000,"taux":0},{"min":25001,"max":45000,"taux":10},{"min":45001,"max":80000,"taux":15},{"min":80001,"max":180000,"taux":20},{"min":180001,"max":0,"taux":25}],"configuration_id":"dd84f965-c871-4725-8e58-5f25e9d09c72"} 
[2025-06-10 00:07:03] production.WARNING: Aucun barème IGR trouvé pour le montant 3600000  
[2025-06-10 00:07:03] production.INFO: Taux IGR appliqué {"taux":0,"description":"Taux par défaut (aucun barème trouvé)"} 
[2025-06-10 00:07:03] production.INFO: Montant IGR calculé {"montant":0.0,"base":3600000.0} 
[2025-06-10 00:07:03] production.INFO: Génération de référence pour bulletin {"employeur_id":"01975209-ec6f-705e-9b7c-01554b20cfe2","employeur_nom":"Jérémie N'da","reference":"JN-202506-7450","mois_annee":"202506","prefixe":"JN","unique_id":"7450"} 
[2025-06-10 00:21:18] production.ERROR: SQLSTATE[42S22]: Column not found: 1054 Unknown column 'employes_count' in 'ORDER BY' (Connection: mysql, SQL: select `plage_horaires`.*, (select count(*) from `jours` where `plage_horaires`.`id` = `jours`.`plage_horaire_id` and `jours`.`deleted_at` is null and `jours`.`entreprise_id` = 019751d3-48b7-7038-8fb2-6b6ac1d300ad) as `jours_count` from `plage_horaires` where `plage_horaires`.`entreprise_id` = 019751d3-48b7-7038-8fb2-6b6ac1d300ad order by `employes_count` asc limit 10 offset 0) (View: /home3/elngbpzd/work.dia.ci/vendor/filament/tables/resources/views/index.blade.php) (View: /home3/elngbpzd/work.dia.ci/vendor/filament/tables/resources/views/index.blade.php) {"userId":"019751d2-61e7-71b4-b9bf-abfc43fafa4d","exception":"[object] (Illuminate\\View\\ViewException(code: 0): SQLSTATE[42S22]: Column not found: 1054 Unknown column 'employes_count' in 'ORDER BY' (Connection: mysql, SQL: select `plage_horaires`.*, (select count(*) from `jours` where `plage_horaires`.`id` = `jours`.`plage_horaire_id` and `jours`.`deleted_at` is null and `jours`.`entreprise_id` = 019751d3-48b7-7038-8fb2-6b6ac1d300ad) as `jours_count` from `plage_horaires` where `plage_horaires`.`entreprise_id` = 019751d3-48b7-7038-8fb2-6b6ac1d300ad order by `employes_count` asc limit 10 offset 0) (View: /home3/elngbpzd/work.dia.ci/vendor/filament/tables/resources/views/index.blade.php) (View: /home3/elngbpzd/work.dia.ci/vendor/filament/tables/resources/views/index.blade.php) at /home3/elngbpzd/work.dia.ci/vendor/laravel/framework/src/Illuminate/Database/Connection.php:822)
[stacktrace]
#0 /home3/elngbpzd/work.dia.ci/vendor/livewire/livewire/src/Mechanisms/ExtendBlade/ExtendedCompilerEngine.php(58): Illuminate\\View\\Engines\\CompilerEngine->handleViewException(Object(Illuminate\\View\\ViewException), 0)
#1 /home3/elngbpzd/work.dia.ci/vendor/livewire/livewire/src/Mechanisms/ExtendBlade/ExtendedCompilerEngine.php(40): Livewire\\Mechanisms\\ExtendBlade\\ExtendedCompilerEngine->handleViewException(Object(Illuminate\\View\\ViewException), 0)
#2 /home3/elngbpzd/work.dia.ci/vendor/laravel/framework/src/Illuminate/View/Engines/CompilerEngine.php(74): Livewire\\Mechanisms\\ExtendBlade\\ExtendedCompilerEngine->evaluatePath('/home3/elngbpzd...', Array)
#3 /home3/elngbpzd/work.dia.ci/vendor/livewire/livewire/src/Mechanisms/ExtendBlade/ExtendedCompilerEngine.php(16): Illuminate\\View\\Engines\\CompilerEngine->get('/home3/elngbpzd...', Array)
#4 /home3/elngbpzd/work.dia.ci/vendor/laravel/framework/src/Illuminate/View/View.php(208): Livewire\\Mechanisms\\ExtendBlade\\ExtendedCompilerEngine->get('/home3/elngbpzd...', Array)
#5 /home3/elngbpzd/work.dia.ci/vendor/laravel/framework/src/Illuminate/View/View.php(191): Illuminate\\View\\View->getContents()
#6 /home3/elngbpzd/work.dia.ci/vendor/laravel/framework/src/Illuminate/View/View.php(160): Illuminate\\View\\View->renderContents()
#7 /home3/elngbpzd/work.dia.ci/vendor/livewire/livewire/src/Mechanisms/HandleComponents/HandleComponents.php(241): Illuminate\\View\\View->render(Object(Closure))
#8 /home3/elngbpzd/work.dia.ci/vendor/livewire/livewire/src/Mechanisms/HandleComponents/HandleComponents.php(285): Livewire\\Mechanisms\\HandleComponents\\HandleComponents->Livewire\\Mechanisms\\HandleComponents\\{closure}()
#9 /home3/elngbpzd/work.dia.ci/vendor/livewire/livewire/src/Mechanisms/HandleComponents/HandleComponents.php(233): Livewire\\Mechanisms\\HandleComponents\\HandleComponents->trackInRenderStack(Object(App\\Filament\\Resources\\PlageHoraireBaseResource\\Pages\\ListPlageHoraireBases), Object(Closure))
#10 /home3/elngbpzd/work.dia.ci/vendor/livewire/livewire/src/Mechanisms/HandleComponents/HandleComponents.php(104): Livewire\\Mechanisms\\HandleComponents\\HandleComponents->render(Object(App\\Filament\\Resources\\PlageHoraireBaseResource\\Pages\\ListPlageHoraireBases))
#11 /home3/elngbpzd/work.dia.ci/vendor/livewire/livewire/src/LivewireManager.php(102): Livewire\\Mechanisms\\HandleComponents\\HandleComponents->update(Array, Array, Array)
#12 /home3/elngbpzd/work.dia.ci/vendor/livewire/livewire/src/Mechanisms/HandleRequests/HandleRequests.php(94): Livewire\\LivewireManager->update(Array, Array, Array)
#13 /home3/elngbpzd/work.dia.ci/vendor/laravel/framework/src/Illuminate/Routing/ControllerDispatcher.php(46): Livewire\\Mechanisms\\HandleRequests\\HandleRequests->handleUpdate()
#14 /home3/elngbpzd/work.dia.ci/vendor/laravel/framework/src/Illuminate/Routing/Route.php(265): Illuminate\\Routing\\ControllerDispatcher->dispatch(Object(Illuminate\\Routing\\Route), Object(Livewire\\Mechanisms\\HandleRequests\\HandleRequests), 'handleUpdate')
#15 /home3/elngbpzd/work.dia.ci/vendor/laravel/framework/src/Illuminate/Routing/Route.php(211): Illuminate\\Routing\\Route->runController()
#16 /home3/elngbpzd/work.dia.ci/vendor/laravel/framework/src/Illuminate/Routing/Router.php(808): Illuminate\\Routing\\Route->run()
#17 /home3/elngbpzd/work.dia.ci/vendor/laravel/framework/src/Illuminate/Pipeline/Pipeline.php(169): Illuminate\\Routing\\Router->Illuminate\\Routing\\{closure}(Object(Illuminate\\Http\\Request))
#18 /home3/elngbpzd/work.dia.ci/vendor/laravel/framework/src/Illuminate/Routing/Middleware/SubstituteBindings.php(50): Illuminate\\Pipeline\\Pipeline->Illuminate\\Pipeline\\{closure}(Object(Illuminate\\Http\\Request))
#19 /home3/elngbpzd/work.dia.ci/vendor/laravel/framework/src/Illuminate/Pipeline/Pipeline.php(208): Illuminate\\Routing\\Middleware\\SubstituteBindings->handle(Object(Illuminate\\Http\\Request), Object(Closure))
#20 /home3/elngbpzd/work.dia.ci/vendor/laravel/framework/src/Illuminate/Foundation/Http/Middleware/VerifyCsrfToken.php(87): Illuminate\\Pipeline\\Pipeline->Illuminate\\Pipeline\\{closure}(Object(Illuminate\\Http\\Request))
#21 /home3/elngbpzd/work.dia.ci/vendor/laravel/framework/src/Illuminate/Pipeline/Pipeline.php(208): Illuminate\\Foundation\\Http\\Middleware\\VerifyCsrfToken->handle(Object(Illuminate\\Http\\Request), Object(Closure))
#22 /home3/elngbpzd/work.dia.ci/vendor/laravel/framework/src/Illuminate/View/Middleware/ShareErrorsFromSession.php(48): Illuminate\\Pipeline\\Pipeline->Illuminate\\Pipeline\\{closure}(Object(Illuminate\\Http\\Request))
#23 /home3/elngbpzd/work.dia.ci/vendor/laravel/framework/src/Illuminate/Pipeline/Pipeline.php(208): Illuminate\\View\\Middleware\\ShareErrorsFromSession->handle(Object(Illuminate\\Http\\Request), Object(Closure))
#24 /home3/elngbpzd/work.dia.ci/vendor/laravel/framework/src/Illuminate/Session/Middleware/StartSession.php(120): Illuminate\\Pipeline\\Pipeline->Illuminate\\Pipeline\\{closure}(Object(Illuminate\\Http\\Request))
#25 /home3/elngbpzd/work.dia.ci/vendor/laravel/framework/src/Illuminate/Session/Middleware/StartSession.php(63): Illuminate\\Session\\Middleware\\StartSession->handleStatefulRequest(Object(Illuminate\\Http\\Request), Object(Illuminate\\Session\\Store), Object(Closure))
#26 /home3/elngbpzd/work.dia.ci/vendor/laravel/framework/src/Illuminate/Pipeline/Pipeline.php(208): Illuminate\\Session\\Middleware\\StartSession->handle(Object(Illuminate\\Http\\Request), Object(Closure))
#27 /home3/elngbpzd/work.dia.ci/vendor/laravel/framework/src/Illuminate/Cookie/Middleware/AddQueuedCookiesToResponse.php(36): Illuminate\\Pipeline\\Pipeline->Illuminate\\Pipeline\\{closure}(Object(Illuminate\\Http\\Request))
#28 /home3/elngbpzd/work.dia.ci/vendor/laravel/framework/src/Illuminate/Pipeline/Pipeline.php(208): Illuminate\\Cookie\\Middleware\\AddQueuedCookiesToResponse->handle(Object(Illuminate\\Http\\Request), Object(Closure))
#29 /home3/elngbpzd/work.dia.ci/vendor/laravel/framework/src/Illuminate/Cookie/Middleware/EncryptCookies.php(74): Illuminate\\Pipeline\\Pipeline->Illuminate\\Pipeline\\{closure}(Object(Illuminate\\Http\\Request))
#30 /home3/elngbpzd/work.dia.ci/vendor/laravel/framework/src/Illuminate/Pipeline/Pipeline.php(208): Illuminate\\Cookie\\Middleware\\EncryptCookies->handle(Object(Illuminate\\Http\\Request), Object(Closure))
#31 /home3/elngbpzd/work.dia.ci/vendor/laravel/framework/src/Illuminate/Pipeline/Pipeline.php(126): Illuminate\\Pipeline\\Pipeline->Illuminate\\Pipeline\\{closure}(Object(Illuminate\\Http\\Request))
#32 /home3/elngbpzd/work.dia.ci/vendor/laravel/framework/src/Illuminate/Routing/Router.php(807): Illuminate\\Pipeline\\Pipeline->then(Object(Closure))
#33 /home3/elngbpzd/work.dia.ci/vendor/laravel/framework/src/Illuminate/Routing/Router.php(786): Illuminate\\Routing\\Router->runRouteWithinStack(Object(Illuminate\\Routing\\Route), Object(Illuminate\\Http\\Request))
#34 /home3/elngbpzd/work.dia.ci/vendor/laravel/framework/src/Illuminate/Routing/Router.php(750): Illuminate\\Routing\\Router->runRoute(Object(Illuminate\\Http\\Request), Object(Illuminate\\Routing\\Route))
#35 /home3/elngbpzd/work.dia.ci/vendor/laravel/framework/src/Illuminate/Routing/Router.php(739): Illuminate\\Routing\\Router->dispatchToRoute(Object(Illuminate\\Http\\Request))
#36 /home3/elngbpzd/work.dia.ci/vendor/laravel/framework/src/Illuminate/Foundation/Http/Kernel.php(200): Illuminate\\Routing\\Router->dispatch(Object(Illuminate\\Http\\Request))
#37 /home3/elngbpzd/work.dia.ci/vendor/laravel/framework/src/Illuminate/Pipeline/Pipeline.php(169): Illuminate\\Foundation\\Http\\Kernel->Illuminate\\Foundation\\Http\\{closure}(Object(Illuminate\\Http\\Request))
#38 /home3/elngbpzd/work.dia.ci/vendor/livewire/livewire/src/Features/SupportDisablingBackButtonCache/DisableBackButtonCacheMiddleware.php(19): Illuminate\\Pipeline\\Pipeline->Illuminate\\Pipeline\\{closure}(Object(Illuminate\\Http\\Request))
#39 /home3/elngbpzd/work.dia.ci/vendor/laravel/framework/src/Illuminate/Pipeline/Pipeline.php(208): Livewire\\Features\\SupportDisablingBackButtonCache\\DisableBackButtonCacheMiddleware->handle(Object(Illuminate\\Http\\Request), Object(Closure))
#40 /home3/elngbpzd/work.dia.ci/vendor/laravel/framework/src/Illuminate/Foundation/Http/Middleware/ConvertEmptyStringsToNull.php(27): Illuminate\\Pipeline\\Pipeline->Illuminate\\Pipeline\\{closure}(Object(Illuminate\\Http\\Request))
#41 /home3/elngbpzd/work.dia.ci/vendor/laravel/framework/src/Illuminate/Pipeline/Pipeline.php(208): Illuminate\\Foundation\\Http\\Middleware\\ConvertEmptyStringsToNull->handle(Object(Illuminate\\Http\\Request), Object(Closure))
#42 /home3/elngbpzd/work.dia.ci/vendor/laravel/framework/src/Illuminate/Foundation/Http/Middleware/TrimStrings.php(47): Illuminate\\Pipeline\\Pipeline->Illuminate\\Pipeline\\{closure}(Object(Illuminate\\Http\\Request))
#43 /home3/elngbpzd/work.dia.ci/vendor/laravel/framework/src/Illuminate/Pipeline/Pipeline.php(208): Illuminate\\Foundation\\Http\\Middleware\\TrimStrings->handle(Object(Illuminate\\Http\\Request), Object(Closure))
#44 /home3/elngbpzd/work.dia.ci/vendor/laravel/framework/src/Illuminate/Http/Middleware/ValidatePostSize.php(27): Illuminate\\Pipeline\\Pipeline->Illuminate\\Pipeline\\{closure}(Object(Illuminate\\Http\\Request))
#45 /home3/elngbpzd/work.dia.ci/vendor/laravel/framework/src/Illuminate/Pipeline/Pipeline.php(208): Illuminate\\Http\\Middleware\\ValidatePostSize->handle(Object(Illuminate\\Http\\Request), Object(Closure))
#46 /home3/elngbpzd/work.dia.ci/vendor/laravel/framework/src/Illuminate/Foundation/Http/Middleware/PreventRequestsDuringMaintenance.php(109): Illuminate\\Pipeline\\Pipeline->Illuminate\\Pipeline\\{closure}(Object(Illuminate\\Http\\Request))
#47 /home3/elngbpzd/work.dia.ci/vendor/laravel/framework/src/Illuminate/Pipeline/Pipeline.php(208): Illuminate\\Foundation\\Http\\Middleware\\PreventRequestsDuringMaintenance->handle(Object(Illuminate\\Http\\Request), Object(Closure))
#48 /home3/elngbpzd/work.dia.ci/vendor/laravel/framework/src/Illuminate/Http/Middleware/HandleCors.php(48): Illuminate\\Pipeline\\Pipeline->Illuminate\\Pipeline\\{closure}(Object(Illuminate\\Http\\Request))
#49 /home3/elngbpzd/work.dia.ci/vendor/laravel/framework/src/Illuminate/Pipeline/Pipeline.php(208): Illuminate\\Http\\Middleware\\HandleCors->handle(Object(Illuminate\\Http\\Request), Object(Closure))
#50 /home3/elngbpzd/work.dia.ci/vendor/laravel/framework/src/Illuminate/Http/Middleware/TrustProxies.php(58): Illuminate\\Pipeline\\Pipeline->Illuminate\\Pipeline\\{closure}(Object(Illuminate\\Http\\Request))
#51 /home3/elngbpzd/work.dia.ci/vendor/laravel/framework/src/Illuminate/Pipeline/Pipeline.php(208): Illuminate\\Http\\Middleware\\TrustProxies->handle(Object(Illuminate\\Http\\Request), Object(Closure))
#52 /home3/elngbpzd/work.dia.ci/vendor/laravel/framework/src/Illuminate/Foundation/Http/Middleware/InvokeDeferredCallbacks.php(22): Illuminate\\Pipeline\\Pipeline->Illuminate\\Pipeline\\{closure}(Object(Illuminate\\Http\\Request))
#53 /home3/elngbpzd/work.dia.ci/vendor/laravel/framework/src/Illuminate/Pipeline/Pipeline.php(208): Illuminate\\Foundation\\Http\\Middleware\\InvokeDeferredCallbacks->handle(Object(Illuminate\\Http\\Request), Object(Closure))
#54 /home3/elngbpzd/work.dia.ci/vendor/laravel/framework/src/Illuminate/Http/Middleware/ValidatePathEncoding.php(26): Illuminate\\Pipeline\\Pipeline->Illuminate\\Pipeline\\{closure}(Object(Illuminate\\Http\\Request))
#55 /home3/elngbpzd/work.dia.ci/vendor/laravel/framework/src/Illuminate/Pipeline/Pipeline.php(208): Illuminate\\Http\\Middleware\\ValidatePathEncoding->handle(Object(Illuminate\\Http\\Request), Object(Closure))
#56 /home3/elngbpzd/work.dia.ci/vendor/laravel/framework/src/Illuminate/Pipeline/Pipeline.php(126): Illuminate\\Pipeline\\Pipeline->Illuminate\\Pipeline\\{closure}(Object(Illuminate\\Http\\Request))
#57 /home3/elngbpzd/work.dia.ci/vendor/laravel/framework/src/Illuminate/Foundation/Http/Kernel.php(175): Illuminate\\Pipeline\\Pipeline->then(Object(Closure))
#58 /home3/elngbpzd/work.dia.ci/vendor/laravel/framework/src/Illuminate/Foundation/Http/Kernel.php(144): Illuminate\\Foundation\\Http\\Kernel->sendRequestThroughRouter(Object(Illuminate\\Http\\Request))
#59 /home3/elngbpzd/work.dia.ci/vendor/laravel/framework/src/Illuminate/Foundation/Application.php(1219): Illuminate\\Foundation\\Http\\Kernel->handle(Object(Illuminate\\Http\\Request))
#60 /home3/elngbpzd/work.dia.ci/index.php(20): Illuminate\\Foundation\\Application->handleRequest(Object(Illuminate\\Http\\Request))
#61 {main}

[previous exception] [object] (Illuminate\\View\\ViewException(code: 0): SQLSTATE[42S22]: Column not found: 1054 Unknown column 'employes_count' in 'ORDER BY' (Connection: mysql, SQL: select `plage_horaires`.*, (select count(*) from `jours` where `plage_horaires`.`id` = `jours`.`plage_horaire_id` and `jours`.`deleted_at` is null and `jours`.`entreprise_id` = 019751d3-48b7-7038-8fb2-6b6ac1d300ad) as `jours_count` from `plage_horaires` where `plage_horaires`.`entreprise_id` = 019751d3-48b7-7038-8fb2-6b6ac1d300ad order by `employes_count` asc limit 10 offset 0) (View: /home3/elngbpzd/work.dia.ci/vendor/filament/tables/resources/views/index.blade.php) at /home3/elngbpzd/work.dia.ci/vendor/laravel/framework/src/Illuminate/Database/Connection.php:822)
[stacktrace]
#0 /home3/elngbpzd/work.dia.ci/vendor/livewire/livewire/src/Mechanisms/ExtendBlade/ExtendedCompilerEngine.php(58): Illuminate\\View\\Engines\\CompilerEngine->handleViewException(Object(Illuminate\\Database\\QueryException), 2)
#1 /home3/elngbpzd/work.dia.ci/vendor/livewire/livewire/src/Mechanisms/ExtendBlade/ExtendedCompilerEngine.php(40): Livewire\\Mechanisms\\ExtendBlade\\ExtendedCompilerEngine->handleViewException(Object(Illuminate\\Database\\QueryException), 2)
#2 /home3/elngbpzd/work.dia.ci/vendor/laravel/framework/src/Illuminate/View/Engines/CompilerEngine.php(74): Livewire\\Mechanisms\\ExtendBlade\\ExtendedCompilerEngine->evaluatePath('/home3/elngbpzd...', Array)
#3 /home3/elngbpzd/work.dia.ci/vendor/livewire/livewire/src/Mechanisms/ExtendBlade/ExtendedCompilerEngine.php(16): Illuminate\\View\\Engines\\CompilerEngine->get('/home3/elngbpzd...', Array)
#4 /home3/elngbpzd/work.dia.ci/vendor/laravel/framework/src/Illuminate/View/View.php(208): Livewire\\Mechanisms\\ExtendBlade\\ExtendedCompilerEngine->get('/home3/elngbpzd...', Array)
#5 /home3/elngbpzd/work.dia.ci/vendor/laravel/framework/src/Illuminate/View/View.php(191): Illuminate\\View\\View->getContents()
#6 /home3/elngbpzd/work.dia.ci/vendor/laravel/framework/src/Illuminate/View/View.php(160): Illuminate\\View\\View->renderContents()
#7 /home3/elngbpzd/work.dia.ci/vendor/filament/support/src/Components/ViewComponent.php(115): Illuminate\\View\\View->render()
#8 /home3/elngbpzd/work.dia.ci/vendor/laravel/framework/src/Illuminate/Support/helpers.php(134): Filament\\Support\\Components\\ViewComponent->toHtml()
#9 /home3/elngbpzd/work.dia.ci/storage/framework/views/997005b9a04b8fc3954abb3e497ab51c.php(42): e(Object(Filament\\Tables\\Table))
#10 /home3/elngbpzd/work.dia.ci/vendor/livewire/livewire/src/Mechanisms/ExtendBlade/ExtendedCompilerEngine.php(37): include('/home3/elngbpzd...')
#11 /home3/elngbpzd/work.dia.ci/vendor/livewire/livewire/src/Mechanisms/ExtendBlade/ExtendedCompilerEngine.php(38): App\\Filament\\Resources\\PlageHoraireBaseResource\\Pages\\ListPlageHoraireBases->Livewire\\Mechanisms\\ExtendBlade\\{closure}()
#12 /home3/elngbpzd/work.dia.ci/vendor/laravel/framework/src/Illuminate/View/Engines/CompilerEngine.php(74): Livewire\\Mechanisms\\ExtendBlade\\ExtendedCompilerEngine->evaluatePath('/home3/elngbpzd...', Array)
#13 /home3/elngbpzd/work.dia.ci/vendor/livewire/livewire/src/Mechanisms/ExtendBlade/ExtendedCompilerEngine.php(16): Illuminate\\View\\Engines\\CompilerEngine->get('/home3/elngbpzd...', Array)
#14 /home3/elngbpzd/work.dia.ci/vendor/laravel/framework/src/Illuminate/View/View.php(208): Livewire\\Mechanisms\\ExtendBlade\\ExtendedCompilerEngine->get('/home3/elngbpzd...', Array)
#15 /home3/elngbpzd/work.dia.ci/vendor/laravel/framework/src/Illuminate/View/View.php(191): Illuminate\\View\\View->getContents()
#16 /home3/elngbpzd/work.dia.ci/vendor/laravel/framework/src/Illuminate/View/View.php(160): Illuminate\\View\\View->renderContents()
#17 /home3/elngbpzd/work.dia.ci/vendor/livewire/livewire/src/Mechanisms/HandleComponents/HandleComponents.php(241): Illuminate\\View\\View->render(Object(Closure))
#18 /home3/elngbpzd/work.dia.ci/vendor/livewire/livewire/src/Mechanisms/HandleComponents/HandleComponents.php(285): Livewire\\Mechanisms\\HandleComponents\\HandleComponents->Livewire\\Mechanisms\\HandleComponents\\{closure}()
#19 /home3/elngbpzd/work.dia.ci/vendor/livewire/livewire/src/Mechanisms/HandleComponents/HandleComponents.php(233): Livewire\\Mechanisms\\HandleComponents\\HandleComponents->trackInRenderStack(Object(App\\Filament\\Resources\\PlageHoraireBaseResource\\Pages\\ListPlageHoraireBases), Object(Closure))
#20 /home3/elngbpzd/work.dia.ci/vendor/livewire/livewire/src/Mechanisms/HandleComponents/HandleComponents.php(104): Livewire\\Mechanisms\\HandleComponents\\HandleComponents->render(Object(App\\Filament\\Resources\\PlageHoraireBaseResource\\Pages\\ListPlageHoraireBases))
#21 /home3/elngbpzd/work.dia.ci/vendor/livewire/livewire/src/LivewireManager.php(102): Livewire\\Mechanisms\\HandleComponents\\HandleComponents->update(Array, Array, Array)
#22 /home3/elngbpzd/work.dia.ci/vendor/livewire/livewire/src/Mechanisms/HandleRequests/HandleRequests.php(94): Livewire\\LivewireManager->update(Array, Array, Array)
#23 /home3/elngbpzd/work.dia.ci/vendor/laravel/framework/src/Illuminate/Routing/ControllerDispatcher.php(46): Livewire\\Mechanisms\\HandleRequests\\HandleRequests->handleUpdate()
#24 /home3/elngbpzd/work.dia.ci/vendor/laravel/framework/src/Illuminate/Routing/Route.php(265): Illuminate\\Routing\\ControllerDispatcher->dispatch(Object(Illuminate\\Routing\\Route), Object(Livewire\\Mechanisms\\HandleRequests\\HandleRequests), 'handleUpdate')
#25 /home3/elngbpzd/work.dia.ci/vendor/laravel/framework/src/Illuminate/Routing/Route.php(211): Illuminate\\Routing\\Route->runController()
#26 /home3/elngbpzd/work.dia.ci/vendor/laravel/framework/src/Illuminate/Routing/Router.php(808): Illuminate\\Routing\\Route->run()
#27 /home3/elngbpzd/work.dia.ci/vendor/laravel/framework/src/Illuminate/Pipeline/Pipeline.php(169): Illuminate\\Routing\\Router->Illuminate\\Routing\\{closure}(Object(Illuminate\\Http\\Request))
#28 /home3/elngbpzd/work.dia.ci/vendor/laravel/framework/src/Illuminate/Routing/Middleware/SubstituteBindings.php(50): Illuminate\\Pipeline\\Pipeline->Illuminate\\Pipeline\\{closure}(Object(Illuminate\\Http\\Request))
#29 /home3/elngbpzd/work.dia.ci/vendor/laravel/framework/src/Illuminate/Pipeline/Pipeline.php(208): Illuminate\\Routing\\Middleware\\SubstituteBindings->handle(Object(Illuminate\\Http\\Request), Object(Closure))
#30 /home3/elngbpzd/work.dia.ci/vendor/laravel/framework/src/Illuminate/Foundation/Http/Middleware/VerifyCsrfToken.php(87): Illuminate\\Pipeline\\Pipeline->Illuminate\\Pipeline\\{closure}(Object(Illuminate\\Http\\Request))
#31 /home3/elngbpzd/work.dia.ci/vendor/laravel/framework/src/Illuminate/Pipeline/Pipeline.php(208): Illuminate\\Foundation\\Http\\Middleware\\VerifyCsrfToken->handle(Object(Illuminate\\Http\\Request), Object(Closure))
#32 /home3/elngbpzd/work.dia.ci/vendor/laravel/framework/src/Illuminate/View/Middleware/ShareErrorsFromSession.php(48): Illuminate\\Pipeline\\Pipeline->Illuminate\\Pipeline\\{closure}(Object(Illuminate\\Http\\Request))
#33 /home3/elngbpzd/work.dia.ci/vendor/laravel/framework/src/Illuminate/Pipeline/Pipeline.php(208): Illuminate\\View\\Middleware\\ShareErrorsFromSession->handle(Object(Illuminate\\Http\\Request), Object(Closure))
#34 /home3/elngbpzd/work.dia.ci/vendor/laravel/framework/src/Illuminate/Session/Middleware/StartSession.php(120): Illuminate\\Pipeline\\Pipeline->Illuminate\\Pipeline\\{closure}(Object(Illuminate\\Http\\Request))
#35 /home3/elngbpzd/work.dia.ci/vendor/laravel/framework/src/Illuminate/Session/Middleware/StartSession.php(63): Illuminate\\Session\\Middleware\\StartSession->handleStatefulRequest(Object(Illuminate\\Http\\Request), Object(Illuminate\\Session\\Store), Object(Closure))
#36 /home3/elngbpzd/work.dia.ci/vendor/laravel/framework/src/Illuminate/Pipeline/Pipeline.php(208): Illuminate\\Session\\Middleware\\StartSession->handle(Object(Illuminate\\Http\\Request), Object(Closure))
#37 /home3/elngbpzd/work.dia.ci/vendor/laravel/framework/src/Illuminate/Cookie/Middleware/AddQueuedCookiesToResponse.php(36): Illuminate\\Pipeline\\Pipeline->Illuminate\\Pipeline\\{closure}(Object(Illuminate\\Http\\Request))
#38 /home3/elngbpzd/work.dia.ci/vendor/laravel/framework/src/Illuminate/Pipeline/Pipeline.php(208): Illuminate\\Cookie\\Middleware\\AddQueuedCookiesToResponse->handle(Object(Illuminate\\Http\\Request), Object(Closure))
#39 /home3/elngbpzd/work.dia.ci/vendor/laravel/framework/src/Illuminate/Cookie/Middleware/EncryptCookies.php(74): Illuminate\\Pipeline\\Pipeline->Illuminate\\Pipeline\\{closure}(Object(Illuminate\\Http\\Request))
#40 /home3/elngbpzd/work.dia.ci/vendor/laravel/framework/src/Illuminate/Pipeline/Pipeline.php(208): Illuminate\\Cookie\\Middleware\\EncryptCookies->handle(Object(Illuminate\\Http\\Request), Object(Closure))
#41 /home3/elngbpzd/work.dia.ci/vendor/laravel/framework/src/Illuminate/Pipeline/Pipeline.php(126): Illuminate\\Pipeline\\Pipeline->Illuminate\\Pipeline\\{closure}(Object(Illuminate\\Http\\Request))
#42 /home3/elngbpzd/work.dia.ci/vendor/laravel/framework/src/Illuminate/Routing/Router.php(807): Illuminate\\Pipeline\\Pipeline->then(Object(Closure))
#43 /home3/elngbpzd/work.dia.ci/vendor/laravel/framework/src/Illuminate/Routing/Router.php(786): Illuminate\\Routing\\Router->runRouteWithinStack(Object(Illuminate\\Routing\\Route), Object(Illuminate\\Http\\Request))
#44 /home3/elngbpzd/work.dia.ci/vendor/laravel/framework/src/Illuminate/Routing/Router.php(750): Illuminate\\Routing\\Router->runRoute(Object(Illuminate\\Http\\Request), Object(Illuminate\\Routing\\Route))
#45 /home3/elngbpzd/work.dia.ci/vendor/laravel/framework/src/Illuminate/Routing/Router.php(739): Illuminate\\Routing\\Router->dispatchToRoute(Object(Illuminate\\Http\\Request))
#46 /home3/elngbpzd/work.dia.ci/vendor/laravel/framework/src/Illuminate/Foundation/Http/Kernel.php(200): Illuminate\\Routing\\Router->dispatch(Object(Illuminate\\Http\\Request))
#47 /home3/elngbpzd/work.dia.ci/vendor/laravel/framework/src/Illuminate/Pipeline/Pipeline.php(169): Illuminate\\Foundation\\Http\\Kernel->Illuminate\\Foundation\\Http\\{closure}(Object(Illuminate\\Http\\Request))
#48 /home3/elngbpzd/work.dia.ci/vendor/livewire/livewire/src/Features/SupportDisablingBackButtonCache/DisableBackButtonCacheMiddleware.php(19): Illuminate\\Pipeline\\Pipeline->Illuminate\\Pipeline\\{closure}(Object(Illuminate\\Http\\Request))
#49 /home3/elngbpzd/work.dia.ci/vendor/laravel/framework/src/Illuminate/Pipeline/Pipeline.php(208): Livewire\\Features\\SupportDisablingBackButtonCache\\DisableBackButtonCacheMiddleware->handle(Object(Illuminate\\Http\\Request), Object(Closure))
#50 /home3/elngbpzd/work.dia.ci/vendor/laravel/framework/src/Illuminate/Foundation/Http/Middleware/ConvertEmptyStringsToNull.php(27): Illuminate\\Pipeline\\Pipeline->Illuminate\\Pipeline\\{closure}(Object(Illuminate\\Http\\Request))
#51 /home3/elngbpzd/work.dia.ci/vendor/laravel/framework/src/Illuminate/Pipeline/Pipeline.php(208): Illuminate\\Foundation\\Http\\Middleware\\ConvertEmptyStringsToNull->handle(Object(Illuminate\\Http\\Request), Object(Closure))
#52 /home3/elngbpzd/work.dia.ci/vendor/laravel/framework/src/Illuminate/Foundation/Http/Middleware/TrimStrings.php(47): Illuminate\\Pipeline\\Pipeline->Illuminate\\Pipeline\\{closure}(Object(Illuminate\\Http\\Request))
#53 /home3/elngbpzd/work.dia.ci/vendor/laravel/framework/src/Illuminate/Pipeline/Pipeline.php(208): Illuminate\\Foundation\\Http\\Middleware\\TrimStrings->handle(Object(Illuminate\\Http\\Request), Object(Closure))
#54 /home3/elngbpzd/work.dia.ci/vendor/laravel/framework/src/Illuminate/Http/Middleware/ValidatePostSize.php(27): Illuminate\\Pipeline\\Pipeline->Illuminate\\Pipeline\\{closure}(Object(Illuminate\\Http\\Request))
#55 /home3/elngbpzd/work.dia.ci/vendor/laravel/framework/src/Illuminate/Pipeline/Pipeline.php(208): Illuminate\\Http\\Middleware\\ValidatePostSize->handle(Object(Illuminate\\Http\\Request), Object(Closure))
#56 /home3/elngbpzd/work.dia.ci/vendor/laravel/framework/src/Illuminate/Foundation/Http/Middleware/PreventRequestsDuringMaintenance.php(109): Illuminate\\Pipeline\\Pipeline->Illuminate\\Pipeline\\{closure}(Object(Illuminate\\Http\\Request))
#57 /home3/elngbpzd/work.dia.ci/vendor/laravel/framework/src/Illuminate/Pipeline/Pipeline.php(208): Illuminate\\Foundation\\Http\\Middleware\\PreventRequestsDuringMaintenance->handle(Object(Illuminate\\Http\\Request), Object(Closure))
#58 /home3/elngbpzd/work.dia.ci/vendor/laravel/framework/src/Illuminate/Http/Middleware/HandleCors.php(48): Illuminate\\Pipeline\\Pipeline->Illuminate\\Pipeline\\{closure}(Object(Illuminate\\Http\\Request))
#59 /home3/elngbpzd/work.dia.ci/vendor/laravel/framework/src/Illuminate/Pipeline/Pipeline.php(208): Illuminate\\Http\\Middleware\\HandleCors->handle(Object(Illuminate\\Http\\Request), Object(Closure))
#60 /home3/elngbpzd/work.dia.ci/vendor/laravel/framework/src/Illuminate/Http/Middleware/TrustProxies.php(58): Illuminate\\Pipeline\\Pipeline->Illuminate\\Pipeline\\{closure}(Object(Illuminate\\Http\\Request))
#61 /home3/elngbpzd/work.dia.ci/vendor/laravel/framework/src/Illuminate/Pipeline/Pipeline.php(208): Illuminate\\Http\\Middleware\\TrustProxies->handle(Object(Illuminate\\Http\\Request), Object(Closure))
#62 /home3/elngbpzd/work.dia.ci/vendor/laravel/framework/src/Illuminate/Foundation/Http/Middleware/InvokeDeferredCallbacks.php(22): Illuminate\\Pipeline\\Pipeline->Illuminate\\Pipeline\\{closure}(Object(Illuminate\\Http\\Request))
#63 /home3/elngbpzd/work.dia.ci/vendor/laravel/framework/src/Illuminate/Pipeline/Pipeline.php(208): Illuminate\\Foundation\\Http\\Middleware\\InvokeDeferredCallbacks->handle(Object(Illuminate\\Http\\Request), Object(Closure))
#64 /home3/elngbpzd/work.dia.ci/vendor/laravel/framework/src/Illuminate/Http/Middleware/ValidatePathEncoding.php(26): Illuminate\\Pipeline\\Pipeline->Illuminate\\Pipeline\\{closure}(Object(Illuminate\\Http\\Request))
#65 /home3/elngbpzd/work.dia.ci/vendor/laravel/framework/src/Illuminate/Pipeline/Pipeline.php(208): Illuminate\\Http\\Middleware\\ValidatePathEncoding->handle(Object(Illuminate\\Http\\Request), Object(Closure))
#66 /home3/elngbpzd/work.dia.ci/vendor/laravel/framework/src/Illuminate/Pipeline/Pipeline.php(126): Illuminate\\Pipeline\\Pipeline->Illuminate\\Pipeline\\{closure}(Object(Illuminate\\Http\\Request))
#67 /home3/elngbpzd/work.dia.ci/vendor/laravel/framework/src/Illuminate/Foundation/Http/Kernel.php(175): Illuminate\\Pipeline\\Pipeline->then(Object(Closure))
#68 /home3/elngbpzd/work.dia.ci/vendor/laravel/framework/src/Illuminate/Foundation/Http/Kernel.php(144): Illuminate\\Foundation\\Http\\Kernel->sendRequestThroughRouter(Object(Illuminate\\Http\\Request))
#69 /home3/elngbpzd/work.dia.ci/vendor/laravel/framework/src/Illuminate/Foundation/Application.php(1219): Illuminate\\Foundation\\Http\\Kernel->handle(Object(Illuminate\\Http\\Request))
#70 /home3/elngbpzd/work.dia.ci/index.php(20): Illuminate\\Foundation\\Application->handleRequest(Object(Illuminate\\Http\\Request))
#71 {main}

[previous exception] [object] (Illuminate\\Database\\QueryException(code: 42S22): SQLSTATE[42S22]: Column not found: 1054 Unknown column 'employes_count' in 'ORDER BY' (Connection: mysql, SQL: select `plage_horaires`.*, (select count(*) from `jours` where `plage_horaires`.`id` = `jours`.`plage_horaire_id` and `jours`.`deleted_at` is null and `jours`.`entreprise_id` = 019751d3-48b7-7038-8fb2-6b6ac1d300ad) as `jours_count` from `plage_horaires` where `plage_horaires`.`entreprise_id` = 019751d3-48b7-7038-8fb2-6b6ac1d300ad order by `employes_count` asc limit 10 offset 0) at /home3/elngbpzd/work.dia.ci/vendor/laravel/framework/src/Illuminate/Database/Connection.php:822)
[stacktrace]
#0 /home3/elngbpzd/work.dia.ci/vendor/laravel/framework/src/Illuminate/Database/Connection.php(776): Illuminate\\Database\\Connection->runQueryCallback('select `plage_h...', Array, Object(Closure))
#1 /home3/elngbpzd/work.dia.ci/vendor/laravel/framework/src/Illuminate/Database/Connection.php(395): Illuminate\\Database\\Connection->run('select `plage_h...', Array, Object(Closure))
#2 /home3/elngbpzd/work.dia.ci/vendor/laravel/framework/src/Illuminate/Database/Query/Builder.php(3120): Illuminate\\Database\\Connection->select('select `plage_h...', Array, true)
#3 /home3/elngbpzd/work.dia.ci/vendor/laravel/framework/src/Illuminate/Database/Query/Builder.php(3105): Illuminate\\Database\\Query\\Builder->runSelect()
#4 /home3/elngbpzd/work.dia.ci/vendor/laravel/framework/src/Illuminate/Database/Query/Builder.php(3695): Illuminate\\Database\\Query\\Builder->Illuminate\\Database\\Query\\{closure}()
#5 /home3/elngbpzd/work.dia.ci/vendor/laravel/framework/src/Illuminate/Database/Query/Builder.php(3104): Illuminate\\Database\\Query\\Builder->onceWithColumns(Array, Object(Closure))
#6 /home3/elngbpzd/work.dia.ci/vendor/laravel/framework/src/Illuminate/Database/Eloquent/Builder.php(872): Illuminate\\Database\\Query\\Builder->get(Array)
#7 /home3/elngbpzd/work.dia.ci/vendor/laravel/framework/src/Illuminate/Database/Eloquent/Builder.php(854): Illuminate\\Database\\Eloquent\\Builder->getModels(Array)
#8 /home3/elngbpzd/work.dia.ci/vendor/laravel/framework/src/Illuminate/Database/Eloquent/Builder.php(1095): Illuminate\\Database\\Eloquent\\Builder->get(Array)
#9 /home3/elngbpzd/work.dia.ci/vendor/filament/tables/src/Concerns/CanPaginateRecords.php(37): Illuminate\\Database\\Eloquent\\Builder->paginate(10, Array, 'page', 1, 1)
#10 /home3/elngbpzd/work.dia.ci/vendor/filament/tables/src/Concerns/HasRecords.php(111): Filament\\Resources\\Pages\\ListRecords->paginateTableQuery(Object(Illuminate\\Database\\Eloquent\\Builder))
#11 /home3/elngbpzd/work.dia.ci/vendor/filament/tables/src/Table/Concerns/HasRecords.php(66): Filament\\Resources\\Pages\\ListRecords->getTableRecords()
#12 /home3/elngbpzd/work.dia.ci/storage/framework/views/214c544a94a5507404ff2242340d55d8.php(66): Filament\\Tables\\Table->getRecords()
#13 /home3/elngbpzd/work.dia.ci/vendor/livewire/livewire/src/Mechanisms/ExtendBlade/ExtendedCompilerEngine.php(37): include('/home3/elngbpzd...')
#14 /home3/elngbpzd/work.dia.ci/vendor/livewire/livewire/src/Mechanisms/ExtendBlade/ExtendedCompilerEngine.php(38): App\\Filament\\Resources\\PlageHoraireBaseResource\\Pages\\ListPlageHoraireBases->Livewire\\Mechanisms\\ExtendBlade\\{closure}()
#15 /home3/elngbpzd/work.dia.ci/vendor/laravel/framework/src/Illuminate/View/Engines/CompilerEngine.php(74): Livewire\\Mechanisms\\ExtendBlade\\ExtendedCompilerEngine->evaluatePath('/home3/elngbpzd...', Array)
#16 /home3/elngbpzd/work.dia.ci/vendor/livewire/livewire/src/Mechanisms/ExtendBlade/ExtendedCompilerEngine.php(16): Illuminate\\View\\Engines\\CompilerEngine->get('/home3/elngbpzd...', Array)
#17 /home3/elngbpzd/work.dia.ci/vendor/laravel/framework/src/Illuminate/View/View.php(208): Livewire\\Mechanisms\\ExtendBlade\\ExtendedCompilerEngine->get('/home3/elngbpzd...', Array)
#18 /home3/elngbpzd/work.dia.ci/vendor/laravel/framework/src/Illuminate/View/View.php(191): Illuminate\\View\\View->getContents()
#19 /home3/elngbpzd/work.dia.ci/vendor/laravel/framework/src/Illuminate/View/View.php(160): Illuminate\\View\\View->renderContents()
#20 /home3/elngbpzd/work.dia.ci/vendor/filament/support/src/Components/ViewComponent.php(115): Illuminate\\View\\View->render()
#21 /home3/elngbpzd/work.dia.ci/vendor/laravel/framework/src/Illuminate/Support/helpers.php(134): Filament\\Support\\Components\\ViewComponent->toHtml()
#22 /home3/elngbpzd/work.dia.ci/storage/framework/views/997005b9a04b8fc3954abb3e497ab51c.php(42): e(Object(Filament\\Tables\\Table))
#23 /home3/elngbpzd/work.dia.ci/vendor/livewire/livewire/src/Mechanisms/ExtendBlade/ExtendedCompilerEngine.php(37): include('/home3/elngbpzd...')
#24 /home3/elngbpzd/work.dia.ci/vendor/livewire/livewire/src/Mechanisms/ExtendBlade/ExtendedCompilerEngine.php(38): App\\Filament\\Resources\\PlageHoraireBaseResource\\Pages\\ListPlageHoraireBases->Livewire\\Mechanisms\\ExtendBlade\\{closure}()
#25 /home3/elngbpzd/work.dia.ci/vendor/laravel/framework/src/Illuminate/View/Engines/CompilerEngine.php(74): Livewire\\Mechanisms\\ExtendBlade\\ExtendedCompilerEngine->evaluatePath('/home3/elngbpzd...', Array)
#26 /home3/elngbpzd/work.dia.ci/vendor/livewire/livewire/src/Mechanisms/ExtendBlade/ExtendedCompilerEngine.php(16): Illuminate\\View\\Engines\\CompilerEngine->get('/home3/elngbpzd...', Array)
#27 /home3/elngbpzd/work.dia.ci/vendor/laravel/framework/src/Illuminate/View/View.php(208): Livewire\\Mechanisms\\ExtendBlade\\ExtendedCompilerEngine->get('/home3/elngbpzd...', Array)
#28 /home3/elngbpzd/work.dia.ci/vendor/laravel/framework/src/Illuminate/View/View.php(191): Illuminate\\View\\View->getContents()
#29 /home3/elngbpzd/work.dia.ci/vendor/laravel/framework/src/Illuminate/View/View.php(160): Illuminate\\View\\View->renderContents()
#30 /home3/elngbpzd/work.dia.ci/vendor/livewire/livewire/src/Mechanisms/HandleComponents/HandleComponents.php(241): Illuminate\\View\\View->render(Object(Closure))
#31 /home3/elngbpzd/work.dia.ci/vendor/livewire/livewire/src/Mechanisms/HandleComponents/HandleComponents.php(285): Livewire\\Mechanisms\\HandleComponents\\HandleComponents->Livewire\\Mechanisms\\HandleComponents\\{closure}()
#32 /home3/elngbpzd/work.dia.ci/vendor/livewire/livewire/src/Mechanisms/HandleComponents/HandleComponents.php(233): Livewire\\Mechanisms\\HandleComponents\\HandleComponents->trackInRenderStack(Object(App\\Filament\\Resources\\PlageHoraireBaseResource\\Pages\\ListPlageHoraireBases), Object(Closure))
#33 /home3/elngbpzd/work.dia.ci/vendor/livewire/livewire/src/Mechanisms/HandleComponents/HandleComponents.php(104): Livewire\\Mechanisms\\HandleComponents\\HandleComponents->render(Object(App\\Filament\\Resources\\PlageHoraireBaseResource\\Pages\\ListPlageHoraireBases))
#34 /home3/elngbpzd/work.dia.ci/vendor/livewire/livewire/src/LivewireManager.php(102): Livewire\\Mechanisms\\HandleComponents\\HandleComponents->update(Array, Array, Array)
#35 /home3/elngbpzd/work.dia.ci/vendor/livewire/livewire/src/Mechanisms/HandleRequests/HandleRequests.php(94): Livewire\\LivewireManager->update(Array, Array, Array)
#36 /home3/elngbpzd/work.dia.ci/vendor/laravel/framework/src/Illuminate/Routing/ControllerDispatcher.php(46): Livewire\\Mechanisms\\HandleRequests\\HandleRequests->handleUpdate()
#37 /home3/elngbpzd/work.dia.ci/vendor/laravel/framework/src/Illuminate/Routing/Route.php(265): Illuminate\\Routing\\ControllerDispatcher->dispatch(Object(Illuminate\\Routing\\Route), Object(Livewire\\Mechanisms\\HandleRequests\\HandleRequests), 'handleUpdate')
#38 /home3/elngbpzd/work.dia.ci/vendor/laravel/framework/src/Illuminate/Routing/Route.php(211): Illuminate\\Routing\\Route->runController()
#39 /home3/elngbpzd/work.dia.ci/vendor/laravel/framework/src/Illuminate/Routing/Router.php(808): Illuminate\\Routing\\Route->run()
#40 /home3/elngbpzd/work.dia.ci/vendor/laravel/framework/src/Illuminate/Pipeline/Pipeline.php(169): Illuminate\\Routing\\Router->Illuminate\\Routing\\{closure}(Object(Illuminate\\Http\\Request))
#41 /home3/elngbpzd/work.dia.ci/vendor/laravel/framework/src/Illuminate/Routing/Middleware/SubstituteBindings.php(50): Illuminate\\Pipeline\\Pipeline->Illuminate\\Pipeline\\{closure}(Object(Illuminate\\Http\\Request))
#42 /home3/elngbpzd/work.dia.ci/vendor/laravel/framework/src/Illuminate/Pipeline/Pipeline.php(208): Illuminate\\Routing\\Middleware\\SubstituteBindings->handle(Object(Illuminate\\Http\\Request), Object(Closure))
#43 /home3/elngbpzd/work.dia.ci/vendor/laravel/framework/src/Illuminate/Foundation/Http/Middleware/VerifyCsrfToken.php(87): Illuminate\\Pipeline\\Pipeline->Illuminate\\Pipeline\\{closure}(Object(Illuminate\\Http\\Request))
#44 /home3/elngbpzd/work.dia.ci/vendor/laravel/framework/src/Illuminate/Pipeline/Pipeline.php(208): Illuminate\\Foundation\\Http\\Middleware\\VerifyCsrfToken->handle(Object(Illuminate\\Http\\Request), Object(Closure))
#45 /home3/elngbpzd/work.dia.ci/vendor/laravel/framework/src/Illuminate/View/Middleware/ShareErrorsFromSession.php(48): Illuminate\\Pipeline\\Pipeline->Illuminate\\Pipeline\\{closure}(Object(Illuminate\\Http\\Request))
#46 /home3/elngbpzd/work.dia.ci/vendor/laravel/framework/src/Illuminate/Pipeline/Pipeline.php(208): Illuminate\\View\\Middleware\\ShareErrorsFromSession->handle(Object(Illuminate\\Http\\Request), Object(Closure))
#47 /home3/elngbpzd/work.dia.ci/vendor/laravel/framework/src/Illuminate/Session/Middleware/StartSession.php(120): Illuminate\\Pipeline\\Pipeline->Illuminate\\Pipeline\\{closure}(Object(Illuminate\\Http\\Request))
#48 /home3/elngbpzd/work.dia.ci/vendor/laravel/framework/src/Illuminate/Session/Middleware/StartSession.php(63): Illuminate\\Session\\Middleware\\StartSession->handleStatefulRequest(Object(Illuminate\\Http\\Request), Object(Illuminate\\Session\\Store), Object(Closure))
#49 /home3/elngbpzd/work.dia.ci/vendor/laravel/framework/src/Illuminate/Pipeline/Pipeline.php(208): Illuminate\\Session\\Middleware\\StartSession->handle(Object(Illuminate\\Http\\Request), Object(Closure))
#50 /home3/elngbpzd/work.dia.ci/vendor/laravel/framework/src/Illuminate/Cookie/Middleware/AddQueuedCookiesToResponse.php(36): Illuminate\\Pipeline\\Pipeline->Illuminate\\Pipeline\\{closure}(Object(Illuminate\\Http\\Request))
#51 /home3/elngbpzd/work.dia.ci/vendor/laravel/framework/src/Illuminate/Pipeline/Pipeline.php(208): Illuminate\\Cookie\\Middleware\\AddQueuedCookiesToResponse->handle(Object(Illuminate\\Http\\Request), Object(Closure))
#52 /home3/elngbpzd/work.dia.ci/vendor/laravel/framework/src/Illuminate/Cookie/Middleware/EncryptCookies.php(74): Illuminate\\Pipeline\\Pipeline->Illuminate\\Pipeline\\{closure}(Object(Illuminate\\Http\\Request))
#53 /home3/elngbpzd/work.dia.ci/vendor/laravel/framework/src/Illuminate/Pipeline/Pipeline.php(208): Illuminate\\Cookie\\Middleware\\EncryptCookies->handle(Object(Illuminate\\Http\\Request), Object(Closure))
#54 /home3/elngbpzd/work.dia.ci/vendor/laravel/framework/src/Illuminate/Pipeline/Pipeline.php(126): Illuminate\\Pipeline\\Pipeline->Illuminate\\Pipeline\\{closure}(Object(Illuminate\\Http\\Request))
#55 /home3/elngbpzd/work.dia.ci/vendor/laravel/framework/src/Illuminate/Routing/Router.php(807): Illuminate\\Pipeline\\Pipeline->then(Object(Closure))
#56 /home3/elngbpzd/work.dia.ci/vendor/laravel/framework/src/Illuminate/Routing/Router.php(786): Illuminate\\Routing\\Router->runRouteWithinStack(Object(Illuminate\\Routing\\Route), Object(Illuminate\\Http\\Request))
#57 /home3/elngbpzd/work.dia.ci/vendor/laravel/framework/src/Illuminate/Routing/Router.php(750): Illuminate\\Routing\\Router->runRoute(Object(Illuminate\\Http\\Request), Object(Illuminate\\Routing\\Route))
#58 /home3/elngbpzd/work.dia.ci/vendor/laravel/framework/src/Illuminate/Routing/Router.php(739): Illuminate\\Routing\\Router->dispatchToRoute(Object(Illuminate\\Http\\Request))
#59 /home3/elngbpzd/work.dia.ci/vendor/laravel/framework/src/Illuminate/Foundation/Http/Kernel.php(200): Illuminate\\Routing\\Router->dispatch(Object(Illuminate\\Http\\Request))
#60 /home3/elngbpzd/work.dia.ci/vendor/laravel/framework/src/Illuminate/Pipeline/Pipeline.php(169): Illuminate\\Foundation\\Http\\Kernel->Illuminate\\Foundation\\Http\\{closure}(Object(Illuminate\\Http\\Request))
#61 /home3/elngbpzd/work.dia.ci/vendor/livewire/livewire/src/Features/SupportDisablingBackButtonCache/DisableBackButtonCacheMiddleware.php(19): Illuminate\\Pipeline\\Pipeline->Illuminate\\Pipeline\\{closure}(Object(Illuminate\\Http\\Request))
#62 /home3/elngbpzd/work.dia.ci/vendor/laravel/framework/src/Illuminate/Pipeline/Pipeline.php(208): Livewire\\Features\\SupportDisablingBackButtonCache\\DisableBackButtonCacheMiddleware->handle(Object(Illuminate\\Http\\Request), Object(Closure))
#63 /home3/elngbpzd/work.dia.ci/vendor/laravel/framework/src/Illuminate/Foundation/Http/Middleware/ConvertEmptyStringsToNull.php(27): Illuminate\\Pipeline\\Pipeline->Illuminate\\Pipeline\\{closure}(Object(Illuminate\\Http\\Request))
#64 /home3/elngbpzd/work.dia.ci/vendor/laravel/framework/src/Illuminate/Pipeline/Pipeline.php(208): Illuminate\\Foundation\\Http\\Middleware\\ConvertEmptyStringsToNull->handle(Object(Illuminate\\Http\\Request), Object(Closure))
#65 /home3/elngbpzd/work.dia.ci/vendor/laravel/framework/src/Illuminate/Foundation/Http/Middleware/TrimStrings.php(47): Illuminate\\Pipeline\\Pipeline->Illuminate\\Pipeline\\{closure}(Object(Illuminate\\Http\\Request))
#66 /home3/elngbpzd/work.dia.ci/vendor/laravel/framework/src/Illuminate/Pipeline/Pipeline.php(208): Illuminate\\Foundation\\Http\\Middleware\\TrimStrings->handle(Object(Illuminate\\Http\\Request), Object(Closure))
#67 /home3/elngbpzd/work.dia.ci/vendor/laravel/framework/src/Illuminate/Http/Middleware/ValidatePostSize.php(27): Illuminate\\Pipeline\\Pipeline->Illuminate\\Pipeline\\{closure}(Object(Illuminate\\Http\\Request))
#68 /home3/elngbpzd/work.dia.ci/vendor/laravel/framework/src/Illuminate/Pipeline/Pipeline.php(208): Illuminate\\Http\\Middleware\\ValidatePostSize->handle(Object(Illuminate\\Http\\Request), Object(Closure))
#69 /home3/elngbpzd/work.dia.ci/vendor/laravel/framework/src/Illuminate/Foundation/Http/Middleware/PreventRequestsDuringMaintenance.php(109): Illuminate\\Pipeline\\Pipeline->Illuminate\\Pipeline\\{closure}(Object(Illuminate\\Http\\Request))
#70 /home3/elngbpzd/work.dia.ci/vendor/laravel/framework/src/Illuminate/Pipeline/Pipeline.php(208): Illuminate\\Foundation\\Http\\Middleware\\PreventRequestsDuringMaintenance->handle(Object(Illuminate\\Http\\Request), Object(Closure))
#71 /home3/elngbpzd/work.dia.ci/vendor/laravel/framework/src/Illuminate/Http/Middleware/HandleCors.php(48): Illuminate\\Pipeline\\Pipeline->Illuminate\\Pipeline\\{closure}(Object(Illuminate\\Http\\Request))
#72 /home3/elngbpzd/work.dia.ci/vendor/laravel/framework/src/Illuminate/Pipeline/Pipeline.php(208): Illuminate\\Http\\Middleware\\HandleCors->handle(Object(Illuminate\\Http\\Request), Object(Closure))
#73 /home3/elngbpzd/work.dia.ci/vendor/laravel/framework/src/Illuminate/Http/Middleware/TrustProxies.php(58): Illuminate\\Pipeline\\Pipeline->Illuminate\\Pipeline\\{closure}(Object(Illuminate\\Http\\Request))
#74 /home3/elngbpzd/work.dia.ci/vendor/laravel/framework/src/Illuminate/Pipeline/Pipeline.php(208): Illuminate\\Http\\Middleware\\TrustProxies->handle(Object(Illuminate\\Http\\Request), Object(Closure))
#75 /home3/elngbpzd/work.dia.ci/vendor/laravel/framework/src/Illuminate/Foundation/Http/Middleware/InvokeDeferredCallbacks.php(22): Illuminate\\Pipeline\\Pipeline->Illuminate\\Pipeline\\{closure}(Object(Illuminate\\Http\\Request))
#76 /home3/elngbpzd/work.dia.ci/vendor/laravel/framework/src/Illuminate/Pipeline/Pipeline.php(208): Illuminate\\Foundation\\Http\\Middleware\\InvokeDeferredCallbacks->handle(Object(Illuminate\\Http\\Request), Object(Closure))
#77 /home3/elngbpzd/work.dia.ci/vendor/laravel/framework/src/Illuminate/Http/Middleware/ValidatePathEncoding.php(26): Illuminate\\Pipeline\\Pipeline->Illuminate\\Pipeline\\{closure}(Object(Illuminate\\Http\\Request))
#78 /home3/elngbpzd/work.dia.ci/vendor/laravel/framework/src/Illuminate/Pipeline/Pipeline.php(208): Illuminate\\Http\\Middleware\\ValidatePathEncoding->handle(Object(Illuminate\\Http\\Request), Object(Closure))
#79 /home3/elngbpzd/work.dia.ci/vendor/laravel/framework/src/Illuminate/Pipeline/Pipeline.php(126): Illuminate\\Pipeline\\Pipeline->Illuminate\\Pipeline\\{closure}(Object(Illuminate\\Http\\Request))
#80 /home3/elngbpzd/work.dia.ci/vendor/laravel/framework/src/Illuminate/Foundation/Http/Kernel.php(175): Illuminate\\Pipeline\\Pipeline->then(Object(Closure))
#81 /home3/elngbpzd/work.dia.ci/vendor/laravel/framework/src/Illuminate/Foundation/Http/Kernel.php(144): Illuminate\\Foundation\\Http\\Kernel->sendRequestThroughRouter(Object(Illuminate\\Http\\Request))
#82 /home3/elngbpzd/work.dia.ci/vendor/laravel/framework/src/Illuminate/Foundation/Application.php(1219): Illuminate\\Foundation\\Http\\Kernel->handle(Object(Illuminate\\Http\\Request))
#83 /home3/elngbpzd/work.dia.ci/index.php(20): Illuminate\\Foundation\\Application->handleRequest(Object(Illuminate\\Http\\Request))
#84 {main}

[previous exception] [object] (PDOException(code: 42S22): SQLSTATE[42S22]: Column not found: 1054 Unknown column 'employes_count' in 'ORDER BY' at /home3/elngbpzd/work.dia.ci/vendor/laravel/framework/src/Illuminate/Database/Connection.php:404)
[stacktrace]
#0 /home3/elngbpzd/work.dia.ci/vendor/laravel/framework/src/Illuminate/Database/Connection.php(404): PDO->prepare('select `plage_h...')
#1 /home3/elngbpzd/work.dia.ci/vendor/laravel/framework/src/Illuminate/Database/Connection.php(809): Illuminate\\Database\\Connection->Illuminate\\Database\\{closure}('select `plage_h...', Array)
#2 /home3/elngbpzd/work.dia.ci/vendor/laravel/framework/src/Illuminate/Database/Connection.php(776): Illuminate\\Database\\Connection->runQueryCallback('select `plage_h...', Array, Object(Closure))
#3 /home3/elngbpzd/work.dia.ci/vendor/laravel/framework/src/Illuminate/Database/Connection.php(395): Illuminate\\Database\\Connection->run('select `plage_h...', Array, Object(Closure))
#4 /home3/elngbpzd/work.dia.ci/vendor/laravel/framework/src/Illuminate/Database/Query/Builder.php(3120): Illuminate\\Database\\Connection->select('select `plage_h...', Array, true)
#5 /home3/elngbpzd/work.dia.ci/vendor/laravel/framework/src/Illuminate/Database/Query/Builder.php(3105): Illuminate\\Database\\Query\\Builder->runSelect()
#6 /home3/elngbpzd/work.dia.ci/vendor/laravel/framework/src/Illuminate/Database/Query/Builder.php(3695): Illuminate\\Database\\Query\\Builder->Illuminate\\Database\\Query\\{closure}()
#7 /home3/elngbpzd/work.dia.ci/vendor/laravel/framework/src/Illuminate/Database/Query/Builder.php(3104): Illuminate\\Database\\Query\\Builder->onceWithColumns(Array, Object(Closure))
#8 /home3/elngbpzd/work.dia.ci/vendor/laravel/framework/src/Illuminate/Database/Eloquent/Builder.php(872): Illuminate\\Database\\Query\\Builder->get(Array)
#9 /home3/elngbpzd/work.dia.ci/vendor/laravel/framework/src/Illuminate/Database/Eloquent/Builder.php(854): Illuminate\\Database\\Eloquent\\Builder->getModels(Array)
#10 /home3/elngbpzd/work.dia.ci/vendor/laravel/framework/src/Illuminate/Database/Eloquent/Builder.php(1095): Illuminate\\Database\\Eloquent\\Builder->get(Array)
#11 /home3/elngbpzd/work.dia.ci/vendor/filament/tables/src/Concerns/CanPaginateRecords.php(37): Illuminate\\Database\\Eloquent\\Builder->paginate(10, Array, 'page', 1, 1)
#12 /home3/elngbpzd/work.dia.ci/vendor/filament/tables/src/Concerns/HasRecords.php(111): Filament\\Resources\\Pages\\ListRecords->paginateTableQuery(Object(Illuminate\\Database\\Eloquent\\Builder))
#13 /home3/elngbpzd/work.dia.ci/vendor/filament/tables/src/Table/Concerns/HasRecords.php(66): Filament\\Resources\\Pages\\ListRecords->getTableRecords()
#14 /home3/elngbpzd/work.dia.ci/storage/framework/views/214c544a94a5507404ff2242340d55d8.php(66): Filament\\Tables\\Table->getRecords()
#15 /home3/elngbpzd/work.dia.ci/vendor/livewire/livewire/src/Mechanisms/ExtendBlade/ExtendedCompilerEngine.php(37): include('/home3/elngbpzd...')
#16 /home3/elngbpzd/work.dia.ci/vendor/livewire/livewire/src/Mechanisms/ExtendBlade/ExtendedCompilerEngine.php(38): App\\Filament\\Resources\\PlageHoraireBaseResource\\Pages\\ListPlageHoraireBases->Livewire\\Mechanisms\\ExtendBlade\\{closure}()
#17 /home3/elngbpzd/work.dia.ci/vendor/laravel/framework/src/Illuminate/View/Engines/CompilerEngine.php(74): Livewire\\Mechanisms\\ExtendBlade\\ExtendedCompilerEngine->evaluatePath('/home3/elngbpzd...', Array)
#18 /home3/elngbpzd/work.dia.ci/vendor/livewire/livewire/src/Mechanisms/ExtendBlade/ExtendedCompilerEngine.php(16): Illuminate\\View\\Engines\\CompilerEngine->get('/home3/elngbpzd...', Array)
#19 /home3/elngbpzd/work.dia.ci/vendor/laravel/framework/src/Illuminate/View/View.php(208): Livewire\\Mechanisms\\ExtendBlade\\ExtendedCompilerEngine->get('/home3/elngbpzd...', Array)
#20 /home3/elngbpzd/work.dia.ci/vendor/laravel/framework/src/Illuminate/View/View.php(191): Illuminate\\View\\View->getContents()
#21 /home3/elngbpzd/work.dia.ci/vendor/laravel/framework/src/Illuminate/View/View.php(160): Illuminate\\View\\View->renderContents()
#22 /home3/elngbpzd/work.dia.ci/vendor/filament/support/src/Components/ViewComponent.php(115): Illuminate\\View\\View->render()
#23 /home3/elngbpzd/work.dia.ci/vendor/laravel/framework/src/Illuminate/Support/helpers.php(134): Filament\\Support\\Components\\ViewComponent->toHtml()
#24 /home3/elngbpzd/work.dia.ci/storage/framework/views/997005b9a04b8fc3954abb3e497ab51c.php(42): e(Object(Filament\\Tables\\Table))
#25 /home3/elngbpzd/work.dia.ci/vendor/livewire/livewire/src/Mechanisms/ExtendBlade/ExtendedCompilerEngine.php(37): include('/home3/elngbpzd...')
#26 /home3/elngbpzd/work.dia.ci/vendor/livewire/livewire/src/Mechanisms/ExtendBlade/ExtendedCompilerEngine.php(38): App\\Filament\\Resources\\PlageHoraireBaseResource\\Pages\\ListPlageHoraireBases->Livewire\\Mechanisms\\ExtendBlade\\{closure}()
#27 /home3/elngbpzd/work.dia.ci/vendor/laravel/framework/src/Illuminate/View/Engines/CompilerEngine.php(74): Livewire\\Mechanisms\\ExtendBlade\\ExtendedCompilerEngine->evaluatePath('/home3/elngbpzd...', Array)
#28 /home3/elngbpzd/work.dia.ci/vendor/livewire/livewire/src/Mechanisms/ExtendBlade/ExtendedCompilerEngine.php(16): Illuminate\\View\\Engines\\CompilerEngine->get('/home3/elngbpzd...', Array)
#29 /home3/elngbpzd/work.dia.ci/vendor/laravel/framework/src/Illuminate/View/View.php(208): Livewire\\Mechanisms\\ExtendBlade\\ExtendedCompilerEngine->get('/home3/elngbpzd...', Array)
#30 /home3/elngbpzd/work.dia.ci/vendor/laravel/framework/src/Illuminate/View/View.php(191): Illuminate\\View\\View->getContents()
#31 /home3/elngbpzd/work.dia.ci/vendor/laravel/framework/src/Illuminate/View/View.php(160): Illuminate\\View\\View->renderContents()
#32 /home3/elngbpzd/work.dia.ci/vendor/livewire/livewire/src/Mechanisms/HandleComponents/HandleComponents.php(241): Illuminate\\View\\View->render(Object(Closure))
#33 /home3/elngbpzd/work.dia.ci/vendor/livewire/livewire/src/Mechanisms/HandleComponents/HandleComponents.php(285): Livewire\\Mechanisms\\HandleComponents\\HandleComponents->Livewire\\Mechanisms\\HandleComponents\\{closure}()
#34 /home3/elngbpzd/work.dia.ci/vendor/livewire/livewire/src/Mechanisms/HandleComponents/HandleComponents.php(233): Livewire\\Mechanisms\\HandleComponents\\HandleComponents->trackInRenderStack(Object(App\\Filament\\Resources\\PlageHoraireBaseResource\\Pages\\ListPlageHoraireBases), Object(Closure))
#35 /home3/elngbpzd/work.dia.ci/vendor/livewire/livewire/src/Mechanisms/HandleComponents/HandleComponents.php(104): Livewire\\Mechanisms\\HandleComponents\\HandleComponents->render(Object(App\\Filament\\Resources\\PlageHoraireBaseResource\\Pages\\ListPlageHoraireBases))
#36 /home3/elngbpzd/work.dia.ci/vendor/livewire/livewire/src/LivewireManager.php(102): Livewire\\Mechanisms\\HandleComponents\\HandleComponents->update(Array, Array, Array)
#37 /home3/elngbpzd/work.dia.ci/vendor/livewire/livewire/src/Mechanisms/HandleRequests/HandleRequests.php(94): Livewire\\LivewireManager->update(Array, Array, Array)
#38 /home3/elngbpzd/work.dia.ci/vendor/laravel/framework/src/Illuminate/Routing/ControllerDispatcher.php(46): Livewire\\Mechanisms\\HandleRequests\\HandleRequests->handleUpdate()
#39 /home3/elngbpzd/work.dia.ci/vendor/laravel/framework/src/Illuminate/Routing/Route.php(265): Illuminate\\Routing\\ControllerDispatcher->dispatch(Object(Illuminate\\Routing\\Route), Object(Livewire\\Mechanisms\\HandleRequests\\HandleRequests), 'handleUpdate')
#40 /home3/elngbpzd/work.dia.ci/vendor/laravel/framework/src/Illuminate/Routing/Route.php(211): Illuminate\\Routing\\Route->runController()
#41 /home3/elngbpzd/work.dia.ci/vendor/laravel/framework/src/Illuminate/Routing/Router.php(808): Illuminate\\Routing\\Route->run()
#42 /home3/elngbpzd/work.dia.ci/vendor/laravel/framework/src/Illuminate/Pipeline/Pipeline.php(169): Illuminate\\Routing\\Router->Illuminate\\Routing\\{closure}(Object(Illuminate\\Http\\Request))
#43 /home3/elngbpzd/work.dia.ci/vendor/laravel/framework/src/Illuminate/Routing/Middleware/SubstituteBindings.php(50): Illuminate\\Pipeline\\Pipeline->Illuminate\\Pipeline\\{closure}(Object(Illuminate\\Http\\Request))
#44 /home3/elngbpzd/work.dia.ci/vendor/laravel/framework/src/Illuminate/Pipeline/Pipeline.php(208): Illuminate\\Routing\\Middleware\\SubstituteBindings->handle(Object(Illuminate\\Http\\Request), Object(Closure))
#45 /home3/elngbpzd/work.dia.ci/vendor/laravel/framework/src/Illuminate/Foundation/Http/Middleware/VerifyCsrfToken.php(87): Illuminate\\Pipeline\\Pipeline->Illuminate\\Pipeline\\{closure}(Object(Illuminate\\Http\\Request))
#46 /home3/elngbpzd/work.dia.ci/vendor/laravel/framework/src/Illuminate/Pipeline/Pipeline.php(208): Illuminate\\Foundation\\Http\\Middleware\\VerifyCsrfToken->handle(Object(Illuminate\\Http\\Request), Object(Closure))
#47 /home3/elngbpzd/work.dia.ci/vendor/laravel/framework/src/Illuminate/View/Middleware/ShareErrorsFromSession.php(48): Illuminate\\Pipeline\\Pipeline->Illuminate\\Pipeline\\{closure}(Object(Illuminate\\Http\\Request))
#48 /home3/elngbpzd/work.dia.ci/vendor/laravel/framework/src/Illuminate/Pipeline/Pipeline.php(208): Illuminate\\View\\Middleware\\ShareErrorsFromSession->handle(Object(Illuminate\\Http\\Request), Object(Closure))
#49 /home3/elngbpzd/work.dia.ci/vendor/laravel/framework/src/Illuminate/Session/Middleware/StartSession.php(120): Illuminate\\Pipeline\\Pipeline->Illuminate\\Pipeline\\{closure}(Object(Illuminate\\Http\\Request))
#50 /home3/elngbpzd/work.dia.ci/vendor/laravel/framework/src/Illuminate/Session/Middleware/StartSession.php(63): Illuminate\\Session\\Middleware\\StartSession->handleStatefulRequest(Object(Illuminate\\Http\\Request), Object(Illuminate\\Session\\Store), Object(Closure))
#51 /home3/elngbpzd/work.dia.ci/vendor/laravel/framework/src/Illuminate/Pipeline/Pipeline.php(208): Illuminate\\Session\\Middleware\\StartSession->handle(Object(Illuminate\\Http\\Request), Object(Closure))
#52 /home3/elngbpzd/work.dia.ci/vendor/laravel/framework/src/Illuminate/Cookie/Middleware/AddQueuedCookiesToResponse.php(36): Illuminate\\Pipeline\\Pipeline->Illuminate\\Pipeline\\{closure}(Object(Illuminate\\Http\\Request))
#53 /home3/elngbpzd/work.dia.ci/vendor/laravel/framework/src/Illuminate/Pipeline/Pipeline.php(208): Illuminate\\Cookie\\Middleware\\AddQueuedCookiesToResponse->handle(Object(Illuminate\\Http\\Request), Object(Closure))
#54 /home3/elngbpzd/work.dia.ci/vendor/laravel/framework/src/Illuminate/Cookie/Middleware/EncryptCookies.php(74): Illuminate\\Pipeline\\Pipeline->Illuminate\\Pipeline\\{closure}(Object(Illuminate\\Http\\Request))
#55 /home3/elngbpzd/work.dia.ci/vendor/laravel/framework/src/Illuminate/Pipeline/Pipeline.php(208): Illuminate\\Cookie\\Middleware\\EncryptCookies->handle(Object(Illuminate\\Http\\Request), Object(Closure))
#56 /home3/elngbpzd/work.dia.ci/vendor/laravel/framework/src/Illuminate/Pipeline/Pipeline.php(126): Illuminate\\Pipeline\\Pipeline->Illuminate\\Pipeline\\{closure}(Object(Illuminate\\Http\\Request))
#57 /home3/elngbpzd/work.dia.ci/vendor/laravel/framework/src/Illuminate/Routing/Router.php(807): Illuminate\\Pipeline\\Pipeline->then(Object(Closure))
#58 /home3/elngbpzd/work.dia.ci/vendor/laravel/framework/src/Illuminate/Routing/Router.php(786): Illuminate\\Routing\\Router->runRouteWithinStack(Object(Illuminate\\Routing\\Route), Object(Illuminate\\Http\\Request))
#59 /home3/elngbpzd/work.dia.ci/vendor/laravel/framework/src/Illuminate/Routing/Router.php(750): Illuminate\\Routing\\Router->runRoute(Object(Illuminate\\Http\\Request), Object(Illuminate\\Routing\\Route))
#60 /home3/elngbpzd/work.dia.ci/vendor/laravel/framework/src/Illuminate/Routing/Router.php(739): Illuminate\\Routing\\Router->dispatchToRoute(Object(Illuminate\\Http\\Request))
#61 /home3/elngbpzd/work.dia.ci/vendor/laravel/framework/src/Illuminate/Foundation/Http/Kernel.php(200): Illuminate\\Routing\\Router->dispatch(Object(Illuminate\\Http\\Request))
#62 /home3/elngbpzd/work.dia.ci/vendor/laravel/framework/src/Illuminate/Pipeline/Pipeline.php(169): Illuminate\\Foundation\\Http\\Kernel->Illuminate\\Foundation\\Http\\{closure}(Object(Illuminate\\Http\\Request))
#63 /home3/elngbpzd/work.dia.ci/vendor/livewire/livewire/src/Features/SupportDisablingBackButtonCache/DisableBackButtonCacheMiddleware.php(19): Illuminate\\Pipeline\\Pipeline->Illuminate\\Pipeline\\{closure}(Object(Illuminate\\Http\\Request))
#64 /home3/elngbpzd/work.dia.ci/vendor/laravel/framework/src/Illuminate/Pipeline/Pipeline.php(208): Livewire\\Features\\SupportDisablingBackButtonCache\\DisableBackButtonCacheMiddleware->handle(Object(Illuminate\\Http\\Request), Object(Closure))
#65 /home3/elngbpzd/work.dia.ci/vendor/laravel/framework/src/Illuminate/Foundation/Http/Middleware/ConvertEmptyStringsToNull.php(27): Illuminate\\Pipeline\\Pipeline->Illuminate\\Pipeline\\{closure}(Object(Illuminate\\Http\\Request))
#66 /home3/elngbpzd/work.dia.ci/vendor/laravel/framework/src/Illuminate/Pipeline/Pipeline.php(208): Illuminate\\Foundation\\Http\\Middleware\\ConvertEmptyStringsToNull->handle(Object(Illuminate\\Http\\Request), Object(Closure))
#67 /home3/elngbpzd/work.dia.ci/vendor/laravel/framework/src/Illuminate/Foundation/Http/Middleware/TrimStrings.php(47): Illuminate\\Pipeline\\Pipeline->Illuminate\\Pipeline\\{closure}(Object(Illuminate\\Http\\Request))
#68 /home3/elngbpzd/work.dia.ci/vendor/laravel/framework/src/Illuminate/Pipeline/Pipeline.php(208): Illuminate\\Foundation\\Http\\Middleware\\TrimStrings->handle(Object(Illuminate\\Http\\Request), Object(Closure))
#69 /home3/elngbpzd/work.dia.ci/vendor/laravel/framework/src/Illuminate/Http/Middleware/ValidatePostSize.php(27): Illuminate\\Pipeline\\Pipeline->Illuminate\\Pipeline\\{closure}(Object(Illuminate\\Http\\Request))
#70 /home3/elngbpzd/work.dia.ci/vendor/laravel/framework/src/Illuminate/Pipeline/Pipeline.php(208): Illuminate\\Http\\Middleware\\ValidatePostSize->handle(Object(Illuminate\\Http\\Request), Object(Closure))
#71 /home3/elngbpzd/work.dia.ci/vendor/laravel/framework/src/Illuminate/Foundation/Http/Middleware/PreventRequestsDuringMaintenance.php(109): Illuminate\\Pipeline\\Pipeline->Illuminate\\Pipeline\\{closure}(Object(Illuminate\\Http\\Request))
#72 /home3/elngbpzd/work.dia.ci/vendor/laravel/framework/src/Illuminate/Pipeline/Pipeline.php(208): Illuminate\\Foundation\\Http\\Middleware\\PreventRequestsDuringMaintenance->handle(Object(Illuminate\\Http\\Request), Object(Closure))
#73 /home3/elngbpzd/work.dia.ci/vendor/laravel/framework/src/Illuminate/Http/Middleware/HandleCors.php(48): Illuminate\\Pipeline\\Pipeline->Illuminate\\Pipeline\\{closure}(Object(Illuminate\\Http\\Request))
#74 /home3/elngbpzd/work.dia.ci/vendor/laravel/framework/src/Illuminate/Pipeline/Pipeline.php(208): Illuminate\\Http\\Middleware\\HandleCors->handle(Object(Illuminate\\Http\\Request), Object(Closure))
#75 /home3/elngbpzd/work.dia.ci/vendor/laravel/framework/src/Illuminate/Http/Middleware/TrustProxies.php(58): Illuminate\\Pipeline\\Pipeline->Illuminate\\Pipeline\\{closure}(Object(Illuminate\\Http\\Request))
#76 /home3/elngbpzd/work.dia.ci/vendor/laravel/framework/src/Illuminate/Pipeline/Pipeline.php(208): Illuminate\\Http\\Middleware\\TrustProxies->handle(Object(Illuminate\\Http\\Request), Object(Closure))
#77 /home3/elngbpzd/work.dia.ci/vendor/laravel/framework/src/Illuminate/Foundation/Http/Middleware/InvokeDeferredCallbacks.php(22): Illuminate\\Pipeline\\Pipeline->Illuminate\\Pipeline\\{closure}(Object(Illuminate\\Http\\Request))
#78 /home3/elngbpzd/work.dia.ci/vendor/laravel/framework/src/Illuminate/Pipeline/Pipeline.php(208): Illuminate\\Foundation\\Http\\Middleware\\InvokeDeferredCallbacks->handle(Object(Illuminate\\Http\\Request), Object(Closure))
#79 /home3/elngbpzd/work.dia.ci/vendor/laravel/framework/src/Illuminate/Http/Middleware/ValidatePathEncoding.php(26): Illuminate\\Pipeline\\Pipeline->Illuminate\\Pipeline\\{closure}(Object(Illuminate\\Http\\Request))
#80 /home3/elngbpzd/work.dia.ci/vendor/laravel/framework/src/Illuminate/Pipeline/Pipeline.php(208): Illuminate\\Http\\Middleware\\ValidatePathEncoding->handle(Object(Illuminate\\Http\\Request), Object(Closure))
#81 /home3/elngbpzd/work.dia.ci/vendor/laravel/framework/src/Illuminate/Pipeline/Pipeline.php(126): Illuminate\\Pipeline\\Pipeline->Illuminate\\Pipeline\\{closure}(Object(Illuminate\\Http\\Request))
#82 /home3/elngbpzd/work.dia.ci/vendor/laravel/framework/src/Illuminate/Foundation/Http/Kernel.php(175): Illuminate\\Pipeline\\Pipeline->then(Object(Closure))
#83 /home3/elngbpzd/work.dia.ci/vendor/laravel/framework/src/Illuminate/Foundation/Http/Kernel.php(144): Illuminate\\Foundation\\Http\\Kernel->sendRequestThroughRouter(Object(Illuminate\\Http\\Request))
#84 /home3/elngbpzd/work.dia.ci/vendor/laravel/framework/src/Illuminate/Foundation/Application.php(1219): Illuminate\\Foundation\\Http\\Kernel->handle(Object(Illuminate\\Http\\Request))
#85 /home3/elngbpzd/work.dia.ci/index.php(20): Illuminate\\Foundation\\Application->handleRequest(Object(Illuminate\\Http\\Request))
#86 {main}
"} 
[2025-06-10 00:21:28] production.ERROR: SQLSTATE[42S22]: Column not found: 1054 Unknown column 'employes_count' in 'ORDER BY' (Connection: mysql, SQL: select `plage_horaires`.*, (select count(*) from `jours` where `plage_horaires`.`id` = `jours`.`plage_horaire_id` and `jours`.`deleted_at` is null and `jours`.`entreprise_id` = 019751d3-48b7-7038-8fb2-6b6ac1d300ad) as `jours_count` from `plage_horaires` where `plage_horaires`.`entreprise_id` = 019751d3-48b7-7038-8fb2-6b6ac1d300ad order by `employes_count` asc limit 10 offset 0) (View: /home3/elngbpzd/work.dia.ci/vendor/filament/tables/resources/views/index.blade.php) (View: /home3/elngbpzd/work.dia.ci/vendor/filament/tables/resources/views/index.blade.php) {"userId":"019751d2-61e7-71b4-b9bf-abfc43fafa4d","exception":"[object] (Illuminate\\View\\ViewException(code: 0): SQLSTATE[42S22]: Column not found: 1054 Unknown column 'employes_count' in 'ORDER BY' (Connection: mysql, SQL: select `plage_horaires`.*, (select count(*) from `jours` where `plage_horaires`.`id` = `jours`.`plage_horaire_id` and `jours`.`deleted_at` is null and `jours`.`entreprise_id` = 019751d3-48b7-7038-8fb2-6b6ac1d300ad) as `jours_count` from `plage_horaires` where `plage_horaires`.`entreprise_id` = 019751d3-48b7-7038-8fb2-6b6ac1d300ad order by `employes_count` asc limit 10 offset 0) (View: /home3/elngbpzd/work.dia.ci/vendor/filament/tables/resources/views/index.blade.php) (View: /home3/elngbpzd/work.dia.ci/vendor/filament/tables/resources/views/index.blade.php) at /home3/elngbpzd/work.dia.ci/vendor/laravel/framework/src/Illuminate/Database/Connection.php:822)
[stacktrace]
#0 /home3/elngbpzd/work.dia.ci/vendor/livewire/livewire/src/Mechanisms/ExtendBlade/ExtendedCompilerEngine.php(58): Illuminate\\View\\Engines\\CompilerEngine->handleViewException(Object(Illuminate\\View\\ViewException), 0)
#1 /home3/elngbpzd/work.dia.ci/vendor/livewire/livewire/src/Mechanisms/ExtendBlade/ExtendedCompilerEngine.php(40): Livewire\\Mechanisms\\ExtendBlade\\ExtendedCompilerEngine->handleViewException(Object(Illuminate\\View\\ViewException), 0)
#2 /home3/elngbpzd/work.dia.ci/vendor/laravel/framework/src/Illuminate/View/Engines/CompilerEngine.php(74): Livewire\\Mechanisms\\ExtendBlade\\ExtendedCompilerEngine->evaluatePath('/home3/elngbpzd...', Array)
#3 /home3/elngbpzd/work.dia.ci/vendor/livewire/livewire/src/Mechanisms/ExtendBlade/ExtendedCompilerEngine.php(16): Illuminate\\View\\Engines\\CompilerEngine->get('/home3/elngbpzd...', Array)
#4 /home3/elngbpzd/work.dia.ci/vendor/laravel/framework/src/Illuminate/View/View.php(208): Livewire\\Mechanisms\\ExtendBlade\\ExtendedCompilerEngine->get('/home3/elngbpzd...', Array)
#5 /home3/elngbpzd/work.dia.ci/vendor/laravel/framework/src/Illuminate/View/View.php(191): Illuminate\\View\\View->getContents()
#6 /home3/elngbpzd/work.dia.ci/vendor/laravel/framework/src/Illuminate/View/View.php(160): Illuminate\\View\\View->renderContents()
#7 /home3/elngbpzd/work.dia.ci/vendor/livewire/livewire/src/Mechanisms/HandleComponents/HandleComponents.php(241): Illuminate\\View\\View->render(Object(Closure))
#8 /home3/elngbpzd/work.dia.ci/vendor/livewire/livewire/src/Mechanisms/HandleComponents/HandleComponents.php(285): Livewire\\Mechanisms\\HandleComponents\\HandleComponents->Livewire\\Mechanisms\\HandleComponents\\{closure}()
#9 /home3/elngbpzd/work.dia.ci/vendor/livewire/livewire/src/Mechanisms/HandleComponents/HandleComponents.php(233): Livewire\\Mechanisms\\HandleComponents\\HandleComponents->trackInRenderStack(Object(App\\Filament\\Resources\\PlageHoraireBaseResource\\Pages\\ListPlageHoraireBases), Object(Closure))
#10 /home3/elngbpzd/work.dia.ci/vendor/livewire/livewire/src/Mechanisms/HandleComponents/HandleComponents.php(104): Livewire\\Mechanisms\\HandleComponents\\HandleComponents->render(Object(App\\Filament\\Resources\\PlageHoraireBaseResource\\Pages\\ListPlageHoraireBases))
#11 /home3/elngbpzd/work.dia.ci/vendor/livewire/livewire/src/LivewireManager.php(102): Livewire\\Mechanisms\\HandleComponents\\HandleComponents->update(Array, Array, Array)
#12 /home3/elngbpzd/work.dia.ci/vendor/livewire/livewire/src/Mechanisms/HandleRequests/HandleRequests.php(94): Livewire\\LivewireManager->update(Array, Array, Array)
#13 /home3/elngbpzd/work.dia.ci/vendor/laravel/framework/src/Illuminate/Routing/ControllerDispatcher.php(46): Livewire\\Mechanisms\\HandleRequests\\HandleRequests->handleUpdate()
#14 /home3/elngbpzd/work.dia.ci/vendor/laravel/framework/src/Illuminate/Routing/Route.php(265): Illuminate\\Routing\\ControllerDispatcher->dispatch(Object(Illuminate\\Routing\\Route), Object(Livewire\\Mechanisms\\HandleRequests\\HandleRequests), 'handleUpdate')
#15 /home3/elngbpzd/work.dia.ci/vendor/laravel/framework/src/Illuminate/Routing/Route.php(211): Illuminate\\Routing\\Route->runController()
#16 /home3/elngbpzd/work.dia.ci/vendor/laravel/framework/src/Illuminate/Routing/Router.php(808): Illuminate\\Routing\\Route->run()
#17 /home3/elngbpzd/work.dia.ci/vendor/laravel/framework/src/Illuminate/Pipeline/Pipeline.php(169): Illuminate\\Routing\\Router->Illuminate\\Routing\\{closure}(Object(Illuminate\\Http\\Request))
#18 /home3/elngbpzd/work.dia.ci/vendor/laravel/framework/src/Illuminate/Routing/Middleware/SubstituteBindings.php(50): Illuminate\\Pipeline\\Pipeline->Illuminate\\Pipeline\\{closure}(Object(Illuminate\\Http\\Request))
#19 /home3/elngbpzd/work.dia.ci/vendor/laravel/framework/src/Illuminate/Pipeline/Pipeline.php(208): Illuminate\\Routing\\Middleware\\SubstituteBindings->handle(Object(Illuminate\\Http\\Request), Object(Closure))
#20 /home3/elngbpzd/work.dia.ci/vendor/laravel/framework/src/Illuminate/Foundation/Http/Middleware/VerifyCsrfToken.php(87): Illuminate\\Pipeline\\Pipeline->Illuminate\\Pipeline\\{closure}(Object(Illuminate\\Http\\Request))
#21 /home3/elngbpzd/work.dia.ci/vendor/laravel/framework/src/Illuminate/Pipeline/Pipeline.php(208): Illuminate\\Foundation\\Http\\Middleware\\VerifyCsrfToken->handle(Object(Illuminate\\Http\\Request), Object(Closure))
#22 /home3/elngbpzd/work.dia.ci/vendor/laravel/framework/src/Illuminate/View/Middleware/ShareErrorsFromSession.php(48): Illuminate\\Pipeline\\Pipeline->Illuminate\\Pipeline\\{closure}(Object(Illuminate\\Http\\Request))
#23 /home3/elngbpzd/work.dia.ci/vendor/laravel/framework/src/Illuminate/Pipeline/Pipeline.php(208): Illuminate\\View\\Middleware\\ShareErrorsFromSession->handle(Object(Illuminate\\Http\\Request), Object(Closure))
#24 /home3/elngbpzd/work.dia.ci/vendor/laravel/framework/src/Illuminate/Session/Middleware/StartSession.php(120): Illuminate\\Pipeline\\Pipeline->Illuminate\\Pipeline\\{closure}(Object(Illuminate\\Http\\Request))
#25 /home3/elngbpzd/work.dia.ci/vendor/laravel/framework/src/Illuminate/Session/Middleware/StartSession.php(63): Illuminate\\Session\\Middleware\\StartSession->handleStatefulRequest(Object(Illuminate\\Http\\Request), Object(Illuminate\\Session\\Store), Object(Closure))
#26 /home3/elngbpzd/work.dia.ci/vendor/laravel/framework/src/Illuminate/Pipeline/Pipeline.php(208): Illuminate\\Session\\Middleware\\StartSession->handle(Object(Illuminate\\Http\\Request), Object(Closure))
#27 /home3/elngbpzd/work.dia.ci/vendor/laravel/framework/src/Illuminate/Cookie/Middleware/AddQueuedCookiesToResponse.php(36): Illuminate\\Pipeline\\Pipeline->Illuminate\\Pipeline\\{closure}(Object(Illuminate\\Http\\Request))
#28 /home3/elngbpzd/work.dia.ci/vendor/laravel/framework/src/Illuminate/Pipeline/Pipeline.php(208): Illuminate\\Cookie\\Middleware\\AddQueuedCookiesToResponse->handle(Object(Illuminate\\Http\\Request), Object(Closure))
#29 /home3/elngbpzd/work.dia.ci/vendor/laravel/framework/src/Illuminate/Cookie/Middleware/EncryptCookies.php(74): Illuminate\\Pipeline\\Pipeline->Illuminate\\Pipeline\\{closure}(Object(Illuminate\\Http\\Request))
#30 /home3/elngbpzd/work.dia.ci/vendor/laravel/framework/src/Illuminate/Pipeline/Pipeline.php(208): Illuminate\\Cookie\\Middleware\\EncryptCookies->handle(Object(Illuminate\\Http\\Request), Object(Closure))
#31 /home3/elngbpzd/work.dia.ci/vendor/laravel/framework/src/Illuminate/Pipeline/Pipeline.php(126): Illuminate\\Pipeline\\Pipeline->Illuminate\\Pipeline\\{closure}(Object(Illuminate\\Http\\Request))
#32 /home3/elngbpzd/work.dia.ci/vendor/laravel/framework/src/Illuminate/Routing/Router.php(807): Illuminate\\Pipeline\\Pipeline->then(Object(Closure))
#33 /home3/elngbpzd/work.dia.ci/vendor/laravel/framework/src/Illuminate/Routing/Router.php(786): Illuminate\\Routing\\Router->runRouteWithinStack(Object(Illuminate\\Routing\\Route), Object(Illuminate\\Http\\Request))
#34 /home3/elngbpzd/work.dia.ci/vendor/laravel/framework/src/Illuminate/Routing/Router.php(750): Illuminate\\Routing\\Router->runRoute(Object(Illuminate\\Http\\Request), Object(Illuminate\\Routing\\Route))
#35 /home3/elngbpzd/work.dia.ci/vendor/laravel/framework/src/Illuminate/Routing/Router.php(739): Illuminate\\Routing\\Router->dispatchToRoute(Object(Illuminate\\Http\\Request))
#36 /home3/elngbpzd/work.dia.ci/vendor/laravel/framework/src/Illuminate/Foundation/Http/Kernel.php(200): Illuminate\\Routing\\Router->dispatch(Object(Illuminate\\Http\\Request))
#37 /home3/elngbpzd/work.dia.ci/vendor/laravel/framework/src/Illuminate/Pipeline/Pipeline.php(169): Illuminate\\Foundation\\Http\\Kernel->Illuminate\\Foundation\\Http\\{closure}(Object(Illuminate\\Http\\Request))
#38 /home3/elngbpzd/work.dia.ci/vendor/livewire/livewire/src/Features/SupportDisablingBackButtonCache/DisableBackButtonCacheMiddleware.php(19): Illuminate\\Pipeline\\Pipeline->Illuminate\\Pipeline\\{closure}(Object(Illuminate\\Http\\Request))
#39 /home3/elngbpzd/work.dia.ci/vendor/laravel/framework/src/Illuminate/Pipeline/Pipeline.php(208): Livewire\\Features\\SupportDisablingBackButtonCache\\DisableBackButtonCacheMiddleware->handle(Object(Illuminate\\Http\\Request), Object(Closure))
#40 /home3/elngbpzd/work.dia.ci/vendor/laravel/framework/src/Illuminate/Foundation/Http/Middleware/ConvertEmptyStringsToNull.php(27): Illuminate\\Pipeline\\Pipeline->Illuminate\\Pipeline\\{closure}(Object(Illuminate\\Http\\Request))
#41 /home3/elngbpzd/work.dia.ci/vendor/laravel/framework/src/Illuminate/Pipeline/Pipeline.php(208): Illuminate\\Foundation\\Http\\Middleware\\ConvertEmptyStringsToNull->handle(Object(Illuminate\\Http\\Request), Object(Closure))
#42 /home3/elngbpzd/work.dia.ci/vendor/laravel/framework/src/Illuminate/Foundation/Http/Middleware/TrimStrings.php(47): Illuminate\\Pipeline\\Pipeline->Illuminate\\Pipeline\\{closure}(Object(Illuminate\\Http\\Request))
#43 /home3/elngbpzd/work.dia.ci/vendor/laravel/framework/src/Illuminate/Pipeline/Pipeline.php(208): Illuminate\\Foundation\\Http\\Middleware\\TrimStrings->handle(Object(Illuminate\\Http\\Request), Object(Closure))
#44 /home3/elngbpzd/work.dia.ci/vendor/laravel/framework/src/Illuminate/Http/Middleware/ValidatePostSize.php(27): Illuminate\\Pipeline\\Pipeline->Illuminate\\Pipeline\\{closure}(Object(Illuminate\\Http\\Request))
#45 /home3/elngbpzd/work.dia.ci/vendor/laravel/framework/src/Illuminate/Pipeline/Pipeline.php(208): Illuminate\\Http\\Middleware\\ValidatePostSize->handle(Object(Illuminate\\Http\\Request), Object(Closure))
#46 /home3/elngbpzd/work.dia.ci/vendor/laravel/framework/src/Illuminate/Foundation/Http/Middleware/PreventRequestsDuringMaintenance.php(109): Illuminate\\Pipeline\\Pipeline->Illuminate\\Pipeline\\{closure}(Object(Illuminate\\Http\\Request))
#47 /home3/elngbpzd/work.dia.ci/vendor/laravel/framework/src/Illuminate/Pipeline/Pipeline.php(208): Illuminate\\Foundation\\Http\\Middleware\\PreventRequestsDuringMaintenance->handle(Object(Illuminate\\Http\\Request), Object(Closure))
#48 /home3/elngbpzd/work.dia.ci/vendor/laravel/framework/src/Illuminate/Http/Middleware/HandleCors.php(48): Illuminate\\Pipeline\\Pipeline->Illuminate\\Pipeline\\{closure}(Object(Illuminate\\Http\\Request))
#49 /home3/elngbpzd/work.dia.ci/vendor/laravel/framework/src/Illuminate/Pipeline/Pipeline.php(208): Illuminate\\Http\\Middleware\\HandleCors->handle(Object(Illuminate\\Http\\Request), Object(Closure))
#50 /home3/elngbpzd/work.dia.ci/vendor/laravel/framework/src/Illuminate/Http/Middleware/TrustProxies.php(58): Illuminate\\Pipeline\\Pipeline->Illuminate\\Pipeline\\{closure}(Object(Illuminate\\Http\\Request))
#51 /home3/elngbpzd/work.dia.ci/vendor/laravel/framework/src/Illuminate/Pipeline/Pipeline.php(208): Illuminate\\Http\\Middleware\\TrustProxies->handle(Object(Illuminate\\Http\\Request), Object(Closure))
#52 /home3/elngbpzd/work.dia.ci/vendor/laravel/framework/src/Illuminate/Foundation/Http/Middleware/InvokeDeferredCallbacks.php(22): Illuminate\\Pipeline\\Pipeline->Illuminate\\Pipeline\\{closure}(Object(Illuminate\\Http\\Request))
#53 /home3/elngbpzd/work.dia.ci/vendor/laravel/framework/src/Illuminate/Pipeline/Pipeline.php(208): Illuminate\\Foundation\\Http\\Middleware\\InvokeDeferredCallbacks->handle(Object(Illuminate\\Http\\Request), Object(Closure))
#54 /home3/elngbpzd/work.dia.ci/vendor/laravel/framework/src/Illuminate/Http/Middleware/ValidatePathEncoding.php(26): Illuminate\\Pipeline\\Pipeline->Illuminate\\Pipeline\\{closure}(Object(Illuminate\\Http\\Request))
#55 /home3/elngbpzd/work.dia.ci/vendor/laravel/framework/src/Illuminate/Pipeline/Pipeline.php(208): Illuminate\\Http\\Middleware\\ValidatePathEncoding->handle(Object(Illuminate\\Http\\Request), Object(Closure))
#56 /home3/elngbpzd/work.dia.ci/vendor/laravel/framework/src/Illuminate/Pipeline/Pipeline.php(126): Illuminate\\Pipeline\\Pipeline->Illuminate\\Pipeline\\{closure}(Object(Illuminate\\Http\\Request))
#57 /home3/elngbpzd/work.dia.ci/vendor/laravel/framework/src/Illuminate/Foundation/Http/Kernel.php(175): Illuminate\\Pipeline\\Pipeline->then(Object(Closure))
#58 /home3/elngbpzd/work.dia.ci/vendor/laravel/framework/src/Illuminate/Foundation/Http/Kernel.php(144): Illuminate\\Foundation\\Http\\Kernel->sendRequestThroughRouter(Object(Illuminate\\Http\\Request))
#59 /home3/elngbpzd/work.dia.ci/vendor/laravel/framework/src/Illuminate/Foundation/Application.php(1219): Illuminate\\Foundation\\Http\\Kernel->handle(Object(Illuminate\\Http\\Request))
#60 /home3/elngbpzd/work.dia.ci/index.php(20): Illuminate\\Foundation\\Application->handleRequest(Object(Illuminate\\Http\\Request))
#61 {main}

[previous exception] [object] (Illuminate\\View\\ViewException(code: 0): SQLSTATE[42S22]: Column not found: 1054 Unknown column 'employes_count' in 'ORDER BY' (Connection: mysql, SQL: select `plage_horaires`.*, (select count(*) from `jours` where `plage_horaires`.`id` = `jours`.`plage_horaire_id` and `jours`.`deleted_at` is null and `jours`.`entreprise_id` = 019751d3-48b7-7038-8fb2-6b6ac1d300ad) as `jours_count` from `plage_horaires` where `plage_horaires`.`entreprise_id` = 019751d3-48b7-7038-8fb2-6b6ac1d300ad order by `employes_count` asc limit 10 offset 0) (View: /home3/elngbpzd/work.dia.ci/vendor/filament/tables/resources/views/index.blade.php) at /home3/elngbpzd/work.dia.ci/vendor/laravel/framework/src/Illuminate/Database/Connection.php:822)
[stacktrace]
#0 /home3/elngbpzd/work.dia.ci/vendor/livewire/livewire/src/Mechanisms/ExtendBlade/ExtendedCompilerEngine.php(58): Illuminate\\View\\Engines\\CompilerEngine->handleViewException(Object(Illuminate\\Database\\QueryException), 2)
#1 /home3/elngbpzd/work.dia.ci/vendor/livewire/livewire/src/Mechanisms/ExtendBlade/ExtendedCompilerEngine.php(40): Livewire\\Mechanisms\\ExtendBlade\\ExtendedCompilerEngine->handleViewException(Object(Illuminate\\Database\\QueryException), 2)
#2 /home3/elngbpzd/work.dia.ci/vendor/laravel/framework/src/Illuminate/View/Engines/CompilerEngine.php(74): Livewire\\Mechanisms\\ExtendBlade\\ExtendedCompilerEngine->evaluatePath('/home3/elngbpzd...', Array)
#3 /home3/elngbpzd/work.dia.ci/vendor/livewire/livewire/src/Mechanisms/ExtendBlade/ExtendedCompilerEngine.php(16): Illuminate\\View\\Engines\\CompilerEngine->get('/home3/elngbpzd...', Array)
#4 /home3/elngbpzd/work.dia.ci/vendor/laravel/framework/src/Illuminate/View/View.php(208): Livewire\\Mechanisms\\ExtendBlade\\ExtendedCompilerEngine->get('/home3/elngbpzd...', Array)
#5 /home3/elngbpzd/work.dia.ci/vendor/laravel/framework/src/Illuminate/View/View.php(191): Illuminate\\View\\View->getContents()
#6 /home3/elngbpzd/work.dia.ci/vendor/laravel/framework/src/Illuminate/View/View.php(160): Illuminate\\View\\View->renderContents()
#7 /home3/elngbpzd/work.dia.ci/vendor/filament/support/src/Components/ViewComponent.php(115): Illuminate\\View\\View->render()
#8 /home3/elngbpzd/work.dia.ci/vendor/laravel/framework/src/Illuminate/Support/helpers.php(134): Filament\\Support\\Components\\ViewComponent->toHtml()
#9 /home3/elngbpzd/work.dia.ci/storage/framework/views/997005b9a04b8fc3954abb3e497ab51c.php(42): e(Object(Filament\\Tables\\Table))
#10 /home3/elngbpzd/work.dia.ci/vendor/livewire/livewire/src/Mechanisms/ExtendBlade/ExtendedCompilerEngine.php(37): include('/home3/elngbpzd...')
#11 /home3/elngbpzd/work.dia.ci/vendor/livewire/livewire/src/Mechanisms/ExtendBlade/ExtendedCompilerEngine.php(38): App\\Filament\\Resources\\PlageHoraireBaseResource\\Pages\\ListPlageHoraireBases->Livewire\\Mechanisms\\ExtendBlade\\{closure}()
#12 /home3/elngbpzd/work.dia.ci/vendor/laravel/framework/src/Illuminate/View/Engines/CompilerEngine.php(74): Livewire\\Mechanisms\\ExtendBlade\\ExtendedCompilerEngine->evaluatePath('/home3/elngbpzd...', Array)
#13 /home3/elngbpzd/work.dia.ci/vendor/livewire/livewire/src/Mechanisms/ExtendBlade/ExtendedCompilerEngine.php(16): Illuminate\\View\\Engines\\CompilerEngine->get('/home3/elngbpzd...', Array)
#14 /home3/elngbpzd/work.dia.ci/vendor/laravel/framework/src/Illuminate/View/View.php(208): Livewire\\Mechanisms\\ExtendBlade\\ExtendedCompilerEngine->get('/home3/elngbpzd...', Array)
#15 /home3/elngbpzd/work.dia.ci/vendor/laravel/framework/src/Illuminate/View/View.php(191): Illuminate\\View\\View->getContents()
#16 /home3/elngbpzd/work.dia.ci/vendor/laravel/framework/src/Illuminate/View/View.php(160): Illuminate\\View\\View->renderContents()
#17 /home3/elngbpzd/work.dia.ci/vendor/livewire/livewire/src/Mechanisms/HandleComponents/HandleComponents.php(241): Illuminate\\View\\View->render(Object(Closure))
#18 /home3/elngbpzd/work.dia.ci/vendor/livewire/livewire/src/Mechanisms/HandleComponents/HandleComponents.php(285): Livewire\\Mechanisms\\HandleComponents\\HandleComponents->Livewire\\Mechanisms\\HandleComponents\\{closure}()
#19 /home3/elngbpzd/work.dia.ci/vendor/livewire/livewire/src/Mechanisms/HandleComponents/HandleComponents.php(233): Livewire\\Mechanisms\\HandleComponents\\HandleComponents->trackInRenderStack(Object(App\\Filament\\Resources\\PlageHoraireBaseResource\\Pages\\ListPlageHoraireBases), Object(Closure))
#20 /home3/elngbpzd/work.dia.ci/vendor/livewire/livewire/src/Mechanisms/HandleComponents/HandleComponents.php(104): Livewire\\Mechanisms\\HandleComponents\\HandleComponents->render(Object(App\\Filament\\Resources\\PlageHoraireBaseResource\\Pages\\ListPlageHoraireBases))
#21 /home3/elngbpzd/work.dia.ci/vendor/livewire/livewire/src/LivewireManager.php(102): Livewire\\Mechanisms\\HandleComponents\\HandleComponents->update(Array, Array, Array)
#22 /home3/elngbpzd/work.dia.ci/vendor/livewire/livewire/src/Mechanisms/HandleRequests/HandleRequests.php(94): Livewire\\LivewireManager->update(Array, Array, Array)
#23 /home3/elngbpzd/work.dia.ci/vendor/laravel/framework/src/Illuminate/Routing/ControllerDispatcher.php(46): Livewire\\Mechanisms\\HandleRequests\\HandleRequests->handleUpdate()
#24 /home3/elngbpzd/work.dia.ci/vendor/laravel/framework/src/Illuminate/Routing/Route.php(265): Illuminate\\Routing\\ControllerDispatcher->dispatch(Object(Illuminate\\Routing\\Route), Object(Livewire\\Mechanisms\\HandleRequests\\HandleRequests), 'handleUpdate')
#25 /home3/elngbpzd/work.dia.ci/vendor/laravel/framework/src/Illuminate/Routing/Route.php(211): Illuminate\\Routing\\Route->runController()
#26 /home3/elngbpzd/work.dia.ci/vendor/laravel/framework/src/Illuminate/Routing/Router.php(808): Illuminate\\Routing\\Route->run()
#27 /home3/elngbpzd/work.dia.ci/vendor/laravel/framework/src/Illuminate/Pipeline/Pipeline.php(169): Illuminate\\Routing\\Router->Illuminate\\Routing\\{closure}(Object(Illuminate\\Http\\Request))
#28 /home3/elngbpzd/work.dia.ci/vendor/laravel/framework/src/Illuminate/Routing/Middleware/SubstituteBindings.php(50): Illuminate\\Pipeline\\Pipeline->Illuminate\\Pipeline\\{closure}(Object(Illuminate\\Http\\Request))
#29 /home3/elngbpzd/work.dia.ci/vendor/laravel/framework/src/Illuminate/Pipeline/Pipeline.php(208): Illuminate\\Routing\\Middleware\\SubstituteBindings->handle(Object(Illuminate\\Http\\Request), Object(Closure))
#30 /home3/elngbpzd/work.dia.ci/vendor/laravel/framework/src/Illuminate/Foundation/Http/Middleware/VerifyCsrfToken.php(87): Illuminate\\Pipeline\\Pipeline->Illuminate\\Pipeline\\{closure}(Object(Illuminate\\Http\\Request))
#31 /home3/elngbpzd/work.dia.ci/vendor/laravel/framework/src/Illuminate/Pipeline/Pipeline.php(208): Illuminate\\Foundation\\Http\\Middleware\\VerifyCsrfToken->handle(Object(Illuminate\\Http\\Request), Object(Closure))
#32 /home3/elngbpzd/work.dia.ci/vendor/laravel/framework/src/Illuminate/View/Middleware/ShareErrorsFromSession.php(48): Illuminate\\Pipeline\\Pipeline->Illuminate\\Pipeline\\{closure}(Object(Illuminate\\Http\\Request))
#33 /home3/elngbpzd/work.dia.ci/vendor/laravel/framework/src/Illuminate/Pipeline/Pipeline.php(208): Illuminate\\View\\Middleware\\ShareErrorsFromSession->handle(Object(Illuminate\\Http\\Request), Object(Closure))
#34 /home3/elngbpzd/work.dia.ci/vendor/laravel/framework/src/Illuminate/Session/Middleware/StartSession.php(120): Illuminate\\Pipeline\\Pipeline->Illuminate\\Pipeline\\{closure}(Object(Illuminate\\Http\\Request))
#35 /home3/elngbpzd/work.dia.ci/vendor/laravel/framework/src/Illuminate/Session/Middleware/StartSession.php(63): Illuminate\\Session\\Middleware\\StartSession->handleStatefulRequest(Object(Illuminate\\Http\\Request), Object(Illuminate\\Session\\Store), Object(Closure))
#36 /home3/elngbpzd/work.dia.ci/vendor/laravel/framework/src/Illuminate/Pipeline/Pipeline.php(208): Illuminate\\Session\\Middleware\\StartSession->handle(Object(Illuminate\\Http\\Request), Object(Closure))
#37 /home3/elngbpzd/work.dia.ci/vendor/laravel/framework/src/Illuminate/Cookie/Middleware/AddQueuedCookiesToResponse.php(36): Illuminate\\Pipeline\\Pipeline->Illuminate\\Pipeline\\{closure}(Object(Illuminate\\Http\\Request))
#38 /home3/elngbpzd/work.dia.ci/vendor/laravel/framework/src/Illuminate/Pipeline/Pipeline.php(208): Illuminate\\Cookie\\Middleware\\AddQueuedCookiesToResponse->handle(Object(Illuminate\\Http\\Request), Object(Closure))
#39 /home3/elngbpzd/work.dia.ci/vendor/laravel/framework/src/Illuminate/Cookie/Middleware/EncryptCookies.php(74): Illuminate\\Pipeline\\Pipeline->Illuminate\\Pipeline\\{closure}(Object(Illuminate\\Http\\Request))
#40 /home3/elngbpzd/work.dia.ci/vendor/laravel/framework/src/Illuminate/Pipeline/Pipeline.php(208): Illuminate\\Cookie\\Middleware\\EncryptCookies->handle(Object(Illuminate\\Http\\Request), Object(Closure))
#41 /home3/elngbpzd/work.dia.ci/vendor/laravel/framework/src/Illuminate/Pipeline/Pipeline.php(126): Illuminate\\Pipeline\\Pipeline->Illuminate\\Pipeline\\{closure}(Object(Illuminate\\Http\\Request))
#42 /home3/elngbpzd/work.dia.ci/vendor/laravel/framework/src/Illuminate/Routing/Router.php(807): Illuminate\\Pipeline\\Pipeline->then(Object(Closure))
#43 /home3/elngbpzd/work.dia.ci/vendor/laravel/framework/src/Illuminate/Routing/Router.php(786): Illuminate\\Routing\\Router->runRouteWithinStack(Object(Illuminate\\Routing\\Route), Object(Illuminate\\Http\\Request))
#44 /home3/elngbpzd/work.dia.ci/vendor/laravel/framework/src/Illuminate/Routing/Router.php(750): Illuminate\\Routing\\Router->runRoute(Object(Illuminate\\Http\\Request), Object(Illuminate\\Routing\\Route))
#45 /home3/elngbpzd/work.dia.ci/vendor/laravel/framework/src/Illuminate/Routing/Router.php(739): Illuminate\\Routing\\Router->dispatchToRoute(Object(Illuminate\\Http\\Request))
#46 /home3/elngbpzd/work.dia.ci/vendor/laravel/framework/src/Illuminate/Foundation/Http/Kernel.php(200): Illuminate\\Routing\\Router->dispatch(Object(Illuminate\\Http\\Request))
#47 /home3/elngbpzd/work.dia.ci/vendor/laravel/framework/src/Illuminate/Pipeline/Pipeline.php(169): Illuminate\\Foundation\\Http\\Kernel->Illuminate\\Foundation\\Http\\{closure}(Object(Illuminate\\Http\\Request))
#48 /home3/elngbpzd/work.dia.ci/vendor/livewire/livewire/src/Features/SupportDisablingBackButtonCache/DisableBackButtonCacheMiddleware.php(19): Illuminate\\Pipeline\\Pipeline->Illuminate\\Pipeline\\{closure}(Object(Illuminate\\Http\\Request))
#49 /home3/elngbpzd/work.dia.ci/vendor/laravel/framework/src/Illuminate/Pipeline/Pipeline.php(208): Livewire\\Features\\SupportDisablingBackButtonCache\\DisableBackButtonCacheMiddleware->handle(Object(Illuminate\\Http\\Request), Object(Closure))
#50 /home3/elngbpzd/work.dia.ci/vendor/laravel/framework/src/Illuminate/Foundation/Http/Middleware/ConvertEmptyStringsToNull.php(27): Illuminate\\Pipeline\\Pipeline->Illuminate\\Pipeline\\{closure}(Object(Illuminate\\Http\\Request))
#51 /home3/elngbpzd/work.dia.ci/vendor/laravel/framework/src/Illuminate/Pipeline/Pipeline.php(208): Illuminate\\Foundation\\Http\\Middleware\\ConvertEmptyStringsToNull->handle(Object(Illuminate\\Http\\Request), Object(Closure))
#52 /home3/elngbpzd/work.dia.ci/vendor/laravel/framework/src/Illuminate/Foundation/Http/Middleware/TrimStrings.php(47): Illuminate\\Pipeline\\Pipeline->Illuminate\\Pipeline\\{closure}(Object(Illuminate\\Http\\Request))
#53 /home3/elngbpzd/work.dia.ci/vendor/laravel/framework/src/Illuminate/Pipeline/Pipeline.php(208): Illuminate\\Foundation\\Http\\Middleware\\TrimStrings->handle(Object(Illuminate\\Http\\Request), Object(Closure))
#54 /home3/elngbpzd/work.dia.ci/vendor/laravel/framework/src/Illuminate/Http/Middleware/ValidatePostSize.php(27): Illuminate\\Pipeline\\Pipeline->Illuminate\\Pipeline\\{closure}(Object(Illuminate\\Http\\Request))
#55 /home3/elngbpzd/work.dia.ci/vendor/laravel/framework/src/Illuminate/Pipeline/Pipeline.php(208): Illuminate\\Http\\Middleware\\ValidatePostSize->handle(Object(Illuminate\\Http\\Request), Object(Closure))
#56 /home3/elngbpzd/work.dia.ci/vendor/laravel/framework/src/Illuminate/Foundation/Http/Middleware/PreventRequestsDuringMaintenance.php(109): Illuminate\\Pipeline\\Pipeline->Illuminate\\Pipeline\\{closure}(Object(Illuminate\\Http\\Request))
#57 /home3/elngbpzd/work.dia.ci/vendor/laravel/framework/src/Illuminate/Pipeline/Pipeline.php(208): Illuminate\\Foundation\\Http\\Middleware\\PreventRequestsDuringMaintenance->handle(Object(Illuminate\\Http\\Request), Object(Closure))
#58 /home3/elngbpzd/work.dia.ci/vendor/laravel/framework/src/Illuminate/Http/Middleware/HandleCors.php(48): Illuminate\\Pipeline\\Pipeline->Illuminate\\Pipeline\\{closure}(Object(Illuminate\\Http\\Request))
#59 /home3/elngbpzd/work.dia.ci/vendor/laravel/framework/src/Illuminate/Pipeline/Pipeline.php(208): Illuminate\\Http\\Middleware\\HandleCors->handle(Object(Illuminate\\Http\\Request), Object(Closure))
#60 /home3/elngbpzd/work.dia.ci/vendor/laravel/framework/src/Illuminate/Http/Middleware/TrustProxies.php(58): Illuminate\\Pipeline\\Pipeline->Illuminate\\Pipeline\\{closure}(Object(Illuminate\\Http\\Request))
#61 /home3/elngbpzd/work.dia.ci/vendor/laravel/framework/src/Illuminate/Pipeline/Pipeline.php(208): Illuminate\\Http\\Middleware\\TrustProxies->handle(Object(Illuminate\\Http\\Request), Object(Closure))
#62 /home3/elngbpzd/work.dia.ci/vendor/laravel/framework/src/Illuminate/Foundation/Http/Middleware/InvokeDeferredCallbacks.php(22): Illuminate\\Pipeline\\Pipeline->Illuminate\\Pipeline\\{closure}(Object(Illuminate\\Http\\Request))
#63 /home3/elngbpzd/work.dia.ci/vendor/laravel/framework/src/Illuminate/Pipeline/Pipeline.php(208): Illuminate\\Foundation\\Http\\Middleware\\InvokeDeferredCallbacks->handle(Object(Illuminate\\Http\\Request), Object(Closure))
#64 /home3/elngbpzd/work.dia.ci/vendor/laravel/framework/src/Illuminate/Http/Middleware/ValidatePathEncoding.php(26): Illuminate\\Pipeline\\Pipeline->Illuminate\\Pipeline\\{closure}(Object(Illuminate\\Http\\Request))
#65 /home3/elngbpzd/work.dia.ci/vendor/laravel/framework/src/Illuminate/Pipeline/Pipeline.php(208): Illuminate\\Http\\Middleware\\ValidatePathEncoding->handle(Object(Illuminate\\Http\\Request), Object(Closure))
#66 /home3/elngbpzd/work.dia.ci/vendor/laravel/framework/src/Illuminate/Pipeline/Pipeline.php(126): Illuminate\\Pipeline\\Pipeline->Illuminate\\Pipeline\\{closure}(Object(Illuminate\\Http\\Request))
#67 /home3/elngbpzd/work.dia.ci/vendor/laravel/framework/src/Illuminate/Foundation/Http/Kernel.php(175): Illuminate\\Pipeline\\Pipeline->then(Object(Closure))
#68 /home3/elngbpzd/work.dia.ci/vendor/laravel/framework/src/Illuminate/Foundation/Http/Kernel.php(144): Illuminate\\Foundation\\Http\\Kernel->sendRequestThroughRouter(Object(Illuminate\\Http\\Request))
#69 /home3/elngbpzd/work.dia.ci/vendor/laravel/framework/src/Illuminate/Foundation/Application.php(1219): Illuminate\\Foundation\\Http\\Kernel->handle(Object(Illuminate\\Http\\Request))
#70 /home3/elngbpzd/work.dia.ci/index.php(20): Illuminate\\Foundation\\Application->handleRequest(Object(Illuminate\\Http\\Request))
#71 {main}

[previous exception] [object] (Illuminate\\Database\\QueryException(code: 42S22): SQLSTATE[42S22]: Column not found: 1054 Unknown column 'employes_count' in 'ORDER BY' (Connection: mysql, SQL: select `plage_horaires`.*, (select count(*) from `jours` where `plage_horaires`.`id` = `jours`.`plage_horaire_id` and `jours`.`deleted_at` is null and `jours`.`entreprise_id` = 019751d3-48b7-7038-8fb2-6b6ac1d300ad) as `jours_count` from `plage_horaires` where `plage_horaires`.`entreprise_id` = 019751d3-48b7-7038-8fb2-6b6ac1d300ad order by `employes_count` asc limit 10 offset 0) at /home3/elngbpzd/work.dia.ci/vendor/laravel/framework/src/Illuminate/Database/Connection.php:822)
[stacktrace]
#0 /home3/elngbpzd/work.dia.ci/vendor/laravel/framework/src/Illuminate/Database/Connection.php(776): Illuminate\\Database\\Connection->runQueryCallback('select `plage_h...', Array, Object(Closure))
#1 /home3/elngbpzd/work.dia.ci/vendor/laravel/framework/src/Illuminate/Database/Connection.php(395): Illuminate\\Database\\Connection->run('select `plage_h...', Array, Object(Closure))
#2 /home3/elngbpzd/work.dia.ci/vendor/laravel/framework/src/Illuminate/Database/Query/Builder.php(3120): Illuminate\\Database\\Connection->select('select `plage_h...', Array, true)
#3 /home3/elngbpzd/work.dia.ci/vendor/laravel/framework/src/Illuminate/Database/Query/Builder.php(3105): Illuminate\\Database\\Query\\Builder->runSelect()
#4 /home3/elngbpzd/work.dia.ci/vendor/laravel/framework/src/Illuminate/Database/Query/Builder.php(3695): Illuminate\\Database\\Query\\Builder->Illuminate\\Database\\Query\\{closure}()
#5 /home3/elngbpzd/work.dia.ci/vendor/laravel/framework/src/Illuminate/Database/Query/Builder.php(3104): Illuminate\\Database\\Query\\Builder->onceWithColumns(Array, Object(Closure))
#6 /home3/elngbpzd/work.dia.ci/vendor/laravel/framework/src/Illuminate/Database/Eloquent/Builder.php(872): Illuminate\\Database\\Query\\Builder->get(Array)
#7 /home3/elngbpzd/work.dia.ci/vendor/laravel/framework/src/Illuminate/Database/Eloquent/Builder.php(854): Illuminate\\Database\\Eloquent\\Builder->getModels(Array)
#8 /home3/elngbpzd/work.dia.ci/vendor/laravel/framework/src/Illuminate/Database/Eloquent/Builder.php(1095): Illuminate\\Database\\Eloquent\\Builder->get(Array)
#9 /home3/elngbpzd/work.dia.ci/vendor/filament/tables/src/Concerns/CanPaginateRecords.php(37): Illuminate\\Database\\Eloquent\\Builder->paginate(10, Array, 'page', 1, 1)
#10 /home3/elngbpzd/work.dia.ci/vendor/filament/tables/src/Concerns/HasRecords.php(111): Filament\\Resources\\Pages\\ListRecords->paginateTableQuery(Object(Illuminate\\Database\\Eloquent\\Builder))
#11 /home3/elngbpzd/work.dia.ci/vendor/filament/tables/src/Table/Concerns/HasRecords.php(66): Filament\\Resources\\Pages\\ListRecords->getTableRecords()
#12 /home3/elngbpzd/work.dia.ci/storage/framework/views/214c544a94a5507404ff2242340d55d8.php(66): Filament\\Tables\\Table->getRecords()
#13 /home3/elngbpzd/work.dia.ci/vendor/livewire/livewire/src/Mechanisms/ExtendBlade/ExtendedCompilerEngine.php(37): include('/home3/elngbpzd...')
#14 /home3/elngbpzd/work.dia.ci/vendor/livewire/livewire/src/Mechanisms/ExtendBlade/ExtendedCompilerEngine.php(38): App\\Filament\\Resources\\PlageHoraireBaseResource\\Pages\\ListPlageHoraireBases->Livewire\\Mechanisms\\ExtendBlade\\{closure}()
#15 /home3/elngbpzd/work.dia.ci/vendor/laravel/framework/src/Illuminate/View/Engines/CompilerEngine.php(74): Livewire\\Mechanisms\\ExtendBlade\\ExtendedCompilerEngine->evaluatePath('/home3/elngbpzd...', Array)
#16 /home3/elngbpzd/work.dia.ci/vendor/livewire/livewire/src/Mechanisms/ExtendBlade/ExtendedCompilerEngine.php(16): Illuminate\\View\\Engines\\CompilerEngine->get('/home3/elngbpzd...', Array)
#17 /home3/elngbpzd/work.dia.ci/vendor/laravel/framework/src/Illuminate/View/View.php(208): Livewire\\Mechanisms\\ExtendBlade\\ExtendedCompilerEngine->get('/home3/elngbpzd...', Array)
#18 /home3/elngbpzd/work.dia.ci/vendor/laravel/framework/src/Illuminate/View/View.php(191): Illuminate\\View\\View->getContents()
#19 /home3/elngbpzd/work.dia.ci/vendor/laravel/framework/src/Illuminate/View/View.php(160): Illuminate\\View\\View->renderContents()
#20 /home3/elngbpzd/work.dia.ci/vendor/filament/support/src/Components/ViewComponent.php(115): Illuminate\\View\\View->render()
#21 /home3/elngbpzd/work.dia.ci/vendor/laravel/framework/src/Illuminate/Support/helpers.php(134): Filament\\Support\\Components\\ViewComponent->toHtml()
#22 /home3/elngbpzd/work.dia.ci/storage/framework/views/997005b9a04b8fc3954abb3e497ab51c.php(42): e(Object(Filament\\Tables\\Table))
#23 /home3/elngbpzd/work.dia.ci/vendor/livewire/livewire/src/Mechanisms/ExtendBlade/ExtendedCompilerEngine.php(37): include('/home3/elngbpzd...')
#24 /home3/elngbpzd/work.dia.ci/vendor/livewire/livewire/src/Mechanisms/ExtendBlade/ExtendedCompilerEngine.php(38): App\\Filament\\Resources\\PlageHoraireBaseResource\\Pages\\ListPlageHoraireBases->Livewire\\Mechanisms\\ExtendBlade\\{closure}()
#25 /home3/elngbpzd/work.dia.ci/vendor/laravel/framework/src/Illuminate/View/Engines/CompilerEngine.php(74): Livewire\\Mechanisms\\ExtendBlade\\ExtendedCompilerEngine->evaluatePath('/home3/elngbpzd...', Array)
#26 /home3/elngbpzd/work.dia.ci/vendor/livewire/livewire/src/Mechanisms/ExtendBlade/ExtendedCompilerEngine.php(16): Illuminate\\View\\Engines\\CompilerEngine->get('/home3/elngbpzd...', Array)
#27 /home3/elngbpzd/work.dia.ci/vendor/laravel/framework/src/Illuminate/View/View.php(208): Livewire\\Mechanisms\\ExtendBlade\\ExtendedCompilerEngine->get('/home3/elngbpzd...', Array)
#28 /home3/elngbpzd/work.dia.ci/vendor/laravel/framework/src/Illuminate/View/View.php(191): Illuminate\\View\\View->getContents()
#29 /home3/elngbpzd/work.dia.ci/vendor/laravel/framework/src/Illuminate/View/View.php(160): Illuminate\\View\\View->renderContents()
#30 /home3/elngbpzd/work.dia.ci/vendor/livewire/livewire/src/Mechanisms/HandleComponents/HandleComponents.php(241): Illuminate\\View\\View->render(Object(Closure))
#31 /home3/elngbpzd/work.dia.ci/vendor/livewire/livewire/src/Mechanisms/HandleComponents/HandleComponents.php(285): Livewire\\Mechanisms\\HandleComponents\\HandleComponents->Livewire\\Mechanisms\\HandleComponents\\{closure}()
#32 /home3/elngbpzd/work.dia.ci/vendor/livewire/livewire/src/Mechanisms/HandleComponents/HandleComponents.php(233): Livewire\\Mechanisms\\HandleComponents\\HandleComponents->trackInRenderStack(Object(App\\Filament\\Resources\\PlageHoraireBaseResource\\Pages\\ListPlageHoraireBases), Object(Closure))
#33 /home3/elngbpzd/work.dia.ci/vendor/livewire/livewire/src/Mechanisms/HandleComponents/HandleComponents.php(104): Livewire\\Mechanisms\\HandleComponents\\HandleComponents->render(Object(App\\Filament\\Resources\\PlageHoraireBaseResource\\Pages\\ListPlageHoraireBases))
#34 /home3/elngbpzd/work.dia.ci/vendor/livewire/livewire/src/LivewireManager.php(102): Livewire\\Mechanisms\\HandleComponents\\HandleComponents->update(Array, Array, Array)
#35 /home3/elngbpzd/work.dia.ci/vendor/livewire/livewire/src/Mechanisms/HandleRequests/HandleRequests.php(94): Livewire\\LivewireManager->update(Array, Array, Array)
#36 /home3/elngbpzd/work.dia.ci/vendor/laravel/framework/src/Illuminate/Routing/ControllerDispatcher.php(46): Livewire\\Mechanisms\\HandleRequests\\HandleRequests->handleUpdate()
#37 /home3/elngbpzd/work.dia.ci/vendor/laravel/framework/src/Illuminate/Routing/Route.php(265): Illuminate\\Routing\\ControllerDispatcher->dispatch(Object(Illuminate\\Routing\\Route), Object(Livewire\\Mechanisms\\HandleRequests\\HandleRequests), 'handleUpdate')
#38 /home3/elngbpzd/work.dia.ci/vendor/laravel/framework/src/Illuminate/Routing/Route.php(211): Illuminate\\Routing\\Route->runController()
#39 /home3/elngbpzd/work.dia.ci/vendor/laravel/framework/src/Illuminate/Routing/Router.php(808): Illuminate\\Routing\\Route->run()
#40 /home3/elngbpzd/work.dia.ci/vendor/laravel/framework/src/Illuminate/Pipeline/Pipeline.php(169): Illuminate\\Routing\\Router->Illuminate\\Routing\\{closure}(Object(Illuminate\\Http\\Request))
#41 /home3/elngbpzd/work.dia.ci/vendor/laravel/framework/src/Illuminate/Routing/Middleware/SubstituteBindings.php(50): Illuminate\\Pipeline\\Pipeline->Illuminate\\Pipeline\\{closure}(Object(Illuminate\\Http\\Request))
#42 /home3/elngbpzd/work.dia.ci/vendor/laravel/framework/src/Illuminate/Pipeline/Pipeline.php(208): Illuminate\\Routing\\Middleware\\SubstituteBindings->handle(Object(Illuminate\\Http\\Request), Object(Closure))
#43 /home3/elngbpzd/work.dia.ci/vendor/laravel/framework/src/Illuminate/Foundation/Http/Middleware/VerifyCsrfToken.php(87): Illuminate\\Pipeline\\Pipeline->Illuminate\\Pipeline\\{closure}(Object(Illuminate\\Http\\Request))
#44 /home3/elngbpzd/work.dia.ci/vendor/laravel/framework/src/Illuminate/Pipeline/Pipeline.php(208): Illuminate\\Foundation\\Http\\Middleware\\VerifyCsrfToken->handle(Object(Illuminate\\Http\\Request), Object(Closure))
#45 /home3/elngbpzd/work.dia.ci/vendor/laravel/framework/src/Illuminate/View/Middleware/ShareErrorsFromSession.php(48): Illuminate\\Pipeline\\Pipeline->Illuminate\\Pipeline\\{closure}(Object(Illuminate\\Http\\Request))
#46 /home3/elngbpzd/work.dia.ci/vendor/laravel/framework/src/Illuminate/Pipeline/Pipeline.php(208): Illuminate\\View\\Middleware\\ShareErrorsFromSession->handle(Object(Illuminate\\Http\\Request), Object(Closure))
#47 /home3/elngbpzd/work.dia.ci/vendor/laravel/framework/src/Illuminate/Session/Middleware/StartSession.php(120): Illuminate\\Pipeline\\Pipeline->Illuminate\\Pipeline\\{closure}(Object(Illuminate\\Http\\Request))
#48 /home3/elngbpzd/work.dia.ci/vendor/laravel/framework/src/Illuminate/Session/Middleware/StartSession.php(63): Illuminate\\Session\\Middleware\\StartSession->handleStatefulRequest(Object(Illuminate\\Http\\Request), Object(Illuminate\\Session\\Store), Object(Closure))
#49 /home3/elngbpzd/work.dia.ci/vendor/laravel/framework/src/Illuminate/Pipeline/Pipeline.php(208): Illuminate\\Session\\Middleware\\StartSession->handle(Object(Illuminate\\Http\\Request), Object(Closure))
#50 /home3/elngbpzd/work.dia.ci/vendor/laravel/framework/src/Illuminate/Cookie/Middleware/AddQueuedCookiesToResponse.php(36): Illuminate\\Pipeline\\Pipeline->Illuminate\\Pipeline\\{closure}(Object(Illuminate\\Http\\Request))
#51 /home3/elngbpzd/work.dia.ci/vendor/laravel/framework/src/Illuminate/Pipeline/Pipeline.php(208): Illuminate\\Cookie\\Middleware\\AddQueuedCookiesToResponse->handle(Object(Illuminate\\Http\\Request), Object(Closure))
#52 /home3/elngbpzd/work.dia.ci/vendor/laravel/framework/src/Illuminate/Cookie/Middleware/EncryptCookies.php(74): Illuminate\\Pipeline\\Pipeline->Illuminate\\Pipeline\\{closure}(Object(Illuminate\\Http\\Request))
#53 /home3/elngbpzd/work.dia.ci/vendor/laravel/framework/src/Illuminate/Pipeline/Pipeline.php(208): Illuminate\\Cookie\\Middleware\\EncryptCookies->handle(Object(Illuminate\\Http\\Request), Object(Closure))
#54 /home3/elngbpzd/work.dia.ci/vendor/laravel/framework/src/Illuminate/Pipeline/Pipeline.php(126): Illuminate\\Pipeline\\Pipeline->Illuminate\\Pipeline\\{closure}(Object(Illuminate\\Http\\Request))
#55 /home3/elngbpzd/work.dia.ci/vendor/laravel/framework/src/Illuminate/Routing/Router.php(807): Illuminate\\Pipeline\\Pipeline->then(Object(Closure))
#56 /home3/elngbpzd/work.dia.ci/vendor/laravel/framework/src/Illuminate/Routing/Router.php(786): Illuminate\\Routing\\Router->runRouteWithinStack(Object(Illuminate\\Routing\\Route), Object(Illuminate\\Http\\Request))
#57 /home3/elngbpzd/work.dia.ci/vendor/laravel/framework/src/Illuminate/Routing/Router.php(750): Illuminate\\Routing\\Router->runRoute(Object(Illuminate\\Http\\Request), Object(Illuminate\\Routing\\Route))
#58 /home3/elngbpzd/work.dia.ci/vendor/laravel/framework/src/Illuminate/Routing/Router.php(739): Illuminate\\Routing\\Router->dispatchToRoute(Object(Illuminate\\Http\\Request))
#59 /home3/elngbpzd/work.dia.ci/vendor/laravel/framework/src/Illuminate/Foundation/Http/Kernel.php(200): Illuminate\\Routing\\Router->dispatch(Object(Illuminate\\Http\\Request))
#60 /home3/elngbpzd/work.dia.ci/vendor/laravel/framework/src/Illuminate/Pipeline/Pipeline.php(169): Illuminate\\Foundation\\Http\\Kernel->Illuminate\\Foundation\\Http\\{closure}(Object(Illuminate\\Http\\Request))
#61 /home3/elngbpzd/work.dia.ci/vendor/livewire/livewire/src/Features/SupportDisablingBackButtonCache/DisableBackButtonCacheMiddleware.php(19): Illuminate\\Pipeline\\Pipeline->Illuminate\\Pipeline\\{closure}(Object(Illuminate\\Http\\Request))
#62 /home3/elngbpzd/work.dia.ci/vendor/laravel/framework/src/Illuminate/Pipeline/Pipeline.php(208): Livewire\\Features\\SupportDisablingBackButtonCache\\DisableBackButtonCacheMiddleware->handle(Object(Illuminate\\Http\\Request), Object(Closure))
#63 /home3/elngbpzd/work.dia.ci/vendor/laravel/framework/src/Illuminate/Foundation/Http/Middleware/ConvertEmptyStringsToNull.php(27): Illuminate\\Pipeline\\Pipeline->Illuminate\\Pipeline\\{closure}(Object(Illuminate\\Http\\Request))
#64 /home3/elngbpzd/work.dia.ci/vendor/laravel/framework/src/Illuminate/Pipeline/Pipeline.php(208): Illuminate\\Foundation\\Http\\Middleware\\ConvertEmptyStringsToNull->handle(Object(Illuminate\\Http\\Request), Object(Closure))
#65 /home3/elngbpzd/work.dia.ci/vendor/laravel/framework/src/Illuminate/Foundation/Http/Middleware/TrimStrings.php(47): Illuminate\\Pipeline\\Pipeline->Illuminate\\Pipeline\\{closure}(Object(Illuminate\\Http\\Request))
#66 /home3/elngbpzd/work.dia.ci/vendor/laravel/framework/src/Illuminate/Pipeline/Pipeline.php(208): Illuminate\\Foundation\\Http\\Middleware\\TrimStrings->handle(Object(Illuminate\\Http\\Request), Object(Closure))
#67 /home3/elngbpzd/work.dia.ci/vendor/laravel/framework/src/Illuminate/Http/Middleware/ValidatePostSize.php(27): Illuminate\\Pipeline\\Pipeline->Illuminate\\Pipeline\\{closure}(Object(Illuminate\\Http\\Request))
#68 /home3/elngbpzd/work.dia.ci/vendor/laravel/framework/src/Illuminate/Pipeline/Pipeline.php(208): Illuminate\\Http\\Middleware\\ValidatePostSize->handle(Object(Illuminate\\Http\\Request), Object(Closure))
#69 /home3/elngbpzd/work.dia.ci/vendor/laravel/framework/src/Illuminate/Foundation/Http/Middleware/PreventRequestsDuringMaintenance.php(109): Illuminate\\Pipeline\\Pipeline->Illuminate\\Pipeline\\{closure}(Object(Illuminate\\Http\\Request))
#70 /home3/elngbpzd/work.dia.ci/vendor/laravel/framework/src/Illuminate/Pipeline/Pipeline.php(208): Illuminate\\Foundation\\Http\\Middleware\\PreventRequestsDuringMaintenance->handle(Object(Illuminate\\Http\\Request), Object(Closure))
#71 /home3/elngbpzd/work.dia.ci/vendor/laravel/framework/src/Illuminate/Http/Middleware/HandleCors.php(48): Illuminate\\Pipeline\\Pipeline->Illuminate\\Pipeline\\{closure}(Object(Illuminate\\Http\\Request))
#72 /home3/elngbpzd/work.dia.ci/vendor/laravel/framework/src/Illuminate/Pipeline/Pipeline.php(208): Illuminate\\Http\\Middleware\\HandleCors->handle(Object(Illuminate\\Http\\Request), Object(Closure))
#73 /home3/elngbpzd/work.dia.ci/vendor/laravel/framework/src/Illuminate/Http/Middleware/TrustProxies.php(58): Illuminate\\Pipeline\\Pipeline->Illuminate\\Pipeline\\{closure}(Object(Illuminate\\Http\\Request))
#74 /home3/elngbpzd/work.dia.ci/vendor/laravel/framework/src/Illuminate/Pipeline/Pipeline.php(208): Illuminate\\Http\\Middleware\\TrustProxies->handle(Object(Illuminate\\Http\\Request), Object(Closure))
#75 /home3/elngbpzd/work.dia.ci/vendor/laravel/framework/src/Illuminate/Foundation/Http/Middleware/InvokeDeferredCallbacks.php(22): Illuminate\\Pipeline\\Pipeline->Illuminate\\Pipeline\\{closure}(Object(Illuminate\\Http\\Request))
#76 /home3/elngbpzd/work.dia.ci/vendor/laravel/framework/src/Illuminate/Pipeline/Pipeline.php(208): Illuminate\\Foundation\\Http\\Middleware\\InvokeDeferredCallbacks->handle(Object(Illuminate\\Http\\Request), Object(Closure))
#77 /home3/elngbpzd/work.dia.ci/vendor/laravel/framework/src/Illuminate/Http/Middleware/ValidatePathEncoding.php(26): Illuminate\\Pipeline\\Pipeline->Illuminate\\Pipeline\\{closure}(Object(Illuminate\\Http\\Request))
#78 /home3/elngbpzd/work.dia.ci/vendor/laravel/framework/src/Illuminate/Pipeline/Pipeline.php(208): Illuminate\\Http\\Middleware\\ValidatePathEncoding->handle(Object(Illuminate\\Http\\Request), Object(Closure))
#79 /home3/elngbpzd/work.dia.ci/vendor/laravel/framework/src/Illuminate/Pipeline/Pipeline.php(126): Illuminate\\Pipeline\\Pipeline->Illuminate\\Pipeline\\{closure}(Object(Illuminate\\Http\\Request))
#80 /home3/elngbpzd/work.dia.ci/vendor/laravel/framework/src/Illuminate/Foundation/Http/Kernel.php(175): Illuminate\\Pipeline\\Pipeline->then(Object(Closure))
#81 /home3/elngbpzd/work.dia.ci/vendor/laravel/framework/src/Illuminate/Foundation/Http/Kernel.php(144): Illuminate\\Foundation\\Http\\Kernel->sendRequestThroughRouter(Object(Illuminate\\Http\\Request))
#82 /home3/elngbpzd/work.dia.ci/vendor/laravel/framework/src/Illuminate/Foundation/Application.php(1219): Illuminate\\Foundation\\Http\\Kernel->handle(Object(Illuminate\\Http\\Request))
#83 /home3/elngbpzd/work.dia.ci/index.php(20): Illuminate\\Foundation\\Application->handleRequest(Object(Illuminate\\Http\\Request))
#84 {main}

[previous exception] [object] (PDOException(code: 42S22): SQLSTATE[42S22]: Column not found: 1054 Unknown column 'employes_count' in 'ORDER BY' at /home3/elngbpzd/work.dia.ci/vendor/laravel/framework/src/Illuminate/Database/Connection.php:404)
[stacktrace]
#0 /home3/elngbpzd/work.dia.ci/vendor/laravel/framework/src/Illuminate/Database/Connection.php(404): PDO->prepare('select `plage_h...')
#1 /home3/elngbpzd/work.dia.ci/vendor/laravel/framework/src/Illuminate/Database/Connection.php(809): Illuminate\\Database\\Connection->Illuminate\\Database\\{closure}('select `plage_h...', Array)
#2 /home3/elngbpzd/work.dia.ci/vendor/laravel/framework/src/Illuminate/Database/Connection.php(776): Illuminate\\Database\\Connection->runQueryCallback('select `plage_h...', Array, Object(Closure))
#3 /home3/elngbpzd/work.dia.ci/vendor/laravel/framework/src/Illuminate/Database/Connection.php(395): Illuminate\\Database\\Connection->run('select `plage_h...', Array, Object(Closure))
#4 /home3/elngbpzd/work.dia.ci/vendor/laravel/framework/src/Illuminate/Database/Query/Builder.php(3120): Illuminate\\Database\\Connection->select('select `plage_h...', Array, true)
#5 /home3/elngbpzd/work.dia.ci/vendor/laravel/framework/src/Illuminate/Database/Query/Builder.php(3105): Illuminate\\Database\\Query\\Builder->runSelect()
#6 /home3/elngbpzd/work.dia.ci/vendor/laravel/framework/src/Illuminate/Database/Query/Builder.php(3695): Illuminate\\Database\\Query\\Builder->Illuminate\\Database\\Query\\{closure}()
#7 /home3/elngbpzd/work.dia.ci/vendor/laravel/framework/src/Illuminate/Database/Query/Builder.php(3104): Illuminate\\Database\\Query\\Builder->onceWithColumns(Array, Object(Closure))
#8 /home3/elngbpzd/work.dia.ci/vendor/laravel/framework/src/Illuminate/Database/Eloquent/Builder.php(872): Illuminate\\Database\\Query\\Builder->get(Array)
#9 /home3/elngbpzd/work.dia.ci/vendor/laravel/framework/src/Illuminate/Database/Eloquent/Builder.php(854): Illuminate\\Database\\Eloquent\\Builder->getModels(Array)
#10 /home3/elngbpzd/work.dia.ci/vendor/laravel/framework/src/Illuminate/Database/Eloquent/Builder.php(1095): Illuminate\\Database\\Eloquent\\Builder->get(Array)
#11 /home3/elngbpzd/work.dia.ci/vendor/filament/tables/src/Concerns/CanPaginateRecords.php(37): Illuminate\\Database\\Eloquent\\Builder->paginate(10, Array, 'page', 1, 1)
#12 /home3/elngbpzd/work.dia.ci/vendor/filament/tables/src/Concerns/HasRecords.php(111): Filament\\Resources\\Pages\\ListRecords->paginateTableQuery(Object(Illuminate\\Database\\Eloquent\\Builder))
#13 /home3/elngbpzd/work.dia.ci/vendor/filament/tables/src/Table/Concerns/HasRecords.php(66): Filament\\Resources\\Pages\\ListRecords->getTableRecords()
#14 /home3/elngbpzd/work.dia.ci/storage/framework/views/214c544a94a5507404ff2242340d55d8.php(66): Filament\\Tables\\Table->getRecords()
#15 /home3/elngbpzd/work.dia.ci/vendor/livewire/livewire/src/Mechanisms/ExtendBlade/ExtendedCompilerEngine.php(37): include('/home3/elngbpzd...')
#16 /home3/elngbpzd/work.dia.ci/vendor/livewire/livewire/src/Mechanisms/ExtendBlade/ExtendedCompilerEngine.php(38): App\\Filament\\Resources\\PlageHoraireBaseResource\\Pages\\ListPlageHoraireBases->Livewire\\Mechanisms\\ExtendBlade\\{closure}()
#17 /home3/elngbpzd/work.dia.ci/vendor/laravel/framework/src/Illuminate/View/Engines/CompilerEngine.php(74): Livewire\\Mechanisms\\ExtendBlade\\ExtendedCompilerEngine->evaluatePath('/home3/elngbpzd...', Array)
#18 /home3/elngbpzd/work.dia.ci/vendor/livewire/livewire/src/Mechanisms/ExtendBlade/ExtendedCompilerEngine.php(16): Illuminate\\View\\Engines\\CompilerEngine->get('/home3/elngbpzd...', Array)
#19 /home3/elngbpzd/work.dia.ci/vendor/laravel/framework/src/Illuminate/View/View.php(208): Livewire\\Mechanisms\\ExtendBlade\\ExtendedCompilerEngine->get('/home3/elngbpzd...', Array)
#20 /home3/elngbpzd/work.dia.ci/vendor/laravel/framework/src/Illuminate/View/View.php(191): Illuminate\\View\\View->getContents()
#21 /home3/elngbpzd/work.dia.ci/vendor/laravel/framework/src/Illuminate/View/View.php(160): Illuminate\\View\\View->renderContents()
#22 /home3/elngbpzd/work.dia.ci/vendor/filament/support/src/Components/ViewComponent.php(115): Illuminate\\View\\View->render()
#23 /home3/elngbpzd/work.dia.ci/vendor/laravel/framework/src/Illuminate/Support/helpers.php(134): Filament\\Support\\Components\\ViewComponent->toHtml()
#24 /home3/elngbpzd/work.dia.ci/storage/framework/views/997005b9a04b8fc3954abb3e497ab51c.php(42): e(Object(Filament\\Tables\\Table))
#25 /home3/elngbpzd/work.dia.ci/vendor/livewire/livewire/src/Mechanisms/ExtendBlade/ExtendedCompilerEngine.php(37): include('/home3/elngbpzd...')
#26 /home3/elngbpzd/work.dia.ci/vendor/livewire/livewire/src/Mechanisms/ExtendBlade/ExtendedCompilerEngine.php(38): App\\Filament\\Resources\\PlageHoraireBaseResource\\Pages\\ListPlageHoraireBases->Livewire\\Mechanisms\\ExtendBlade\\{closure}()
#27 /home3/elngbpzd/work.dia.ci/vendor/laravel/framework/src/Illuminate/View/Engines/CompilerEngine.php(74): Livewire\\Mechanisms\\ExtendBlade\\ExtendedCompilerEngine->evaluatePath('/home3/elngbpzd...', Array)
#28 /home3/elngbpzd/work.dia.ci/vendor/livewire/livewire/src/Mechanisms/ExtendBlade/ExtendedCompilerEngine.php(16): Illuminate\\View\\Engines\\CompilerEngine->get('/home3/elngbpzd...', Array)
#29 /home3/elngbpzd/work.dia.ci/vendor/laravel/framework/src/Illuminate/View/View.php(208): Livewire\\Mechanisms\\ExtendBlade\\ExtendedCompilerEngine->get('/home3/elngbpzd...', Array)
#30 /home3/elngbpzd/work.dia.ci/vendor/laravel/framework/src/Illuminate/View/View.php(191): Illuminate\\View\\View->getContents()
#31 /home3/elngbpzd/work.dia.ci/vendor/laravel/framework/src/Illuminate/View/View.php(160): Illuminate\\View\\View->renderContents()
#32 /home3/elngbpzd/work.dia.ci/vendor/livewire/livewire/src/Mechanisms/HandleComponents/HandleComponents.php(241): Illuminate\\View\\View->render(Object(Closure))
#33 /home3/elngbpzd/work.dia.ci/vendor/livewire/livewire/src/Mechanisms/HandleComponents/HandleComponents.php(285): Livewire\\Mechanisms\\HandleComponents\\HandleComponents->Livewire\\Mechanisms\\HandleComponents\\{closure}()
#34 /home3/elngbpzd/work.dia.ci/vendor/livewire/livewire/src/Mechanisms/HandleComponents/HandleComponents.php(233): Livewire\\Mechanisms\\HandleComponents\\HandleComponents->trackInRenderStack(Object(App\\Filament\\Resources\\PlageHoraireBaseResource\\Pages\\ListPlageHoraireBases), Object(Closure))
#35 /home3/elngbpzd/work.dia.ci/vendor/livewire/livewire/src/Mechanisms/HandleComponents/HandleComponents.php(104): Livewire\\Mechanisms\\HandleComponents\\HandleComponents->render(Object(App\\Filament\\Resources\\PlageHoraireBaseResource\\Pages\\ListPlageHoraireBases))
#36 /home3/elngbpzd/work.dia.ci/vendor/livewire/livewire/src/LivewireManager.php(102): Livewire\\Mechanisms\\HandleComponents\\HandleComponents->update(Array, Array, Array)
#37 /home3/elngbpzd/work.dia.ci/vendor/livewire/livewire/src/Mechanisms/HandleRequests/HandleRequests.php(94): Livewire\\LivewireManager->update(Array, Array, Array)
#38 /home3/elngbpzd/work.dia.ci/vendor/laravel/framework/src/Illuminate/Routing/ControllerDispatcher.php(46): Livewire\\Mechanisms\\HandleRequests\\HandleRequests->handleUpdate()
#39 /home3/elngbpzd/work.dia.ci/vendor/laravel/framework/src/Illuminate/Routing/Route.php(265): Illuminate\\Routing\\ControllerDispatcher->dispatch(Object(Illuminate\\Routing\\Route), Object(Livewire\\Mechanisms\\HandleRequests\\HandleRequests), 'handleUpdate')
#40 /home3/elngbpzd/work.dia.ci/vendor/laravel/framework/src/Illuminate/Routing/Route.php(211): Illuminate\\Routing\\Route->runController()
#41 /home3/elngbpzd/work.dia.ci/vendor/laravel/framework/src/Illuminate/Routing/Router.php(808): Illuminate\\Routing\\Route->run()
#42 /home3/elngbpzd/work.dia.ci/vendor/laravel/framework/src/Illuminate/Pipeline/Pipeline.php(169): Illuminate\\Routing\\Router->Illuminate\\Routing\\{closure}(Object(Illuminate\\Http\\Request))
#43 /home3/elngbpzd/work.dia.ci/vendor/laravel/framework/src/Illuminate/Routing/Middleware/SubstituteBindings.php(50): Illuminate\\Pipeline\\Pipeline->Illuminate\\Pipeline\\{closure}(Object(Illuminate\\Http\\Request))
#44 /home3/elngbpzd/work.dia.ci/vendor/laravel/framework/src/Illuminate/Pipeline/Pipeline.php(208): Illuminate\\Routing\\Middleware\\SubstituteBindings->handle(Object(Illuminate\\Http\\Request), Object(Closure))
#45 /home3/elngbpzd/work.dia.ci/vendor/laravel/framework/src/Illuminate/Foundation/Http/Middleware/VerifyCsrfToken.php(87): Illuminate\\Pipeline\\Pipeline->Illuminate\\Pipeline\\{closure}(Object(Illuminate\\Http\\Request))
#46 /home3/elngbpzd/work.dia.ci/vendor/laravel/framework/src/Illuminate/Pipeline/Pipeline.php(208): Illuminate\\Foundation\\Http\\Middleware\\VerifyCsrfToken->handle(Object(Illuminate\\Http\\Request), Object(Closure))
#47 /home3/elngbpzd/work.dia.ci/vendor/laravel/framework/src/Illuminate/View/Middleware/ShareErrorsFromSession.php(48): Illuminate\\Pipeline\\Pipeline->Illuminate\\Pipeline\\{closure}(Object(Illuminate\\Http\\Request))
#48 /home3/elngbpzd/work.dia.ci/vendor/laravel/framework/src/Illuminate/Pipeline/Pipeline.php(208): Illuminate\\View\\Middleware\\ShareErrorsFromSession->handle(Object(Illuminate\\Http\\Request), Object(Closure))
#49 /home3/elngbpzd/work.dia.ci/vendor/laravel/framework/src/Illuminate/Session/Middleware/StartSession.php(120): Illuminate\\Pipeline\\Pipeline->Illuminate\\Pipeline\\{closure}(Object(Illuminate\\Http\\Request))
#50 /home3/elngbpzd/work.dia.ci/vendor/laravel/framework/src/Illuminate/Session/Middleware/StartSession.php(63): Illuminate\\Session\\Middleware\\StartSession->handleStatefulRequest(Object(Illuminate\\Http\\Request), Object(Illuminate\\Session\\Store), Object(Closure))
#51 /home3/elngbpzd/work.dia.ci/vendor/laravel/framework/src/Illuminate/Pipeline/Pipeline.php(208): Illuminate\\Session\\Middleware\\StartSession->handle(Object(Illuminate\\Http\\Request), Object(Closure))
#52 /home3/elngbpzd/work.dia.ci/vendor/laravel/framework/src/Illuminate/Cookie/Middleware/AddQueuedCookiesToResponse.php(36): Illuminate\\Pipeline\\Pipeline->Illuminate\\Pipeline\\{closure}(Object(Illuminate\\Http\\Request))
#53 /home3/elngbpzd/work.dia.ci/vendor/laravel/framework/src/Illuminate/Pipeline/Pipeline.php(208): Illuminate\\Cookie\\Middleware\\AddQueuedCookiesToResponse->handle(Object(Illuminate\\Http\\Request), Object(Closure))
#54 /home3/elngbpzd/work.dia.ci/vendor/laravel/framework/src/Illuminate/Cookie/Middleware/EncryptCookies.php(74): Illuminate\\Pipeline\\Pipeline->Illuminate\\Pipeline\\{closure}(Object(Illuminate\\Http\\Request))
#55 /home3/elngbpzd/work.dia.ci/vendor/laravel/framework/src/Illuminate/Pipeline/Pipeline.php(208): Illuminate\\Cookie\\Middleware\\EncryptCookies->handle(Object(Illuminate\\Http\\Request), Object(Closure))
#56 /home3/elngbpzd/work.dia.ci/vendor/laravel/framework/src/Illuminate/Pipeline/Pipeline.php(126): Illuminate\\Pipeline\\Pipeline->Illuminate\\Pipeline\\{closure}(Object(Illuminate\\Http\\Request))
#57 /home3/elngbpzd/work.dia.ci/vendor/laravel/framework/src/Illuminate/Routing/Router.php(807): Illuminate\\Pipeline\\Pipeline->then(Object(Closure))
#58 /home3/elngbpzd/work.dia.ci/vendor/laravel/framework/src/Illuminate/Routing/Router.php(786): Illuminate\\Routing\\Router->runRouteWithinStack(Object(Illuminate\\Routing\\Route), Object(Illuminate\\Http\\Request))
#59 /home3/elngbpzd/work.dia.ci/vendor/laravel/framework/src/Illuminate/Routing/Router.php(750): Illuminate\\Routing\\Router->runRoute(Object(Illuminate\\Http\\Request), Object(Illuminate\\Routing\\Route))
#60 /home3/elngbpzd/work.dia.ci/vendor/laravel/framework/src/Illuminate/Routing/Router.php(739): Illuminate\\Routing\\Router->dispatchToRoute(Object(Illuminate\\Http\\Request))
#61 /home3/elngbpzd/work.dia.ci/vendor/laravel/framework/src/Illuminate/Foundation/Http/Kernel.php(200): Illuminate\\Routing\\Router->dispatch(Object(Illuminate\\Http\\Request))
#62 /home3/elngbpzd/work.dia.ci/vendor/laravel/framework/src/Illuminate/Pipeline/Pipeline.php(169): Illuminate\\Foundation\\Http\\Kernel->Illuminate\\Foundation\\Http\\{closure}(Object(Illuminate\\Http\\Request))
#63 /home3/elngbpzd/work.dia.ci/vendor/livewire/livewire/src/Features/SupportDisablingBackButtonCache/DisableBackButtonCacheMiddleware.php(19): Illuminate\\Pipeline\\Pipeline->Illuminate\\Pipeline\\{closure}(Object(Illuminate\\Http\\Request))
#64 /home3/elngbpzd/work.dia.ci/vendor/laravel/framework/src/Illuminate/Pipeline/Pipeline.php(208): Livewire\\Features\\SupportDisablingBackButtonCache\\DisableBackButtonCacheMiddleware->handle(Object(Illuminate\\Http\\Request), Object(Closure))
#65 /home3/elngbpzd/work.dia.ci/vendor/laravel/framework/src/Illuminate/Foundation/Http/Middleware/ConvertEmptyStringsToNull.php(27): Illuminate\\Pipeline\\Pipeline->Illuminate\\Pipeline\\{closure}(Object(Illuminate\\Http\\Request))
#66 /home3/elngbpzd/work.dia.ci/vendor/laravel/framework/src/Illuminate/Pipeline/Pipeline.php(208): Illuminate\\Foundation\\Http\\Middleware\\ConvertEmptyStringsToNull->handle(Object(Illuminate\\Http\\Request), Object(Closure))
#67 /home3/elngbpzd/work.dia.ci/vendor/laravel/framework/src/Illuminate/Foundation/Http/Middleware/TrimStrings.php(47): Illuminate\\Pipeline\\Pipeline->Illuminate\\Pipeline\\{closure}(Object(Illuminate\\Http\\Request))
#68 /home3/elngbpzd/work.dia.ci/vendor/laravel/framework/src/Illuminate/Pipeline/Pipeline.php(208): Illuminate\\Foundation\\Http\\Middleware\\TrimStrings->handle(Object(Illuminate\\Http\\Request), Object(Closure))
#69 /home3/elngbpzd/work.dia.ci/vendor/laravel/framework/src/Illuminate/Http/Middleware/ValidatePostSize.php(27): Illuminate\\Pipeline\\Pipeline->Illuminate\\Pipeline\\{closure}(Object(Illuminate\\Http\\Request))
#70 /home3/elngbpzd/work.dia.ci/vendor/laravel/framework/src/Illuminate/Pipeline/Pipeline.php(208): Illuminate\\Http\\Middleware\\ValidatePostSize->handle(Object(Illuminate\\Http\\Request), Object(Closure))
#71 /home3/elngbpzd/work.dia.ci/vendor/laravel/framework/src/Illuminate/Foundation/Http/Middleware/PreventRequestsDuringMaintenance.php(109): Illuminate\\Pipeline\\Pipeline->Illuminate\\Pipeline\\{closure}(Object(Illuminate\\Http\\Request))
#72 /home3/elngbpzd/work.dia.ci/vendor/laravel/framework/src/Illuminate/Pipeline/Pipeline.php(208): Illuminate\\Foundation\\Http\\Middleware\\PreventRequestsDuringMaintenance->handle(Object(Illuminate\\Http\\Request), Object(Closure))
#73 /home3/elngbpzd/work.dia.ci/vendor/laravel/framework/src/Illuminate/Http/Middleware/HandleCors.php(48): Illuminate\\Pipeline\\Pipeline->Illuminate\\Pipeline\\{closure}(Object(Illuminate\\Http\\Request))
#74 /home3/elngbpzd/work.dia.ci/vendor/laravel/framework/src/Illuminate/Pipeline/Pipeline.php(208): Illuminate\\Http\\Middleware\\HandleCors->handle(Object(Illuminate\\Http\\Request), Object(Closure))
#75 /home3/elngbpzd/work.dia.ci/vendor/laravel/framework/src/Illuminate/Http/Middleware/TrustProxies.php(58): Illuminate\\Pipeline\\Pipeline->Illuminate\\Pipeline\\{closure}(Object(Illuminate\\Http\\Request))
#76 /home3/elngbpzd/work.dia.ci/vendor/laravel/framework/src/Illuminate/Pipeline/Pipeline.php(208): Illuminate\\Http\\Middleware\\TrustProxies->handle(Object(Illuminate\\Http\\Request), Object(Closure))
#77 /home3/elngbpzd/work.dia.ci/vendor/laravel/framework/src/Illuminate/Foundation/Http/Middleware/InvokeDeferredCallbacks.php(22): Illuminate\\Pipeline\\Pipeline->Illuminate\\Pipeline\\{closure}(Object(Illuminate\\Http\\Request))
#78 /home3/elngbpzd/work.dia.ci/vendor/laravel/framework/src/Illuminate/Pipeline/Pipeline.php(208): Illuminate\\Foundation\\Http\\Middleware\\InvokeDeferredCallbacks->handle(Object(Illuminate\\Http\\Request), Object(Closure))
#79 /home3/elngbpzd/work.dia.ci/vendor/laravel/framework/src/Illuminate/Http/Middleware/ValidatePathEncoding.php(26): Illuminate\\Pipeline\\Pipeline->Illuminate\\Pipeline\\{closure}(Object(Illuminate\\Http\\Request))
#80 /home3/elngbpzd/work.dia.ci/vendor/laravel/framework/src/Illuminate/Pipeline/Pipeline.php(208): Illuminate\\Http\\Middleware\\ValidatePathEncoding->handle(Object(Illuminate\\Http\\Request), Object(Closure))
#81 /home3/elngbpzd/work.dia.ci/vendor/laravel/framework/src/Illuminate/Pipeline/Pipeline.php(126): Illuminate\\Pipeline\\Pipeline->Illuminate\\Pipeline\\{closure}(Object(Illuminate\\Http\\Request))
#82 /home3/elngbpzd/work.dia.ci/vendor/laravel/framework/src/Illuminate/Foundation/Http/Kernel.php(175): Illuminate\\Pipeline\\Pipeline->then(Object(Closure))
#83 /home3/elngbpzd/work.dia.ci/vendor/laravel/framework/src/Illuminate/Foundation/Http/Kernel.php(144): Illuminate\\Foundation\\Http\\Kernel->sendRequestThroughRouter(Object(Illuminate\\Http\\Request))
#84 /home3/elngbpzd/work.dia.ci/vendor/laravel/framework/src/Illuminate/Foundation/Application.php(1219): Illuminate\\Foundation\\Http\\Kernel->handle(Object(Illuminate\\Http\\Request))
#85 /home3/elngbpzd/work.dia.ci/index.php(20): Illuminate\\Foundation\\Application->handleRequest(Object(Illuminate\\Http\\Request))
#86 {main}
"} 
[2025-06-10 01:09:39] production.ERROR: SQLSTATE[01000]: Warning: 1265 Data truncated for column 'user_id' at row 1 (Connection: mysql, SQL: insert into `notifications` (`user_id`, `entreprise_id`, `type`, `message`, `data`, `canal`, `priorite`, `statut`, `email_envoye`, `sms_envoye`, `lu`, `date_envoi`, `date_lecture`, `tentatives`, `prochaine_tentative`, `erreur`, `id`, `updated_at`, `created_at`) values (019751d2-61e7-71b4-b9bf-abfc43fafa4d, 019740aa-1d0a-725c-9d26-de79cf18001d, retard, Test, [], email, normale, en_attente, 0, 0, 0, 2025-06-10 01:10:00, ?, 2, 2025-06-10 01:11:00, Test erreur , 01975762-c404-700c-bc30-dfa0fad05ee6, 2025-06-10 01:09:39, 2025-06-10 01:09:39)) {"userId":"01973f93-044a-73c2-b850-6771287d52a8","exception":"[object] (Illuminate\\Database\\QueryException(code: 01000): SQLSTATE[01000]: Warning: 1265 Data truncated for column 'user_id' at row 1 (Connection: mysql, SQL: insert into `notifications` (`user_id`, `entreprise_id`, `type`, `message`, `data`, `canal`, `priorite`, `statut`, `email_envoye`, `sms_envoye`, `lu`, `date_envoi`, `date_lecture`, `tentatives`, `prochaine_tentative`, `erreur`, `id`, `updated_at`, `created_at`) values (019751d2-61e7-71b4-b9bf-abfc43fafa4d, 019740aa-1d0a-725c-9d26-de79cf18001d, retard, Test, [], email, normale, en_attente, 0, 0, 0, 2025-06-10 01:10:00, ?, 2, 2025-06-10 01:11:00, Test erreur , 01975762-c404-700c-bc30-dfa0fad05ee6, 2025-06-10 01:09:39, 2025-06-10 01:09:39)) at /home3/elngbpzd/work.dia.ci/vendor/laravel/framework/src/Illuminate/Database/Connection.php:822)
[stacktrace]
#0 /home3/elngbpzd/work.dia.ci/vendor/laravel/framework/src/Illuminate/Database/Connection.php(776): Illuminate\\Database\\Connection->runQueryCallback('insert into `no...', Array, Object(Closure))
#1 /home3/elngbpzd/work.dia.ci/vendor/laravel/framework/src/Illuminate/Database/MySqlConnection.php(42): Illuminate\\Database\\Connection->run('insert into `no...', Array, Object(Closure))
#2 /home3/elngbpzd/work.dia.ci/vendor/laravel/framework/src/Illuminate/Database/Query/Builder.php(3736): Illuminate\\Database\\MySqlConnection->insert('insert into `no...', Array)
#3 /home3/elngbpzd/work.dia.ci/vendor/laravel/framework/src/Illuminate/Database/Eloquent/Builder.php(2205): Illuminate\\Database\\Query\\Builder->insert(Array)
#4 /home3/elngbpzd/work.dia.ci/vendor/laravel/framework/src/Illuminate/Database/Eloquent/Model.php(1384): Illuminate\\Database\\Eloquent\\Builder->__call('insert', Array)
#5 /home3/elngbpzd/work.dia.ci/vendor/laravel/framework/src/Illuminate/Database/Eloquent/Model.php(1212): Illuminate\\Database\\Eloquent\\Model->performInsert(Object(Illuminate\\Database\\Eloquent\\Builder))
#6 /home3/elngbpzd/work.dia.ci/vendor/filament/filament/src/Resources/Pages/CreateRecord.php(175): Illuminate\\Database\\Eloquent\\Model->save()
#7 /home3/elngbpzd/work.dia.ci/vendor/filament/filament/src/Resources/Pages/CreateRecord.php(92): Filament\\Resources\\Pages\\CreateRecord->handleRecordCreation(Array)
#8 /home3/elngbpzd/work.dia.ci/vendor/laravel/framework/src/Illuminate/Container/BoundMethod.php(36): Filament\\Resources\\Pages\\CreateRecord->create(false)
#9 /home3/elngbpzd/work.dia.ci/vendor/laravel/framework/src/Illuminate/Container/Util.php(43): Illuminate\\Container\\BoundMethod::Illuminate\\Container\\{closure}()
#10 /home3/elngbpzd/work.dia.ci/vendor/laravel/framework/src/Illuminate/Container/BoundMethod.php(96): Illuminate\\Container\\Util::unwrapIfClosure(Object(Closure))
#11 /home3/elngbpzd/work.dia.ci/vendor/laravel/framework/src/Illuminate/Container/BoundMethod.php(35): Illuminate\\Container\\BoundMethod::callBoundMethod(Object(Illuminate\\Foundation\\Application), Array, Object(Closure))
#12 /home3/elngbpzd/work.dia.ci/vendor/livewire/livewire/src/Wrapped.php(23): Illuminate\\Container\\BoundMethod::call(Object(Illuminate\\Foundation\\Application), Array, Array)
#13 /home3/elngbpzd/work.dia.ci/vendor/livewire/livewire/src/Mechanisms/HandleComponents/HandleComponents.php(474): Livewire\\Wrapped->__call('create', Array)
#14 /home3/elngbpzd/work.dia.ci/vendor/livewire/livewire/src/Mechanisms/HandleComponents/HandleComponents.php(101): Livewire\\Mechanisms\\HandleComponents\\HandleComponents->callMethods(Object(App\\Filament\\Resources\\NotificationResource\\Pages\\CreateNotification), Array, Object(Livewire\\Mechanisms\\HandleComponents\\ComponentContext))
#15 /home3/elngbpzd/work.dia.ci/vendor/livewire/livewire/src/LivewireManager.php(102): Livewire\\Mechanisms\\HandleComponents\\HandleComponents->update(Array, Array, Array)
#16 /home3/elngbpzd/work.dia.ci/vendor/livewire/livewire/src/Mechanisms/HandleRequests/HandleRequests.php(94): Livewire\\LivewireManager->update(Array, Array, Array)
#17 /home3/elngbpzd/work.dia.ci/vendor/laravel/framework/src/Illuminate/Routing/ControllerDispatcher.php(46): Livewire\\Mechanisms\\HandleRequests\\HandleRequests->handleUpdate()
#18 /home3/elngbpzd/work.dia.ci/vendor/laravel/framework/src/Illuminate/Routing/Route.php(265): Illuminate\\Routing\\ControllerDispatcher->dispatch(Object(Illuminate\\Routing\\Route), Object(Livewire\\Mechanisms\\HandleRequests\\HandleRequests), 'handleUpdate')
#19 /home3/elngbpzd/work.dia.ci/vendor/laravel/framework/src/Illuminate/Routing/Route.php(211): Illuminate\\Routing\\Route->runController()
#20 /home3/elngbpzd/work.dia.ci/vendor/laravel/framework/src/Illuminate/Routing/Router.php(808): Illuminate\\Routing\\Route->run()
#21 /home3/elngbpzd/work.dia.ci/vendor/laravel/framework/src/Illuminate/Pipeline/Pipeline.php(169): Illuminate\\Routing\\Router->Illuminate\\Routing\\{closure}(Object(Illuminate\\Http\\Request))
#22 /home3/elngbpzd/work.dia.ci/vendor/laravel/framework/src/Illuminate/Routing/Middleware/SubstituteBindings.php(50): Illuminate\\Pipeline\\Pipeline->Illuminate\\Pipeline\\{closure}(Object(Illuminate\\Http\\Request))
#23 /home3/elngbpzd/work.dia.ci/vendor/laravel/framework/src/Illuminate/Pipeline/Pipeline.php(208): Illuminate\\Routing\\Middleware\\SubstituteBindings->handle(Object(Illuminate\\Http\\Request), Object(Closure))
#24 /home3/elngbpzd/work.dia.ci/vendor/laravel/framework/src/Illuminate/Foundation/Http/Middleware/VerifyCsrfToken.php(87): Illuminate\\Pipeline\\Pipeline->Illuminate\\Pipeline\\{closure}(Object(Illuminate\\Http\\Request))
#25 /home3/elngbpzd/work.dia.ci/vendor/laravel/framework/src/Illuminate/Pipeline/Pipeline.php(208): Illuminate\\Foundation\\Http\\Middleware\\VerifyCsrfToken->handle(Object(Illuminate\\Http\\Request), Object(Closure))
#26 /home3/elngbpzd/work.dia.ci/vendor/laravel/framework/src/Illuminate/View/Middleware/ShareErrorsFromSession.php(48): Illuminate\\Pipeline\\Pipeline->Illuminate\\Pipeline\\{closure}(Object(Illuminate\\Http\\Request))
#27 /home3/elngbpzd/work.dia.ci/vendor/laravel/framework/src/Illuminate/Pipeline/Pipeline.php(208): Illuminate\\View\\Middleware\\ShareErrorsFromSession->handle(Object(Illuminate\\Http\\Request), Object(Closure))
#28 /home3/elngbpzd/work.dia.ci/vendor/laravel/framework/src/Illuminate/Session/Middleware/StartSession.php(120): Illuminate\\Pipeline\\Pipeline->Illuminate\\Pipeline\\{closure}(Object(Illuminate\\Http\\Request))
#29 /home3/elngbpzd/work.dia.ci/vendor/laravel/framework/src/Illuminate/Session/Middleware/StartSession.php(63): Illuminate\\Session\\Middleware\\StartSession->handleStatefulRequest(Object(Illuminate\\Http\\Request), Object(Illuminate\\Session\\Store), Object(Closure))
#30 /home3/elngbpzd/work.dia.ci/vendor/laravel/framework/src/Illuminate/Pipeline/Pipeline.php(208): Illuminate\\Session\\Middleware\\StartSession->handle(Object(Illuminate\\Http\\Request), Object(Closure))
#31 /home3/elngbpzd/work.dia.ci/vendor/laravel/framework/src/Illuminate/Cookie/Middleware/AddQueuedCookiesToResponse.php(36): Illuminate\\Pipeline\\Pipeline->Illuminate\\Pipeline\\{closure}(Object(Illuminate\\Http\\Request))
#32 /home3/elngbpzd/work.dia.ci/vendor/laravel/framework/src/Illuminate/Pipeline/Pipeline.php(208): Illuminate\\Cookie\\Middleware\\AddQueuedCookiesToResponse->handle(Object(Illuminate\\Http\\Request), Object(Closure))
#33 /home3/elngbpzd/work.dia.ci/vendor/laravel/framework/src/Illuminate/Cookie/Middleware/EncryptCookies.php(74): Illuminate\\Pipeline\\Pipeline->Illuminate\\Pipeline\\{closure}(Object(Illuminate\\Http\\Request))
#34 /home3/elngbpzd/work.dia.ci/vendor/laravel/framework/src/Illuminate/Pipeline/Pipeline.php(208): Illuminate\\Cookie\\Middleware\\EncryptCookies->handle(Object(Illuminate\\Http\\Request), Object(Closure))
#35 /home3/elngbpzd/work.dia.ci/vendor/laravel/framework/src/Illuminate/Pipeline/Pipeline.php(126): Illuminate\\Pipeline\\Pipeline->Illuminate\\Pipeline\\{closure}(Object(Illuminate\\Http\\Request))
#36 /home3/elngbpzd/work.dia.ci/vendor/laravel/framework/src/Illuminate/Routing/Router.php(807): Illuminate\\Pipeline\\Pipeline->then(Object(Closure))
#37 /home3/elngbpzd/work.dia.ci/vendor/laravel/framework/src/Illuminate/Routing/Router.php(786): Illuminate\\Routing\\Router->runRouteWithinStack(Object(Illuminate\\Routing\\Route), Object(Illuminate\\Http\\Request))
#38 /home3/elngbpzd/work.dia.ci/vendor/laravel/framework/src/Illuminate/Routing/Router.php(750): Illuminate\\Routing\\Router->runRoute(Object(Illuminate\\Http\\Request), Object(Illuminate\\Routing\\Route))
#39 /home3/elngbpzd/work.dia.ci/vendor/laravel/framework/src/Illuminate/Routing/Router.php(739): Illuminate\\Routing\\Router->dispatchToRoute(Object(Illuminate\\Http\\Request))
#40 /home3/elngbpzd/work.dia.ci/vendor/laravel/framework/src/Illuminate/Foundation/Http/Kernel.php(200): Illuminate\\Routing\\Router->dispatch(Object(Illuminate\\Http\\Request))
#41 /home3/elngbpzd/work.dia.ci/vendor/laravel/framework/src/Illuminate/Pipeline/Pipeline.php(169): Illuminate\\Foundation\\Http\\Kernel->Illuminate\\Foundation\\Http\\{closure}(Object(Illuminate\\Http\\Request))
#42 /home3/elngbpzd/work.dia.ci/vendor/livewire/livewire/src/Features/SupportDisablingBackButtonCache/DisableBackButtonCacheMiddleware.php(19): Illuminate\\Pipeline\\Pipeline->Illuminate\\Pipeline\\{closure}(Object(Illuminate\\Http\\Request))
#43 /home3/elngbpzd/work.dia.ci/vendor/laravel/framework/src/Illuminate/Pipeline/Pipeline.php(208): Livewire\\Features\\SupportDisablingBackButtonCache\\DisableBackButtonCacheMiddleware->handle(Object(Illuminate\\Http\\Request), Object(Closure))
#44 /home3/elngbpzd/work.dia.ci/vendor/laravel/framework/src/Illuminate/Foundation/Http/Middleware/ConvertEmptyStringsToNull.php(27): Illuminate\\Pipeline\\Pipeline->Illuminate\\Pipeline\\{closure}(Object(Illuminate\\Http\\Request))
#45 /home3/elngbpzd/work.dia.ci/vendor/laravel/framework/src/Illuminate/Pipeline/Pipeline.php(208): Illuminate\\Foundation\\Http\\Middleware\\ConvertEmptyStringsToNull->handle(Object(Illuminate\\Http\\Request), Object(Closure))
#46 /home3/elngbpzd/work.dia.ci/vendor/laravel/framework/src/Illuminate/Foundation/Http/Middleware/TrimStrings.php(47): Illuminate\\Pipeline\\Pipeline->Illuminate\\Pipeline\\{closure}(Object(Illuminate\\Http\\Request))
#47 /home3/elngbpzd/work.dia.ci/vendor/laravel/framework/src/Illuminate/Pipeline/Pipeline.php(208): Illuminate\\Foundation\\Http\\Middleware\\TrimStrings->handle(Object(Illuminate\\Http\\Request), Object(Closure))
#48 /home3/elngbpzd/work.dia.ci/vendor/laravel/framework/src/Illuminate/Http/Middleware/ValidatePostSize.php(27): Illuminate\\Pipeline\\Pipeline->Illuminate\\Pipeline\\{closure}(Object(Illuminate\\Http\\Request))
#49 /home3/elngbpzd/work.dia.ci/vendor/laravel/framework/src/Illuminate/Pipeline/Pipeline.php(208): Illuminate\\Http\\Middleware\\ValidatePostSize->handle(Object(Illuminate\\Http\\Request), Object(Closure))
#50 /home3/elngbpzd/work.dia.ci/vendor/laravel/framework/src/Illuminate/Foundation/Http/Middleware/PreventRequestsDuringMaintenance.php(109): Illuminate\\Pipeline\\Pipeline->Illuminate\\Pipeline\\{closure}(Object(Illuminate\\Http\\Request))
#51 /home3/elngbpzd/work.dia.ci/vendor/laravel/framework/src/Illuminate/Pipeline/Pipeline.php(208): Illuminate\\Foundation\\Http\\Middleware\\PreventRequestsDuringMaintenance->handle(Object(Illuminate\\Http\\Request), Object(Closure))
#52 /home3/elngbpzd/work.dia.ci/vendor/laravel/framework/src/Illuminate/Http/Middleware/HandleCors.php(48): Illuminate\\Pipeline\\Pipeline->Illuminate\\Pipeline\\{closure}(Object(Illuminate\\Http\\Request))
#53 /home3/elngbpzd/work.dia.ci/vendor/laravel/framework/src/Illuminate/Pipeline/Pipeline.php(208): Illuminate\\Http\\Middleware\\HandleCors->handle(Object(Illuminate\\Http\\Request), Object(Closure))
#54 /home3/elngbpzd/work.dia.ci/vendor/laravel/framework/src/Illuminate/Http/Middleware/TrustProxies.php(58): Illuminate\\Pipeline\\Pipeline->Illuminate\\Pipeline\\{closure}(Object(Illuminate\\Http\\Request))
#55 /home3/elngbpzd/work.dia.ci/vendor/laravel/framework/src/Illuminate/Pipeline/Pipeline.php(208): Illuminate\\Http\\Middleware\\TrustProxies->handle(Object(Illuminate\\Http\\Request), Object(Closure))
#56 /home3/elngbpzd/work.dia.ci/vendor/laravel/framework/src/Illuminate/Foundation/Http/Middleware/InvokeDeferredCallbacks.php(22): Illuminate\\Pipeline\\Pipeline->Illuminate\\Pipeline\\{closure}(Object(Illuminate\\Http\\Request))
#57 /home3/elngbpzd/work.dia.ci/vendor/laravel/framework/src/Illuminate/Pipeline/Pipeline.php(208): Illuminate\\Foundation\\Http\\Middleware\\InvokeDeferredCallbacks->handle(Object(Illuminate\\Http\\Request), Object(Closure))
#58 /home3/elngbpzd/work.dia.ci/vendor/laravel/framework/src/Illuminate/Http/Middleware/ValidatePathEncoding.php(26): Illuminate\\Pipeline\\Pipeline->Illuminate\\Pipeline\\{closure}(Object(Illuminate\\Http\\Request))
#59 /home3/elngbpzd/work.dia.ci/vendor/laravel/framework/src/Illuminate/Pipeline/Pipeline.php(208): Illuminate\\Http\\Middleware\\ValidatePathEncoding->handle(Object(Illuminate\\Http\\Request), Object(Closure))
#60 /home3/elngbpzd/work.dia.ci/vendor/laravel/framework/src/Illuminate/Pipeline/Pipeline.php(126): Illuminate\\Pipeline\\Pipeline->Illuminate\\Pipeline\\{closure}(Object(Illuminate\\Http\\Request))
#61 /home3/elngbpzd/work.dia.ci/vendor/laravel/framework/src/Illuminate/Foundation/Http/Kernel.php(175): Illuminate\\Pipeline\\Pipeline->then(Object(Closure))
#62 /home3/elngbpzd/work.dia.ci/vendor/laravel/framework/src/Illuminate/Foundation/Http/Kernel.php(144): Illuminate\\Foundation\\Http\\Kernel->sendRequestThroughRouter(Object(Illuminate\\Http\\Request))
#63 /home3/elngbpzd/work.dia.ci/vendor/laravel/framework/src/Illuminate/Foundation/Application.php(1219): Illuminate\\Foundation\\Http\\Kernel->handle(Object(Illuminate\\Http\\Request))
#64 /home3/elngbpzd/work.dia.ci/index.php(20): Illuminate\\Foundation\\Application->handleRequest(Object(Illuminate\\Http\\Request))
#65 {main}

[previous exception] [object] (PDOException(code: 01000): SQLSTATE[01000]: Warning: 1265 Data truncated for column 'user_id' at row 1 at /home3/elngbpzd/work.dia.ci/vendor/laravel/framework/src/Illuminate/Database/MySqlConnection.php:53)
[stacktrace]
#0 /home3/elngbpzd/work.dia.ci/vendor/laravel/framework/src/Illuminate/Database/MySqlConnection.php(53): PDOStatement->execute()
#1 /home3/elngbpzd/work.dia.ci/vendor/laravel/framework/src/Illuminate/Database/Connection.php(809): Illuminate\\Database\\MySqlConnection->Illuminate\\Database\\{closure}('insert into `no...', Array)
#2 /home3/elngbpzd/work.dia.ci/vendor/laravel/framework/src/Illuminate/Database/Connection.php(776): Illuminate\\Database\\Connection->runQueryCallback('insert into `no...', Array, Object(Closure))
#3 /home3/elngbpzd/work.dia.ci/vendor/laravel/framework/src/Illuminate/Database/MySqlConnection.php(42): Illuminate\\Database\\Connection->run('insert into `no...', Array, Object(Closure))
#4 /home3/elngbpzd/work.dia.ci/vendor/laravel/framework/src/Illuminate/Database/Query/Builder.php(3736): Illuminate\\Database\\MySqlConnection->insert('insert into `no...', Array)
#5 /home3/elngbpzd/work.dia.ci/vendor/laravel/framework/src/Illuminate/Database/Eloquent/Builder.php(2205): Illuminate\\Database\\Query\\Builder->insert(Array)
#6 /home3/elngbpzd/work.dia.ci/vendor/laravel/framework/src/Illuminate/Database/Eloquent/Model.php(1384): Illuminate\\Database\\Eloquent\\Builder->__call('insert', Array)
#7 /home3/elngbpzd/work.dia.ci/vendor/laravel/framework/src/Illuminate/Database/Eloquent/Model.php(1212): Illuminate\\Database\\Eloquent\\Model->performInsert(Object(Illuminate\\Database\\Eloquent\\Builder))
#8 /home3/elngbpzd/work.dia.ci/vendor/filament/filament/src/Resources/Pages/CreateRecord.php(175): Illuminate\\Database\\Eloquent\\Model->save()
#9 /home3/elngbpzd/work.dia.ci/vendor/filament/filament/src/Resources/Pages/CreateRecord.php(92): Filament\\Resources\\Pages\\CreateRecord->handleRecordCreation(Array)
#10 /home3/elngbpzd/work.dia.ci/vendor/laravel/framework/src/Illuminate/Container/BoundMethod.php(36): Filament\\Resources\\Pages\\CreateRecord->create(false)
#11 /home3/elngbpzd/work.dia.ci/vendor/laravel/framework/src/Illuminate/Container/Util.php(43): Illuminate\\Container\\BoundMethod::Illuminate\\Container\\{closure}()
#12 /home3/elngbpzd/work.dia.ci/vendor/laravel/framework/src/Illuminate/Container/BoundMethod.php(96): Illuminate\\Container\\Util::unwrapIfClosure(Object(Closure))
#13 /home3/elngbpzd/work.dia.ci/vendor/laravel/framework/src/Illuminate/Container/BoundMethod.php(35): Illuminate\\Container\\BoundMethod::callBoundMethod(Object(Illuminate\\Foundation\\Application), Array, Object(Closure))
#14 /home3/elngbpzd/work.dia.ci/vendor/livewire/livewire/src/Wrapped.php(23): Illuminate\\Container\\BoundMethod::call(Object(Illuminate\\Foundation\\Application), Array, Array)
#15 /home3/elngbpzd/work.dia.ci/vendor/livewire/livewire/src/Mechanisms/HandleComponents/HandleComponents.php(474): Livewire\\Wrapped->__call('create', Array)
#16 /home3/elngbpzd/work.dia.ci/vendor/livewire/livewire/src/Mechanisms/HandleComponents/HandleComponents.php(101): Livewire\\Mechanisms\\HandleComponents\\HandleComponents->callMethods(Object(App\\Filament\\Resources\\NotificationResource\\Pages\\CreateNotification), Array, Object(Livewire\\Mechanisms\\HandleComponents\\ComponentContext))
#17 /home3/elngbpzd/work.dia.ci/vendor/livewire/livewire/src/LivewireManager.php(102): Livewire\\Mechanisms\\HandleComponents\\HandleComponents->update(Array, Array, Array)
#18 /home3/elngbpzd/work.dia.ci/vendor/livewire/livewire/src/Mechanisms/HandleRequests/HandleRequests.php(94): Livewire\\LivewireManager->update(Array, Array, Array)
#19 /home3/elngbpzd/work.dia.ci/vendor/laravel/framework/src/Illuminate/Routing/ControllerDispatcher.php(46): Livewire\\Mechanisms\\HandleRequests\\HandleRequests->handleUpdate()
#20 /home3/elngbpzd/work.dia.ci/vendor/laravel/framework/src/Illuminate/Routing/Route.php(265): Illuminate\\Routing\\ControllerDispatcher->dispatch(Object(Illuminate\\Routing\\Route), Object(Livewire\\Mechanisms\\HandleRequests\\HandleRequests), 'handleUpdate')
#21 /home3/elngbpzd/work.dia.ci/vendor/laravel/framework/src/Illuminate/Routing/Route.php(211): Illuminate\\Routing\\Route->runController()
#22 /home3/elngbpzd/work.dia.ci/vendor/laravel/framework/src/Illuminate/Routing/Router.php(808): Illuminate\\Routing\\Route->run()
#23 /home3/elngbpzd/work.dia.ci/vendor/laravel/framework/src/Illuminate/Pipeline/Pipeline.php(169): Illuminate\\Routing\\Router->Illuminate\\Routing\\{closure}(Object(Illuminate\\Http\\Request))
#24 /home3/elngbpzd/work.dia.ci/vendor/laravel/framework/src/Illuminate/Routing/Middleware/SubstituteBindings.php(50): Illuminate\\Pipeline\\Pipeline->Illuminate\\Pipeline\\{closure}(Object(Illuminate\\Http\\Request))
#25 /home3/elngbpzd/work.dia.ci/vendor/laravel/framework/src/Illuminate/Pipeline/Pipeline.php(208): Illuminate\\Routing\\Middleware\\SubstituteBindings->handle(Object(Illuminate\\Http\\Request), Object(Closure))
#26 /home3/elngbpzd/work.dia.ci/vendor/laravel/framework/src/Illuminate/Foundation/Http/Middleware/VerifyCsrfToken.php(87): Illuminate\\Pipeline\\Pipeline->Illuminate\\Pipeline\\{closure}(Object(Illuminate\\Http\\Request))
#27 /home3/elngbpzd/work.dia.ci/vendor/laravel/framework/src/Illuminate/Pipeline/Pipeline.php(208): Illuminate\\Foundation\\Http\\Middleware\\VerifyCsrfToken->handle(Object(Illuminate\\Http\\Request), Object(Closure))
#28 /home3/elngbpzd/work.dia.ci/vendor/laravel/framework/src/Illuminate/View/Middleware/ShareErrorsFromSession.php(48): Illuminate\\Pipeline\\Pipeline->Illuminate\\Pipeline\\{closure}(Object(Illuminate\\Http\\Request))
#29 /home3/elngbpzd/work.dia.ci/vendor/laravel/framework/src/Illuminate/Pipeline/Pipeline.php(208): Illuminate\\View\\Middleware\\ShareErrorsFromSession->handle(Object(Illuminate\\Http\\Request), Object(Closure))
#30 /home3/elngbpzd/work.dia.ci/vendor/laravel/framework/src/Illuminate/Session/Middleware/StartSession.php(120): Illuminate\\Pipeline\\Pipeline->Illuminate\\Pipeline\\{closure}(Object(Illuminate\\Http\\Request))
#31 /home3/elngbpzd/work.dia.ci/vendor/laravel/framework/src/Illuminate/Session/Middleware/StartSession.php(63): Illuminate\\Session\\Middleware\\StartSession->handleStatefulRequest(Object(Illuminate\\Http\\Request), Object(Illuminate\\Session\\Store), Object(Closure))
#32 /home3/elngbpzd/work.dia.ci/vendor/laravel/framework/src/Illuminate/Pipeline/Pipeline.php(208): Illuminate\\Session\\Middleware\\StartSession->handle(Object(Illuminate\\Http\\Request), Object(Closure))
#33 /home3/elngbpzd/work.dia.ci/vendor/laravel/framework/src/Illuminate/Cookie/Middleware/AddQueuedCookiesToResponse.php(36): Illuminate\\Pipeline\\Pipeline->Illuminate\\Pipeline\\{closure}(Object(Illuminate\\Http\\Request))
#34 /home3/elngbpzd/work.dia.ci/vendor/laravel/framework/src/Illuminate/Pipeline/Pipeline.php(208): Illuminate\\Cookie\\Middleware\\AddQueuedCookiesToResponse->handle(Object(Illuminate\\Http\\Request), Object(Closure))
#35 /home3/elngbpzd/work.dia.ci/vendor/laravel/framework/src/Illuminate/Cookie/Middleware/EncryptCookies.php(74): Illuminate\\Pipeline\\Pipeline->Illuminate\\Pipeline\\{closure}(Object(Illuminate\\Http\\Request))
#36 /home3/elngbpzd/work.dia.ci/vendor/laravel/framework/src/Illuminate/Pipeline/Pipeline.php(208): Illuminate\\Cookie\\Middleware\\EncryptCookies->handle(Object(Illuminate\\Http\\Request), Object(Closure))
#37 /home3/elngbpzd/work.dia.ci/vendor/laravel/framework/src/Illuminate/Pipeline/Pipeline.php(126): Illuminate\\Pipeline\\Pipeline->Illuminate\\Pipeline\\{closure}(Object(Illuminate\\Http\\Request))
#38 /home3/elngbpzd/work.dia.ci/vendor/laravel/framework/src/Illuminate/Routing/Router.php(807): Illuminate\\Pipeline\\Pipeline->then(Object(Closure))
#39 /home3/elngbpzd/work.dia.ci/vendor/laravel/framework/src/Illuminate/Routing/Router.php(786): Illuminate\\Routing\\Router->runRouteWithinStack(Object(Illuminate\\Routing\\Route), Object(Illuminate\\Http\\Request))
#40 /home3/elngbpzd/work.dia.ci/vendor/laravel/framework/src/Illuminate/Routing/Router.php(750): Illuminate\\Routing\\Router->runRoute(Object(Illuminate\\Http\\Request), Object(Illuminate\\Routing\\Route))
#41 /home3/elngbpzd/work.dia.ci/vendor/laravel/framework/src/Illuminate/Routing/Router.php(739): Illuminate\\Routing\\Router->dispatchToRoute(Object(Illuminate\\Http\\Request))
#42 /home3/elngbpzd/work.dia.ci/vendor/laravel/framework/src/Illuminate/Foundation/Http/Kernel.php(200): Illuminate\\Routing\\Router->dispatch(Object(Illuminate\\Http\\Request))
#43 /home3/elngbpzd/work.dia.ci/vendor/laravel/framework/src/Illuminate/Pipeline/Pipeline.php(169): Illuminate\\Foundation\\Http\\Kernel->Illuminate\\Foundation\\Http\\{closure}(Object(Illuminate\\Http\\Request))
#44 /home3/elngbpzd/work.dia.ci/vendor/livewire/livewire/src/Features/SupportDisablingBackButtonCache/DisableBackButtonCacheMiddleware.php(19): Illuminate\\Pipeline\\Pipeline->Illuminate\\Pipeline\\{closure}(Object(Illuminate\\Http\\Request))
#45 /home3/elngbpzd/work.dia.ci/vendor/laravel/framework/src/Illuminate/Pipeline/Pipeline.php(208): Livewire\\Features\\SupportDisablingBackButtonCache\\DisableBackButtonCacheMiddleware->handle(Object(Illuminate\\Http\\Request), Object(Closure))
#46 /home3/elngbpzd/work.dia.ci/vendor/laravel/framework/src/Illuminate/Foundation/Http/Middleware/ConvertEmptyStringsToNull.php(27): Illuminate\\Pipeline\\Pipeline->Illuminate\\Pipeline\\{closure}(Object(Illuminate\\Http\\Request))
#47 /home3/elngbpzd/work.dia.ci/vendor/laravel/framework/src/Illuminate/Pipeline/Pipeline.php(208): Illuminate\\Foundation\\Http\\Middleware\\ConvertEmptyStringsToNull->handle(Object(Illuminate\\Http\\Request), Object(Closure))
#48 /home3/elngbpzd/work.dia.ci/vendor/laravel/framework/src/Illuminate/Foundation/Http/Middleware/TrimStrings.php(47): Illuminate\\Pipeline\\Pipeline->Illuminate\\Pipeline\\{closure}(Object(Illuminate\\Http\\Request))
#49 /home3/elngbpzd/work.dia.ci/vendor/laravel/framework/src/Illuminate/Pipeline/Pipeline.php(208): Illuminate\\Foundation\\Http\\Middleware\\TrimStrings->handle(Object(Illuminate\\Http\\Request), Object(Closure))
#50 /home3/elngbpzd/work.dia.ci/vendor/laravel/framework/src/Illuminate/Http/Middleware/ValidatePostSize.php(27): Illuminate\\Pipeline\\Pipeline->Illuminate\\Pipeline\\{closure}(Object(Illuminate\\Http\\Request))
#51 /home3/elngbpzd/work.dia.ci/vendor/laravel/framework/src/Illuminate/Pipeline/Pipeline.php(208): Illuminate\\Http\\Middleware\\ValidatePostSize->handle(Object(Illuminate\\Http\\Request), Object(Closure))
#52 /home3/elngbpzd/work.dia.ci/vendor/laravel/framework/src/Illuminate/Foundation/Http/Middleware/PreventRequestsDuringMaintenance.php(109): Illuminate\\Pipeline\\Pipeline->Illuminate\\Pipeline\\{closure}(Object(Illuminate\\Http\\Request))
#53 /home3/elngbpzd/work.dia.ci/vendor/laravel/framework/src/Illuminate/Pipeline/Pipeline.php(208): Illuminate\\Foundation\\Http\\Middleware\\PreventRequestsDuringMaintenance->handle(Object(Illuminate\\Http\\Request), Object(Closure))
#54 /home3/elngbpzd/work.dia.ci/vendor/laravel/framework/src/Illuminate/Http/Middleware/HandleCors.php(48): Illuminate\\Pipeline\\Pipeline->Illuminate\\Pipeline\\{closure}(Object(Illuminate\\Http\\Request))
#55 /home3/elngbpzd/work.dia.ci/vendor/laravel/framework/src/Illuminate/Pipeline/Pipeline.php(208): Illuminate\\Http\\Middleware\\HandleCors->handle(Object(Illuminate\\Http\\Request), Object(Closure))
#56 /home3/elngbpzd/work.dia.ci/vendor/laravel/framework/src/Illuminate/Http/Middleware/TrustProxies.php(58): Illuminate\\Pipeline\\Pipeline->Illuminate\\Pipeline\\{closure}(Object(Illuminate\\Http\\Request))
#57 /home3/elngbpzd/work.dia.ci/vendor/laravel/framework/src/Illuminate/Pipeline/Pipeline.php(208): Illuminate\\Http\\Middleware\\TrustProxies->handle(Object(Illuminate\\Http\\Request), Object(Closure))
#58 /home3/elngbpzd/work.dia.ci/vendor/laravel/framework/src/Illuminate/Foundation/Http/Middleware/InvokeDeferredCallbacks.php(22): Illuminate\\Pipeline\\Pipeline->Illuminate\\Pipeline\\{closure}(Object(Illuminate\\Http\\Request))
#59 /home3/elngbpzd/work.dia.ci/vendor/laravel/framework/src/Illuminate/Pipeline/Pipeline.php(208): Illuminate\\Foundation\\Http\\Middleware\\InvokeDeferredCallbacks->handle(Object(Illuminate\\Http\\Request), Object(Closure))
#60 /home3/elngbpzd/work.dia.ci/vendor/laravel/framework/src/Illuminate/Http/Middleware/ValidatePathEncoding.php(26): Illuminate\\Pipeline\\Pipeline->Illuminate\\Pipeline\\{closure}(Object(Illuminate\\Http\\Request))
#61 /home3/elngbpzd/work.dia.ci/vendor/laravel/framework/src/Illuminate/Pipeline/Pipeline.php(208): Illuminate\\Http\\Middleware\\ValidatePathEncoding->handle(Object(Illuminate\\Http\\Request), Object(Closure))
#62 /home3/elngbpzd/work.dia.ci/vendor/laravel/framework/src/Illuminate/Pipeline/Pipeline.php(126): Illuminate\\Pipeline\\Pipeline->Illuminate\\Pipeline\\{closure}(Object(Illuminate\\Http\\Request))
#63 /home3/elngbpzd/work.dia.ci/vendor/laravel/framework/src/Illuminate/Foundation/Http/Kernel.php(175): Illuminate\\Pipeline\\Pipeline->then(Object(Closure))
#64 /home3/elngbpzd/work.dia.ci/vendor/laravel/framework/src/Illuminate/Foundation/Http/Kernel.php(144): Illuminate\\Foundation\\Http\\Kernel->sendRequestThroughRouter(Object(Illuminate\\Http\\Request))
#65 /home3/elngbpzd/work.dia.ci/vendor/laravel/framework/src/Illuminate/Foundation/Application.php(1219): Illuminate\\Foundation\\Http\\Kernel->handle(Object(Illuminate\\Http\\Request))
#66 /home3/elngbpzd/work.dia.ci/index.php(20): Illuminate\\Foundation\\Application->handleRequest(Object(Illuminate\\Http\\Request))
#67 {main}
"} 
[2025-06-10 01:10:09] production.ERROR: SQLSTATE[01000]: Warning: 1265 Data truncated for column 'user_id' at row 1 (Connection: mysql, SQL: insert into `notifications` (`user_id`, `entreprise_id`, `type`, `message`, `data`, `canal`, `priorite`, `statut`, `email_envoye`, `sms_envoye`, `lu`, `date_envoi`, `date_lecture`, `tentatives`, `prochaine_tentative`, `erreur`, `id`, `updated_at`, `created_at`) values (019751d2-61e7-71b4-b9bf-abfc43fafa4d, 019740aa-1d0a-725c-9d26-de79cf18001d, retard, Test, [], email, normale, envoye, 1, 0, 0, 2025-06-10 01:10:00, ?, 2, 2025-06-10 01:11:00, Test erreur , 01975763-36ce-7257-a2cd-b7aa6c6ed704, 2025-06-10 01:10:09, 2025-06-10 01:10:09)) {"userId":"01973f93-044a-73c2-b850-6771287d52a8","exception":"[object] (Illuminate\\Database\\QueryException(code: 01000): SQLSTATE[01000]: Warning: 1265 Data truncated for column 'user_id' at row 1 (Connection: mysql, SQL: insert into `notifications` (`user_id`, `entreprise_id`, `type`, `message`, `data`, `canal`, `priorite`, `statut`, `email_envoye`, `sms_envoye`, `lu`, `date_envoi`, `date_lecture`, `tentatives`, `prochaine_tentative`, `erreur`, `id`, `updated_at`, `created_at`) values (019751d2-61e7-71b4-b9bf-abfc43fafa4d, 019740aa-1d0a-725c-9d26-de79cf18001d, retard, Test, [], email, normale, envoye, 1, 0, 0, 2025-06-10 01:10:00, ?, 2, 2025-06-10 01:11:00, Test erreur , 01975763-36ce-7257-a2cd-b7aa6c6ed704, 2025-06-10 01:10:09, 2025-06-10 01:10:09)) at /home3/elngbpzd/work.dia.ci/vendor/laravel/framework/src/Illuminate/Database/Connection.php:822)
[stacktrace]
#0 /home3/elngbpzd/work.dia.ci/vendor/laravel/framework/src/Illuminate/Database/Connection.php(776): Illuminate\\Database\\Connection->runQueryCallback('insert into `no...', Array, Object(Closure))
#1 /home3/elngbpzd/work.dia.ci/vendor/laravel/framework/src/Illuminate/Database/MySqlConnection.php(42): Illuminate\\Database\\Connection->run('insert into `no...', Array, Object(Closure))
#2 /home3/elngbpzd/work.dia.ci/vendor/laravel/framework/src/Illuminate/Database/Query/Builder.php(3736): Illuminate\\Database\\MySqlConnection->insert('insert into `no...', Array)
#3 /home3/elngbpzd/work.dia.ci/vendor/laravel/framework/src/Illuminate/Database/Eloquent/Builder.php(2205): Illuminate\\Database\\Query\\Builder->insert(Array)
#4 /home3/elngbpzd/work.dia.ci/vendor/laravel/framework/src/Illuminate/Database/Eloquent/Model.php(1384): Illuminate\\Database\\Eloquent\\Builder->__call('insert', Array)
#5 /home3/elngbpzd/work.dia.ci/vendor/laravel/framework/src/Illuminate/Database/Eloquent/Model.php(1212): Illuminate\\Database\\Eloquent\\Model->performInsert(Object(Illuminate\\Database\\Eloquent\\Builder))
#6 /home3/elngbpzd/work.dia.ci/vendor/filament/filament/src/Resources/Pages/CreateRecord.php(175): Illuminate\\Database\\Eloquent\\Model->save()
#7 /home3/elngbpzd/work.dia.ci/vendor/filament/filament/src/Resources/Pages/CreateRecord.php(92): Filament\\Resources\\Pages\\CreateRecord->handleRecordCreation(Array)
#8 /home3/elngbpzd/work.dia.ci/vendor/laravel/framework/src/Illuminate/Container/BoundMethod.php(36): Filament\\Resources\\Pages\\CreateRecord->create(false)
#9 /home3/elngbpzd/work.dia.ci/vendor/laravel/framework/src/Illuminate/Container/Util.php(43): Illuminate\\Container\\BoundMethod::Illuminate\\Container\\{closure}()
#10 /home3/elngbpzd/work.dia.ci/vendor/laravel/framework/src/Illuminate/Container/BoundMethod.php(96): Illuminate\\Container\\Util::unwrapIfClosure(Object(Closure))
#11 /home3/elngbpzd/work.dia.ci/vendor/laravel/framework/src/Illuminate/Container/BoundMethod.php(35): Illuminate\\Container\\BoundMethod::callBoundMethod(Object(Illuminate\\Foundation\\Application), Array, Object(Closure))
#12 /home3/elngbpzd/work.dia.ci/vendor/livewire/livewire/src/Wrapped.php(23): Illuminate\\Container\\BoundMethod::call(Object(Illuminate\\Foundation\\Application), Array, Array)
#13 /home3/elngbpzd/work.dia.ci/vendor/livewire/livewire/src/Mechanisms/HandleComponents/HandleComponents.php(474): Livewire\\Wrapped->__call('create', Array)
#14 /home3/elngbpzd/work.dia.ci/vendor/livewire/livewire/src/Mechanisms/HandleComponents/HandleComponents.php(101): Livewire\\Mechanisms\\HandleComponents\\HandleComponents->callMethods(Object(App\\Filament\\Resources\\NotificationResource\\Pages\\CreateNotification), Array, Object(Livewire\\Mechanisms\\HandleComponents\\ComponentContext))
#15 /home3/elngbpzd/work.dia.ci/vendor/livewire/livewire/src/LivewireManager.php(102): Livewire\\Mechanisms\\HandleComponents\\HandleComponents->update(Array, Array, Array)
#16 /home3/elngbpzd/work.dia.ci/vendor/livewire/livewire/src/Mechanisms/HandleRequests/HandleRequests.php(94): Livewire\\LivewireManager->update(Array, Array, Array)
#17 /home3/elngbpzd/work.dia.ci/vendor/laravel/framework/src/Illuminate/Routing/ControllerDispatcher.php(46): Livewire\\Mechanisms\\HandleRequests\\HandleRequests->handleUpdate()
#18 /home3/elngbpzd/work.dia.ci/vendor/laravel/framework/src/Illuminate/Routing/Route.php(265): Illuminate\\Routing\\ControllerDispatcher->dispatch(Object(Illuminate\\Routing\\Route), Object(Livewire\\Mechanisms\\HandleRequests\\HandleRequests), 'handleUpdate')
#19 /home3/elngbpzd/work.dia.ci/vendor/laravel/framework/src/Illuminate/Routing/Route.php(211): Illuminate\\Routing\\Route->runController()
#20 /home3/elngbpzd/work.dia.ci/vendor/laravel/framework/src/Illuminate/Routing/Router.php(808): Illuminate\\Routing\\Route->run()
#21 /home3/elngbpzd/work.dia.ci/vendor/laravel/framework/src/Illuminate/Pipeline/Pipeline.php(169): Illuminate\\Routing\\Router->Illuminate\\Routing\\{closure}(Object(Illuminate\\Http\\Request))
#22 /home3/elngbpzd/work.dia.ci/vendor/laravel/framework/src/Illuminate/Routing/Middleware/SubstituteBindings.php(50): Illuminate\\Pipeline\\Pipeline->Illuminate\\Pipeline\\{closure}(Object(Illuminate\\Http\\Request))
#23 /home3/elngbpzd/work.dia.ci/vendor/laravel/framework/src/Illuminate/Pipeline/Pipeline.php(208): Illuminate\\Routing\\Middleware\\SubstituteBindings->handle(Object(Illuminate\\Http\\Request), Object(Closure))
#24 /home3/elngbpzd/work.dia.ci/vendor/laravel/framework/src/Illuminate/Foundation/Http/Middleware/VerifyCsrfToken.php(87): Illuminate\\Pipeline\\Pipeline->Illuminate\\Pipeline\\{closure}(Object(Illuminate\\Http\\Request))
#25 /home3/elngbpzd/work.dia.ci/vendor/laravel/framework/src/Illuminate/Pipeline/Pipeline.php(208): Illuminate\\Foundation\\Http\\Middleware\\VerifyCsrfToken->handle(Object(Illuminate\\Http\\Request), Object(Closure))
#26 /home3/elngbpzd/work.dia.ci/vendor/laravel/framework/src/Illuminate/View/Middleware/ShareErrorsFromSession.php(48): Illuminate\\Pipeline\\Pipeline->Illuminate\\Pipeline\\{closure}(Object(Illuminate\\Http\\Request))
#27 /home3/elngbpzd/work.dia.ci/vendor/laravel/framework/src/Illuminate/Pipeline/Pipeline.php(208): Illuminate\\View\\Middleware\\ShareErrorsFromSession->handle(Object(Illuminate\\Http\\Request), Object(Closure))
#28 /home3/elngbpzd/work.dia.ci/vendor/laravel/framework/src/Illuminate/Session/Middleware/StartSession.php(120): Illuminate\\Pipeline\\Pipeline->Illuminate\\Pipeline\\{closure}(Object(Illuminate\\Http\\Request))
#29 /home3/elngbpzd/work.dia.ci/vendor/laravel/framework/src/Illuminate/Session/Middleware/StartSession.php(63): Illuminate\\Session\\Middleware\\StartSession->handleStatefulRequest(Object(Illuminate\\Http\\Request), Object(Illuminate\\Session\\Store), Object(Closure))
#30 /home3/elngbpzd/work.dia.ci/vendor/laravel/framework/src/Illuminate/Pipeline/Pipeline.php(208): Illuminate\\Session\\Middleware\\StartSession->handle(Object(Illuminate\\Http\\Request), Object(Closure))
#31 /home3/elngbpzd/work.dia.ci/vendor/laravel/framework/src/Illuminate/Cookie/Middleware/AddQueuedCookiesToResponse.php(36): Illuminate\\Pipeline\\Pipeline->Illuminate\\Pipeline\\{closure}(Object(Illuminate\\Http\\Request))
#32 /home3/elngbpzd/work.dia.ci/vendor/laravel/framework/src/Illuminate/Pipeline/Pipeline.php(208): Illuminate\\Cookie\\Middleware\\AddQueuedCookiesToResponse->handle(Object(Illuminate\\Http\\Request), Object(Closure))
#33 /home3/elngbpzd/work.dia.ci/vendor/laravel/framework/src/Illuminate/Cookie/Middleware/EncryptCookies.php(74): Illuminate\\Pipeline\\Pipeline->Illuminate\\Pipeline\\{closure}(Object(Illuminate\\Http\\Request))
#34 /home3/elngbpzd/work.dia.ci/vendor/laravel/framework/src/Illuminate/Pipeline/Pipeline.php(208): Illuminate\\Cookie\\Middleware\\EncryptCookies->handle(Object(Illuminate\\Http\\Request), Object(Closure))
#35 /home3/elngbpzd/work.dia.ci/vendor/laravel/framework/src/Illuminate/Pipeline/Pipeline.php(126): Illuminate\\Pipeline\\Pipeline->Illuminate\\Pipeline\\{closure}(Object(Illuminate\\Http\\Request))
#36 /home3/elngbpzd/work.dia.ci/vendor/laravel/framework/src/Illuminate/Routing/Router.php(807): Illuminate\\Pipeline\\Pipeline->then(Object(Closure))
#37 /home3/elngbpzd/work.dia.ci/vendor/laravel/framework/src/Illuminate/Routing/Router.php(786): Illuminate\\Routing\\Router->runRouteWithinStack(Object(Illuminate\\Routing\\Route), Object(Illuminate\\Http\\Request))
#38 /home3/elngbpzd/work.dia.ci/vendor/laravel/framework/src/Illuminate/Routing/Router.php(750): Illuminate\\Routing\\Router->runRoute(Object(Illuminate\\Http\\Request), Object(Illuminate\\Routing\\Route))
#39 /home3/elngbpzd/work.dia.ci/vendor/laravel/framework/src/Illuminate/Routing/Router.php(739): Illuminate\\Routing\\Router->dispatchToRoute(Object(Illuminate\\Http\\Request))
#40 /home3/elngbpzd/work.dia.ci/vendor/laravel/framework/src/Illuminate/Foundation/Http/Kernel.php(200): Illuminate\\Routing\\Router->dispatch(Object(Illuminate\\Http\\Request))
#41 /home3/elngbpzd/work.dia.ci/vendor/laravel/framework/src/Illuminate/Pipeline/Pipeline.php(169): Illuminate\\Foundation\\Http\\Kernel->Illuminate\\Foundation\\Http\\{closure}(Object(Illuminate\\Http\\Request))
#42 /home3/elngbpzd/work.dia.ci/vendor/livewire/livewire/src/Features/SupportDisablingBackButtonCache/DisableBackButtonCacheMiddleware.php(19): Illuminate\\Pipeline\\Pipeline->Illuminate\\Pipeline\\{closure}(Object(Illuminate\\Http\\Request))
#43 /home3/elngbpzd/work.dia.ci/vendor/laravel/framework/src/Illuminate/Pipeline/Pipeline.php(208): Livewire\\Features\\SupportDisablingBackButtonCache\\DisableBackButtonCacheMiddleware->handle(Object(Illuminate\\Http\\Request), Object(Closure))
#44 /home3/elngbpzd/work.dia.ci/vendor/laravel/framework/src/Illuminate/Foundation/Http/Middleware/ConvertEmptyStringsToNull.php(27): Illuminate\\Pipeline\\Pipeline->Illuminate\\Pipeline\\{closure}(Object(Illuminate\\Http\\Request))
#45 /home3/elngbpzd/work.dia.ci/vendor/laravel/framework/src/Illuminate/Pipeline/Pipeline.php(208): Illuminate\\Foundation\\Http\\Middleware\\ConvertEmptyStringsToNull->handle(Object(Illuminate\\Http\\Request), Object(Closure))
#46 /home3/elngbpzd/work.dia.ci/vendor/laravel/framework/src/Illuminate/Foundation/Http/Middleware/TrimStrings.php(47): Illuminate\\Pipeline\\Pipeline->Illuminate\\Pipeline\\{closure}(Object(Illuminate\\Http\\Request))
#47 /home3/elngbpzd/work.dia.ci/vendor/laravel/framework/src/Illuminate/Pipeline/Pipeline.php(208): Illuminate\\Foundation\\Http\\Middleware\\TrimStrings->handle(Object(Illuminate\\Http\\Request), Object(Closure))
#48 /home3/elngbpzd/work.dia.ci/vendor/laravel/framework/src/Illuminate/Http/Middleware/ValidatePostSize.php(27): Illuminate\\Pipeline\\Pipeline->Illuminate\\Pipeline\\{closure}(Object(Illuminate\\Http\\Request))
#49 /home3/elngbpzd/work.dia.ci/vendor/laravel/framework/src/Illuminate/Pipeline/Pipeline.php(208): Illuminate\\Http\\Middleware\\ValidatePostSize->handle(Object(Illuminate\\Http\\Request), Object(Closure))
#50 /home3/elngbpzd/work.dia.ci/vendor/laravel/framework/src/Illuminate/Foundation/Http/Middleware/PreventRequestsDuringMaintenance.php(109): Illuminate\\Pipeline\\Pipeline->Illuminate\\Pipeline\\{closure}(Object(Illuminate\\Http\\Request))
#51 /home3/elngbpzd/work.dia.ci/vendor/laravel/framework/src/Illuminate/Pipeline/Pipeline.php(208): Illuminate\\Foundation\\Http\\Middleware\\PreventRequestsDuringMaintenance->handle(Object(Illuminate\\Http\\Request), Object(Closure))
#52 /home3/elngbpzd/work.dia.ci/vendor/laravel/framework/src/Illuminate/Http/Middleware/HandleCors.php(48): Illuminate\\Pipeline\\Pipeline->Illuminate\\Pipeline\\{closure}(Object(Illuminate\\Http\\Request))
#53 /home3/elngbpzd/work.dia.ci/vendor/laravel/framework/src/Illuminate/Pipeline/Pipeline.php(208): Illuminate\\Http\\Middleware\\HandleCors->handle(Object(Illuminate\\Http\\Request), Object(Closure))
#54 /home3/elngbpzd/work.dia.ci/vendor/laravel/framework/src/Illuminate/Http/Middleware/TrustProxies.php(58): Illuminate\\Pipeline\\Pipeline->Illuminate\\Pipeline\\{closure}(Object(Illuminate\\Http\\Request))
#55 /home3/elngbpzd/work.dia.ci/vendor/laravel/framework/src/Illuminate/Pipeline/Pipeline.php(208): Illuminate\\Http\\Middleware\\TrustProxies->handle(Object(Illuminate\\Http\\Request), Object(Closure))
#56 /home3/elngbpzd/work.dia.ci/vendor/laravel/framework/src/Illuminate/Foundation/Http/Middleware/InvokeDeferredCallbacks.php(22): Illuminate\\Pipeline\\Pipeline->Illuminate\\Pipeline\\{closure}(Object(Illuminate\\Http\\Request))
#57 /home3/elngbpzd/work.dia.ci/vendor/laravel/framework/src/Illuminate/Pipeline/Pipeline.php(208): Illuminate\\Foundation\\Http\\Middleware\\InvokeDeferredCallbacks->handle(Object(Illuminate\\Http\\Request), Object(Closure))
#58 /home3/elngbpzd/work.dia.ci/vendor/laravel/framework/src/Illuminate/Http/Middleware/ValidatePathEncoding.php(26): Illuminate\\Pipeline\\Pipeline->Illuminate\\Pipeline\\{closure}(Object(Illuminate\\Http\\Request))
#59 /home3/elngbpzd/work.dia.ci/vendor/laravel/framework/src/Illuminate/Pipeline/Pipeline.php(208): Illuminate\\Http\\Middleware\\ValidatePathEncoding->handle(Object(Illuminate\\Http\\Request), Object(Closure))
#60 /home3/elngbpzd/work.dia.ci/vendor/laravel/framework/src/Illuminate/Pipeline/Pipeline.php(126): Illuminate\\Pipeline\\Pipeline->Illuminate\\Pipeline\\{closure}(Object(Illuminate\\Http\\Request))
#61 /home3/elngbpzd/work.dia.ci/vendor/laravel/framework/src/Illuminate/Foundation/Http/Kernel.php(175): Illuminate\\Pipeline\\Pipeline->then(Object(Closure))
#62 /home3/elngbpzd/work.dia.ci/vendor/laravel/framework/src/Illuminate/Foundation/Http/Kernel.php(144): Illuminate\\Foundation\\Http\\Kernel->sendRequestThroughRouter(Object(Illuminate\\Http\\Request))
#63 /home3/elngbpzd/work.dia.ci/vendor/laravel/framework/src/Illuminate/Foundation/Application.php(1219): Illuminate\\Foundation\\Http\\Kernel->handle(Object(Illuminate\\Http\\Request))
#64 /home3/elngbpzd/work.dia.ci/index.php(20): Illuminate\\Foundation\\Application->handleRequest(Object(Illuminate\\Http\\Request))
#65 {main}

[previous exception] [object] (PDOException(code: 01000): SQLSTATE[01000]: Warning: 1265 Data truncated for column 'user_id' at row 1 at /home3/elngbpzd/work.dia.ci/vendor/laravel/framework/src/Illuminate/Database/MySqlConnection.php:53)
[stacktrace]
#0 /home3/elngbpzd/work.dia.ci/vendor/laravel/framework/src/Illuminate/Database/MySqlConnection.php(53): PDOStatement->execute()
#1 /home3/elngbpzd/work.dia.ci/vendor/laravel/framework/src/Illuminate/Database/Connection.php(809): Illuminate\\Database\\MySqlConnection->Illuminate\\Database\\{closure}('insert into `no...', Array)
#2 /home3/elngbpzd/work.dia.ci/vendor/laravel/framework/src/Illuminate/Database/Connection.php(776): Illuminate\\Database\\Connection->runQueryCallback('insert into `no...', Array, Object(Closure))
#3 /home3/elngbpzd/work.dia.ci/vendor/laravel/framework/src/Illuminate/Database/MySqlConnection.php(42): Illuminate\\Database\\Connection->run('insert into `no...', Array, Object(Closure))
#4 /home3/elngbpzd/work.dia.ci/vendor/laravel/framework/src/Illuminate/Database/Query/Builder.php(3736): Illuminate\\Database\\MySqlConnection->insert('insert into `no...', Array)
#5 /home3/elngbpzd/work.dia.ci/vendor/laravel/framework/src/Illuminate/Database/Eloquent/Builder.php(2205): Illuminate\\Database\\Query\\Builder->insert(Array)
#6 /home3/elngbpzd/work.dia.ci/vendor/laravel/framework/src/Illuminate/Database/Eloquent/Model.php(1384): Illuminate\\Database\\Eloquent\\Builder->__call('insert', Array)
#7 /home3/elngbpzd/work.dia.ci/vendor/laravel/framework/src/Illuminate/Database/Eloquent/Model.php(1212): Illuminate\\Database\\Eloquent\\Model->performInsert(Object(Illuminate\\Database\\Eloquent\\Builder))
#8 /home3/elngbpzd/work.dia.ci/vendor/filament/filament/src/Resources/Pages/CreateRecord.php(175): Illuminate\\Database\\Eloquent\\Model->save()
#9 /home3/elngbpzd/work.dia.ci/vendor/filament/filament/src/Resources/Pages/CreateRecord.php(92): Filament\\Resources\\Pages\\CreateRecord->handleRecordCreation(Array)
#10 /home3/elngbpzd/work.dia.ci/vendor/laravel/framework/src/Illuminate/Container/BoundMethod.php(36): Filament\\Resources\\Pages\\CreateRecord->create(false)
#11 /home3/elngbpzd/work.dia.ci/vendor/laravel/framework/src/Illuminate/Container/Util.php(43): Illuminate\\Container\\BoundMethod::Illuminate\\Container\\{closure}()
#12 /home3/elngbpzd/work.dia.ci/vendor/laravel/framework/src/Illuminate/Container/BoundMethod.php(96): Illuminate\\Container\\Util::unwrapIfClosure(Object(Closure))
#13 /home3/elngbpzd/work.dia.ci/vendor/laravel/framework/src/Illuminate/Container/BoundMethod.php(35): Illuminate\\Container\\BoundMethod::callBoundMethod(Object(Illuminate\\Foundation\\Application), Array, Object(Closure))
#14 /home3/elngbpzd/work.dia.ci/vendor/livewire/livewire/src/Wrapped.php(23): Illuminate\\Container\\BoundMethod::call(Object(Illuminate\\Foundation\\Application), Array, Array)
#15 /home3/elngbpzd/work.dia.ci/vendor/livewire/livewire/src/Mechanisms/HandleComponents/HandleComponents.php(474): Livewire\\Wrapped->__call('create', Array)
#16 /home3/elngbpzd/work.dia.ci/vendor/livewire/livewire/src/Mechanisms/HandleComponents/HandleComponents.php(101): Livewire\\Mechanisms\\HandleComponents\\HandleComponents->callMethods(Object(App\\Filament\\Resources\\NotificationResource\\Pages\\CreateNotification), Array, Object(Livewire\\Mechanisms\\HandleComponents\\ComponentContext))
#17 /home3/elngbpzd/work.dia.ci/vendor/livewire/livewire/src/LivewireManager.php(102): Livewire\\Mechanisms\\HandleComponents\\HandleComponents->update(Array, Array, Array)
#18 /home3/elngbpzd/work.dia.ci/vendor/livewire/livewire/src/Mechanisms/HandleRequests/HandleRequests.php(94): Livewire\\LivewireManager->update(Array, Array, Array)
#19 /home3/elngbpzd/work.dia.ci/vendor/laravel/framework/src/Illuminate/Routing/ControllerDispatcher.php(46): Livewire\\Mechanisms\\HandleRequests\\HandleRequests->handleUpdate()
#20 /home3/elngbpzd/work.dia.ci/vendor/laravel/framework/src/Illuminate/Routing/Route.php(265): Illuminate\\Routing\\ControllerDispatcher->dispatch(Object(Illuminate\\Routing\\Route), Object(Livewire\\Mechanisms\\HandleRequests\\HandleRequests), 'handleUpdate')
#21 /home3/elngbpzd/work.dia.ci/vendor/laravel/framework/src/Illuminate/Routing/Route.php(211): Illuminate\\Routing\\Route->runController()
#22 /home3/elngbpzd/work.dia.ci/vendor/laravel/framework/src/Illuminate/Routing/Router.php(808): Illuminate\\Routing\\Route->run()
#23 /home3/elngbpzd/work.dia.ci/vendor/laravel/framework/src/Illuminate/Pipeline/Pipeline.php(169): Illuminate\\Routing\\Router->Illuminate\\Routing\\{closure}(Object(Illuminate\\Http\\Request))
#24 /home3/elngbpzd/work.dia.ci/vendor/laravel/framework/src/Illuminate/Routing/Middleware/SubstituteBindings.php(50): Illuminate\\Pipeline\\Pipeline->Illuminate\\Pipeline\\{closure}(Object(Illuminate\\Http\\Request))
#25 /home3/elngbpzd/work.dia.ci/vendor/laravel/framework/src/Illuminate/Pipeline/Pipeline.php(208): Illuminate\\Routing\\Middleware\\SubstituteBindings->handle(Object(Illuminate\\Http\\Request), Object(Closure))
#26 /home3/elngbpzd/work.dia.ci/vendor/laravel/framework/src/Illuminate/Foundation/Http/Middleware/VerifyCsrfToken.php(87): Illuminate\\Pipeline\\Pipeline->Illuminate\\Pipeline\\{closure}(Object(Illuminate\\Http\\Request))
#27 /home3/elngbpzd/work.dia.ci/vendor/laravel/framework/src/Illuminate/Pipeline/Pipeline.php(208): Illuminate\\Foundation\\Http\\Middleware\\VerifyCsrfToken->handle(Object(Illuminate\\Http\\Request), Object(Closure))
#28 /home3/elngbpzd/work.dia.ci/vendor/laravel/framework/src/Illuminate/View/Middleware/ShareErrorsFromSession.php(48): Illuminate\\Pipeline\\Pipeline->Illuminate\\Pipeline\\{closure}(Object(Illuminate\\Http\\Request))
#29 /home3/elngbpzd/work.dia.ci/vendor/laravel/framework/src/Illuminate/Pipeline/Pipeline.php(208): Illuminate\\View\\Middleware\\ShareErrorsFromSession->handle(Object(Illuminate\\Http\\Request), Object(Closure))
#30 /home3/elngbpzd/work.dia.ci/vendor/laravel/framework/src/Illuminate/Session/Middleware/StartSession.php(120): Illuminate\\Pipeline\\Pipeline->Illuminate\\Pipeline\\{closure}(Object(Illuminate\\Http\\Request))
#31 /home3/elngbpzd/work.dia.ci/vendor/laravel/framework/src/Illuminate/Session/Middleware/StartSession.php(63): Illuminate\\Session\\Middleware\\StartSession->handleStatefulRequest(Object(Illuminate\\Http\\Request), Object(Illuminate\\Session\\Store), Object(Closure))
#32 /home3/elngbpzd/work.dia.ci/vendor/laravel/framework/src/Illuminate/Pipeline/Pipeline.php(208): Illuminate\\Session\\Middleware\\StartSession->handle(Object(Illuminate\\Http\\Request), Object(Closure))
#33 /home3/elngbpzd/work.dia.ci/vendor/laravel/framework/src/Illuminate/Cookie/Middleware/AddQueuedCookiesToResponse.php(36): Illuminate\\Pipeline\\Pipeline->Illuminate\\Pipeline\\{closure}(Object(Illuminate\\Http\\Request))
#34 /home3/elngbpzd/work.dia.ci/vendor/laravel/framework/src/Illuminate/Pipeline/Pipeline.php(208): Illuminate\\Cookie\\Middleware\\AddQueuedCookiesToResponse->handle(Object(Illuminate\\Http\\Request), Object(Closure))
#35 /home3/elngbpzd/work.dia.ci/vendor/laravel/framework/src/Illuminate/Cookie/Middleware/EncryptCookies.php(74): Illuminate\\Pipeline\\Pipeline->Illuminate\\Pipeline\\{closure}(Object(Illuminate\\Http\\Request))
#36 /home3/elngbpzd/work.dia.ci/vendor/laravel/framework/src/Illuminate/Pipeline/Pipeline.php(208): Illuminate\\Cookie\\Middleware\\EncryptCookies->handle(Object(Illuminate\\Http\\Request), Object(Closure))
#37 /home3/elngbpzd/work.dia.ci/vendor/laravel/framework/src/Illuminate/Pipeline/Pipeline.php(126): Illuminate\\Pipeline\\Pipeline->Illuminate\\Pipeline\\{closure}(Object(Illuminate\\Http\\Request))
#38 /home3/elngbpzd/work.dia.ci/vendor/laravel/framework/src/Illuminate/Routing/Router.php(807): Illuminate\\Pipeline\\Pipeline->then(Object(Closure))
#39 /home3/elngbpzd/work.dia.ci/vendor/laravel/framework/src/Illuminate/Routing/Router.php(786): Illuminate\\Routing\\Router->runRouteWithinStack(Object(Illuminate\\Routing\\Route), Object(Illuminate\\Http\\Request))
#40 /home3/elngbpzd/work.dia.ci/vendor/laravel/framework/src/Illuminate/Routing/Router.php(750): Illuminate\\Routing\\Router->runRoute(Object(Illuminate\\Http\\Request), Object(Illuminate\\Routing\\Route))
#41 /home3/elngbpzd/work.dia.ci/vendor/laravel/framework/src/Illuminate/Routing/Router.php(739): Illuminate\\Routing\\Router->dispatchToRoute(Object(Illuminate\\Http\\Request))
#42 /home3/elngbpzd/work.dia.ci/vendor/laravel/framework/src/Illuminate/Foundation/Http/Kernel.php(200): Illuminate\\Routing\\Router->dispatch(Object(Illuminate\\Http\\Request))
#43 /home3/elngbpzd/work.dia.ci/vendor/laravel/framework/src/Illuminate/Pipeline/Pipeline.php(169): Illuminate\\Foundation\\Http\\Kernel->Illuminate\\Foundation\\Http\\{closure}(Object(Illuminate\\Http\\Request))
#44 /home3/elngbpzd/work.dia.ci/vendor/livewire/livewire/src/Features/SupportDisablingBackButtonCache/DisableBackButtonCacheMiddleware.php(19): Illuminate\\Pipeline\\Pipeline->Illuminate\\Pipeline\\{closure}(Object(Illuminate\\Http\\Request))
#45 /home3/elngbpzd/work.dia.ci/vendor/laravel/framework/src/Illuminate/Pipeline/Pipeline.php(208): Livewire\\Features\\SupportDisablingBackButtonCache\\DisableBackButtonCacheMiddleware->handle(Object(Illuminate\\Http\\Request), Object(Closure))
#46 /home3/elngbpzd/work.dia.ci/vendor/laravel/framework/src/Illuminate/Foundation/Http/Middleware/ConvertEmptyStringsToNull.php(27): Illuminate\\Pipeline\\Pipeline->Illuminate\\Pipeline\\{closure}(Object(Illuminate\\Http\\Request))
#47 /home3/elngbpzd/work.dia.ci/vendor/laravel/framework/src/Illuminate/Pipeline/Pipeline.php(208): Illuminate\\Foundation\\Http\\Middleware\\ConvertEmptyStringsToNull->handle(Object(Illuminate\\Http\\Request), Object(Closure))
#48 /home3/elngbpzd/work.dia.ci/vendor/laravel/framework/src/Illuminate/Foundation/Http/Middleware/TrimStrings.php(47): Illuminate\\Pipeline\\Pipeline->Illuminate\\Pipeline\\{closure}(Object(Illuminate\\Http\\Request))
#49 /home3/elngbpzd/work.dia.ci/vendor/laravel/framework/src/Illuminate/Pipeline/Pipeline.php(208): Illuminate\\Foundation\\Http\\Middleware\\TrimStrings->handle(Object(Illuminate\\Http\\Request), Object(Closure))
#50 /home3/elngbpzd/work.dia.ci/vendor/laravel/framework/src/Illuminate/Http/Middleware/ValidatePostSize.php(27): Illuminate\\Pipeline\\Pipeline->Illuminate\\Pipeline\\{closure}(Object(Illuminate\\Http\\Request))
#51 /home3/elngbpzd/work.dia.ci/vendor/laravel/framework/src/Illuminate/Pipeline/Pipeline.php(208): Illuminate\\Http\\Middleware\\ValidatePostSize->handle(Object(Illuminate\\Http\\Request), Object(Closure))
#52 /home3/elngbpzd/work.dia.ci/vendor/laravel/framework/src/Illuminate/Foundation/Http/Middleware/PreventRequestsDuringMaintenance.php(109): Illuminate\\Pipeline\\Pipeline->Illuminate\\Pipeline\\{closure}(Object(Illuminate\\Http\\Request))
#53 /home3/elngbpzd/work.dia.ci/vendor/laravel/framework/src/Illuminate/Pipeline/Pipeline.php(208): Illuminate\\Foundation\\Http\\Middleware\\PreventRequestsDuringMaintenance->handle(Object(Illuminate\\Http\\Request), Object(Closure))
#54 /home3/elngbpzd/work.dia.ci/vendor/laravel/framework/src/Illuminate/Http/Middleware/HandleCors.php(48): Illuminate\\Pipeline\\Pipeline->Illuminate\\Pipeline\\{closure}(Object(Illuminate\\Http\\Request))
#55 /home3/elngbpzd/work.dia.ci/vendor/laravel/framework/src/Illuminate/Pipeline/Pipeline.php(208): Illuminate\\Http\\Middleware\\HandleCors->handle(Object(Illuminate\\Http\\Request), Object(Closure))
#56 /home3/elngbpzd/work.dia.ci/vendor/laravel/framework/src/Illuminate/Http/Middleware/TrustProxies.php(58): Illuminate\\Pipeline\\Pipeline->Illuminate\\Pipeline\\{closure}(Object(Illuminate\\Http\\Request))
#57 /home3/elngbpzd/work.dia.ci/vendor/laravel/framework/src/Illuminate/Pipeline/Pipeline.php(208): Illuminate\\Http\\Middleware\\TrustProxies->handle(Object(Illuminate\\Http\\Request), Object(Closure))
#58 /home3/elngbpzd/work.dia.ci/vendor/laravel/framework/src/Illuminate/Foundation/Http/Middleware/InvokeDeferredCallbacks.php(22): Illuminate\\Pipeline\\Pipeline->Illuminate\\Pipeline\\{closure}(Object(Illuminate\\Http\\Request))
#59 /home3/elngbpzd/work.dia.ci/vendor/laravel/framework/src/Illuminate/Pipeline/Pipeline.php(208): Illuminate\\Foundation\\Http\\Middleware\\InvokeDeferredCallbacks->handle(Object(Illuminate\\Http\\Request), Object(Closure))
#60 /home3/elngbpzd/work.dia.ci/vendor/laravel/framework/src/Illuminate/Http/Middleware/ValidatePathEncoding.php(26): Illuminate\\Pipeline\\Pipeline->Illuminate\\Pipeline\\{closure}(Object(Illuminate\\Http\\Request))
#61 /home3/elngbpzd/work.dia.ci/vendor/laravel/framework/src/Illuminate/Pipeline/Pipeline.php(208): Illuminate\\Http\\Middleware\\ValidatePathEncoding->handle(Object(Illuminate\\Http\\Request), Object(Closure))
#62 /home3/elngbpzd/work.dia.ci/vendor/laravel/framework/src/Illuminate/Pipeline/Pipeline.php(126): Illuminate\\Pipeline\\Pipeline->Illuminate\\Pipeline\\{closure}(Object(Illuminate\\Http\\Request))
#63 /home3/elngbpzd/work.dia.ci/vendor/laravel/framework/src/Illuminate/Foundation/Http/Kernel.php(175): Illuminate\\Pipeline\\Pipeline->then(Object(Closure))
#64 /home3/elngbpzd/work.dia.ci/vendor/laravel/framework/src/Illuminate/Foundation/Http/Kernel.php(144): Illuminate\\Foundation\\Http\\Kernel->sendRequestThroughRouter(Object(Illuminate\\Http\\Request))
#65 /home3/elngbpzd/work.dia.ci/vendor/laravel/framework/src/Illuminate/Foundation/Application.php(1219): Illuminate\\Foundation\\Http\\Kernel->handle(Object(Illuminate\\Http\\Request))
#66 /home3/elngbpzd/work.dia.ci/index.php(20): Illuminate\\Foundation\\Application->handleRequest(Object(Illuminate\\Http\\Request))
#67 {main}
"} 
[2025-06-10 01:10:22] production.ERROR: Method App\Filament\Resources\NotificationResource\Pages\ListNotifications::notify does not exist. {"userId":"01973f93-044a-73c2-b850-6771287d52a8","exception":"[object] (BadMethodCallException(code: 0): Method App\\Filament\\Resources\\NotificationResource\\Pages\\ListNotifications::notify does not exist. at /home3/elngbpzd/work.dia.ci/vendor/livewire/livewire/src/Component.php:136)
[stacktrace]
#0 /home3/elngbpzd/work.dia.ci/app/Filament/Resources/NotificationResource/Pages/ListNotifications.php(38): Livewire\\Component->__call('notify', Array)
#1 /home3/elngbpzd/work.dia.ci/vendor/filament/support/src/Concerns/EvaluatesClosures.php(35): App\\Filament\\Resources\\NotificationResource\\Pages\\ListNotifications->App\\Filament\\Resources\\NotificationResource\\Pages\\{closure}()
#2 /home3/elngbpzd/work.dia.ci/vendor/filament/actions/src/MountableAction.php(41): Filament\\Support\\Components\\Component->evaluate(Object(Closure), Array)
#3 /home3/elngbpzd/work.dia.ci/vendor/filament/actions/src/Concerns/InteractsWithActions.php(98): Filament\\Actions\\MountableAction->call(Array)
#4 /home3/elngbpzd/work.dia.ci/vendor/filament/actions/src/Concerns/InteractsWithActions.php(204): Filament\\Pages\\BasePage->callMountedAction()
#5 /home3/elngbpzd/work.dia.ci/vendor/laravel/framework/src/Illuminate/Container/BoundMethod.php(36): Filament\\Pages\\BasePage->mountAction('marquerToutesCo...', Array)
#6 /home3/elngbpzd/work.dia.ci/vendor/laravel/framework/src/Illuminate/Container/Util.php(43): Illuminate\\Container\\BoundMethod::Illuminate\\Container\\{closure}()
#7 /home3/elngbpzd/work.dia.ci/vendor/laravel/framework/src/Illuminate/Container/BoundMethod.php(96): Illuminate\\Container\\Util::unwrapIfClosure(Object(Closure))
#8 /home3/elngbpzd/work.dia.ci/vendor/laravel/framework/src/Illuminate/Container/BoundMethod.php(35): Illuminate\\Container\\BoundMethod::callBoundMethod(Object(Illuminate\\Foundation\\Application), Array, Object(Closure))
#9 /home3/elngbpzd/work.dia.ci/vendor/livewire/livewire/src/Wrapped.php(23): Illuminate\\Container\\BoundMethod::call(Object(Illuminate\\Foundation\\Application), Array, Array)
#10 /home3/elngbpzd/work.dia.ci/vendor/livewire/livewire/src/Mechanisms/HandleComponents/HandleComponents.php(474): Livewire\\Wrapped->__call('mountAction', Array)
#11 /home3/elngbpzd/work.dia.ci/vendor/livewire/livewire/src/Mechanisms/HandleComponents/HandleComponents.php(101): Livewire\\Mechanisms\\HandleComponents\\HandleComponents->callMethods(Object(App\\Filament\\Resources\\NotificationResource\\Pages\\ListNotifications), Array, Object(Livewire\\Mechanisms\\HandleComponents\\ComponentContext))
#12 /home3/elngbpzd/work.dia.ci/vendor/livewire/livewire/src/LivewireManager.php(102): Livewire\\Mechanisms\\HandleComponents\\HandleComponents->update(Array, Array, Array)
#13 /home3/elngbpzd/work.dia.ci/vendor/livewire/livewire/src/Mechanisms/HandleRequests/HandleRequests.php(94): Livewire\\LivewireManager->update(Array, Array, Array)
#14 /home3/elngbpzd/work.dia.ci/vendor/laravel/framework/src/Illuminate/Routing/ControllerDispatcher.php(46): Livewire\\Mechanisms\\HandleRequests\\HandleRequests->handleUpdate()
#15 /home3/elngbpzd/work.dia.ci/vendor/laravel/framework/src/Illuminate/Routing/Route.php(265): Illuminate\\Routing\\ControllerDispatcher->dispatch(Object(Illuminate\\Routing\\Route), Object(Livewire\\Mechanisms\\HandleRequests\\HandleRequests), 'handleUpdate')
#16 /home3/elngbpzd/work.dia.ci/vendor/laravel/framework/src/Illuminate/Routing/Route.php(211): Illuminate\\Routing\\Route->runController()
#17 /home3/elngbpzd/work.dia.ci/vendor/laravel/framework/src/Illuminate/Routing/Router.php(808): Illuminate\\Routing\\Route->run()
#18 /home3/elngbpzd/work.dia.ci/vendor/laravel/framework/src/Illuminate/Pipeline/Pipeline.php(169): Illuminate\\Routing\\Router->Illuminate\\Routing\\{closure}(Object(Illuminate\\Http\\Request))
#19 /home3/elngbpzd/work.dia.ci/vendor/laravel/framework/src/Illuminate/Routing/Middleware/SubstituteBindings.php(50): Illuminate\\Pipeline\\Pipeline->Illuminate\\Pipeline\\{closure}(Object(Illuminate\\Http\\Request))
#20 /home3/elngbpzd/work.dia.ci/vendor/laravel/framework/src/Illuminate/Pipeline/Pipeline.php(208): Illuminate\\Routing\\Middleware\\SubstituteBindings->handle(Object(Illuminate\\Http\\Request), Object(Closure))
#21 /home3/elngbpzd/work.dia.ci/vendor/laravel/framework/src/Illuminate/Foundation/Http/Middleware/VerifyCsrfToken.php(87): Illuminate\\Pipeline\\Pipeline->Illuminate\\Pipeline\\{closure}(Object(Illuminate\\Http\\Request))
#22 /home3/elngbpzd/work.dia.ci/vendor/laravel/framework/src/Illuminate/Pipeline/Pipeline.php(208): Illuminate\\Foundation\\Http\\Middleware\\VerifyCsrfToken->handle(Object(Illuminate\\Http\\Request), Object(Closure))
#23 /home3/elngbpzd/work.dia.ci/vendor/laravel/framework/src/Illuminate/View/Middleware/ShareErrorsFromSession.php(48): Illuminate\\Pipeline\\Pipeline->Illuminate\\Pipeline\\{closure}(Object(Illuminate\\Http\\Request))
#24 /home3/elngbpzd/work.dia.ci/vendor/laravel/framework/src/Illuminate/Pipeline/Pipeline.php(208): Illuminate\\View\\Middleware\\ShareErrorsFromSession->handle(Object(Illuminate\\Http\\Request), Object(Closure))
#25 /home3/elngbpzd/work.dia.ci/vendor/laravel/framework/src/Illuminate/Session/Middleware/StartSession.php(120): Illuminate\\Pipeline\\Pipeline->Illuminate\\Pipeline\\{closure}(Object(Illuminate\\Http\\Request))
#26 /home3/elngbpzd/work.dia.ci/vendor/laravel/framework/src/Illuminate/Session/Middleware/StartSession.php(63): Illuminate\\Session\\Middleware\\StartSession->handleStatefulRequest(Object(Illuminate\\Http\\Request), Object(Illuminate\\Session\\Store), Object(Closure))
#27 /home3/elngbpzd/work.dia.ci/vendor/laravel/framework/src/Illuminate/Pipeline/Pipeline.php(208): Illuminate\\Session\\Middleware\\StartSession->handle(Object(Illuminate\\Http\\Request), Object(Closure))
#28 /home3/elngbpzd/work.dia.ci/vendor/laravel/framework/src/Illuminate/Cookie/Middleware/AddQueuedCookiesToResponse.php(36): Illuminate\\Pipeline\\Pipeline->Illuminate\\Pipeline\\{closure}(Object(Illuminate\\Http\\Request))
#29 /home3/elngbpzd/work.dia.ci/vendor/laravel/framework/src/Illuminate/Pipeline/Pipeline.php(208): Illuminate\\Cookie\\Middleware\\AddQueuedCookiesToResponse->handle(Object(Illuminate\\Http\\Request), Object(Closure))
#30 /home3/elngbpzd/work.dia.ci/vendor/laravel/framework/src/Illuminate/Cookie/Middleware/EncryptCookies.php(74): Illuminate\\Pipeline\\Pipeline->Illuminate\\Pipeline\\{closure}(Object(Illuminate\\Http\\Request))
#31 /home3/elngbpzd/work.dia.ci/vendor/laravel/framework/src/Illuminate/Pipeline/Pipeline.php(208): Illuminate\\Cookie\\Middleware\\EncryptCookies->handle(Object(Illuminate\\Http\\Request), Object(Closure))
#32 /home3/elngbpzd/work.dia.ci/vendor/laravel/framework/src/Illuminate/Pipeline/Pipeline.php(126): Illuminate\\Pipeline\\Pipeline->Illuminate\\Pipeline\\{closure}(Object(Illuminate\\Http\\Request))
#33 /home3/elngbpzd/work.dia.ci/vendor/laravel/framework/src/Illuminate/Routing/Router.php(807): Illuminate\\Pipeline\\Pipeline->then(Object(Closure))
#34 /home3/elngbpzd/work.dia.ci/vendor/laravel/framework/src/Illuminate/Routing/Router.php(786): Illuminate\\Routing\\Router->runRouteWithinStack(Object(Illuminate\\Routing\\Route), Object(Illuminate\\Http\\Request))
#35 /home3/elngbpzd/work.dia.ci/vendor/laravel/framework/src/Illuminate/Routing/Router.php(750): Illuminate\\Routing\\Router->runRoute(Object(Illuminate\\Http\\Request), Object(Illuminate\\Routing\\Route))
#36 /home3/elngbpzd/work.dia.ci/vendor/laravel/framework/src/Illuminate/Routing/Router.php(739): Illuminate\\Routing\\Router->dispatchToRoute(Object(Illuminate\\Http\\Request))
#37 /home3/elngbpzd/work.dia.ci/vendor/laravel/framework/src/Illuminate/Foundation/Http/Kernel.php(200): Illuminate\\Routing\\Router->dispatch(Object(Illuminate\\Http\\Request))
#38 /home3/elngbpzd/work.dia.ci/vendor/laravel/framework/src/Illuminate/Pipeline/Pipeline.php(169): Illuminate\\Foundation\\Http\\Kernel->Illuminate\\Foundation\\Http\\{closure}(Object(Illuminate\\Http\\Request))
#39 /home3/elngbpzd/work.dia.ci/vendor/livewire/livewire/src/Features/SupportDisablingBackButtonCache/DisableBackButtonCacheMiddleware.php(19): Illuminate\\Pipeline\\Pipeline->Illuminate\\Pipeline\\{closure}(Object(Illuminate\\Http\\Request))
#40 /home3/elngbpzd/work.dia.ci/vendor/laravel/framework/src/Illuminate/Pipeline/Pipeline.php(208): Livewire\\Features\\SupportDisablingBackButtonCache\\DisableBackButtonCacheMiddleware->handle(Object(Illuminate\\Http\\Request), Object(Closure))
#41 /home3/elngbpzd/work.dia.ci/vendor/laravel/framework/src/Illuminate/Foundation/Http/Middleware/ConvertEmptyStringsToNull.php(27): Illuminate\\Pipeline\\Pipeline->Illuminate\\Pipeline\\{closure}(Object(Illuminate\\Http\\Request))
#42 /home3/elngbpzd/work.dia.ci/vendor/laravel/framework/src/Illuminate/Pipeline/Pipeline.php(208): Illuminate\\Foundation\\Http\\Middleware\\ConvertEmptyStringsToNull->handle(Object(Illuminate\\Http\\Request), Object(Closure))
#43 /home3/elngbpzd/work.dia.ci/vendor/laravel/framework/src/Illuminate/Foundation/Http/Middleware/TrimStrings.php(47): Illuminate\\Pipeline\\Pipeline->Illuminate\\Pipeline\\{closure}(Object(Illuminate\\Http\\Request))
#44 /home3/elngbpzd/work.dia.ci/vendor/laravel/framework/src/Illuminate/Pipeline/Pipeline.php(208): Illuminate\\Foundation\\Http\\Middleware\\TrimStrings->handle(Object(Illuminate\\Http\\Request), Object(Closure))
#45 /home3/elngbpzd/work.dia.ci/vendor/laravel/framework/src/Illuminate/Http/Middleware/ValidatePostSize.php(27): Illuminate\\Pipeline\\Pipeline->Illuminate\\Pipeline\\{closure}(Object(Illuminate\\Http\\Request))
#46 /home3/elngbpzd/work.dia.ci/vendor/laravel/framework/src/Illuminate/Pipeline/Pipeline.php(208): Illuminate\\Http\\Middleware\\ValidatePostSize->handle(Object(Illuminate\\Http\\Request), Object(Closure))
#47 /home3/elngbpzd/work.dia.ci/vendor/laravel/framework/src/Illuminate/Foundation/Http/Middleware/PreventRequestsDuringMaintenance.php(109): Illuminate\\Pipeline\\Pipeline->Illuminate\\Pipeline\\{closure}(Object(Illuminate\\Http\\Request))
#48 /home3/elngbpzd/work.dia.ci/vendor/laravel/framework/src/Illuminate/Pipeline/Pipeline.php(208): Illuminate\\Foundation\\Http\\Middleware\\PreventRequestsDuringMaintenance->handle(Object(Illuminate\\Http\\Request), Object(Closure))
#49 /home3/elngbpzd/work.dia.ci/vendor/laravel/framework/src/Illuminate/Http/Middleware/HandleCors.php(48): Illuminate\\Pipeline\\Pipeline->Illuminate\\Pipeline\\{closure}(Object(Illuminate\\Http\\Request))
#50 /home3/elngbpzd/work.dia.ci/vendor/laravel/framework/src/Illuminate/Pipeline/Pipeline.php(208): Illuminate\\Http\\Middleware\\HandleCors->handle(Object(Illuminate\\Http\\Request), Object(Closure))
#51 /home3/elngbpzd/work.dia.ci/vendor/laravel/framework/src/Illuminate/Http/Middleware/TrustProxies.php(58): Illuminate\\Pipeline\\Pipeline->Illuminate\\Pipeline\\{closure}(Object(Illuminate\\Http\\Request))
#52 /home3/elngbpzd/work.dia.ci/vendor/laravel/framework/src/Illuminate/Pipeline/Pipeline.php(208): Illuminate\\Http\\Middleware\\TrustProxies->handle(Object(Illuminate\\Http\\Request), Object(Closure))
#53 /home3/elngbpzd/work.dia.ci/vendor/laravel/framework/src/Illuminate/Foundation/Http/Middleware/InvokeDeferredCallbacks.php(22): Illuminate\\Pipeline\\Pipeline->Illuminate\\Pipeline\\{closure}(Object(Illuminate\\Http\\Request))
#54 /home3/elngbpzd/work.dia.ci/vendor/laravel/framework/src/Illuminate/Pipeline/Pipeline.php(208): Illuminate\\Foundation\\Http\\Middleware\\InvokeDeferredCallbacks->handle(Object(Illuminate\\Http\\Request), Object(Closure))
#55 /home3/elngbpzd/work.dia.ci/vendor/laravel/framework/src/Illuminate/Http/Middleware/ValidatePathEncoding.php(26): Illuminate\\Pipeline\\Pipeline->Illuminate\\Pipeline\\{closure}(Object(Illuminate\\Http\\Request))
#56 /home3/elngbpzd/work.dia.ci/vendor/laravel/framework/src/Illuminate/Pipeline/Pipeline.php(208): Illuminate\\Http\\Middleware\\ValidatePathEncoding->handle(Object(Illuminate\\Http\\Request), Object(Closure))
#57 /home3/elngbpzd/work.dia.ci/vendor/laravel/framework/src/Illuminate/Pipeline/Pipeline.php(126): Illuminate\\Pipeline\\Pipeline->Illuminate\\Pipeline\\{closure}(Object(Illuminate\\Http\\Request))
#58 /home3/elngbpzd/work.dia.ci/vendor/laravel/framework/src/Illuminate/Foundation/Http/Kernel.php(175): Illuminate\\Pipeline\\Pipeline->then(Object(Closure))
#59 /home3/elngbpzd/work.dia.ci/vendor/laravel/framework/src/Illuminate/Foundation/Http/Kernel.php(144): Illuminate\\Foundation\\Http\\Kernel->sendRequestThroughRouter(Object(Illuminate\\Http\\Request))
#60 /home3/elngbpzd/work.dia.ci/vendor/laravel/framework/src/Illuminate/Foundation/Application.php(1219): Illuminate\\Foundation\\Http\\Kernel->handle(Object(Illuminate\\Http\\Request))
#61 /home3/elngbpzd/work.dia.ci/index.php(20): Illuminate\\Foundation\\Application->handleRequest(Object(Illuminate\\Http\\Request))
#62 {main}
"} 
[2025-06-10 01:10:40] production.ERROR: Too few arguments to function App\Policies\CodePromoPolicy::toggleActive(), 1 passed in /home3/elngbpzd/work.dia.ci/vendor/laravel/framework/src/Illuminate/Auth/Access/Gate.php on line 818 and exactly 2 expected (View: /home3/elngbpzd/work.dia.ci/vendor/filament/actions/resources/views/components/group.blade.php) (View: /home3/elngbpzd/work.dia.ci/vendor/filament/actions/resources/views/components/group.blade.php) (View: /home3/elngbpzd/work.dia.ci/vendor/filament/actions/resources/views/components/group.blade.php) (View: /home3/elngbpzd/work.dia.ci/vendor/filament/actions/resources/views/components/group.blade.php) (View: /home3/elngbpzd/work.dia.ci/vendor/filament/actions/resources/views/components/group.blade.php) {"userId":"01973f93-044a-73c2-b850-6771287d52a8","exception":"[object] (Illuminate\\View\\ViewException(code: 0): Too few arguments to function App\\Policies\\CodePromoPolicy::toggleActive(), 1 passed in /home3/elngbpzd/work.dia.ci/vendor/laravel/framework/src/Illuminate/Auth/Access/Gate.php on line 818 and exactly 2 expected (View: /home3/elngbpzd/work.dia.ci/vendor/filament/actions/resources/views/components/group.blade.php) (View: /home3/elngbpzd/work.dia.ci/vendor/filament/actions/resources/views/components/group.blade.php) (View: /home3/elngbpzd/work.dia.ci/vendor/filament/actions/resources/views/components/group.blade.php) (View: /home3/elngbpzd/work.dia.ci/vendor/filament/actions/resources/views/components/group.blade.php) (View: /home3/elngbpzd/work.dia.ci/vendor/filament/actions/resources/views/components/group.blade.php) at /home3/elngbpzd/work.dia.ci/app/Policies/CodePromoPolicy.php:135)
[stacktrace]
#0 /home3/elngbpzd/work.dia.ci/vendor/livewire/livewire/src/Mechanisms/ExtendBlade/ExtendedCompilerEngine.php(58): Illuminate\\View\\Engines\\CompilerEngine->handleViewException(Object(Illuminate\\View\\ViewException), 0)
#1 /home3/elngbpzd/work.dia.ci/vendor/livewire/livewire/src/Mechanisms/ExtendBlade/ExtendedCompilerEngine.php(40): Livewire\\Mechanisms\\ExtendBlade\\ExtendedCompilerEngine->handleViewException(Object(Illuminate\\View\\ViewException), 0)
#2 /home3/elngbpzd/work.dia.ci/vendor/laravel/framework/src/Illuminate/View/Engines/CompilerEngine.php(74): Livewire\\Mechanisms\\ExtendBlade\\ExtendedCompilerEngine->evaluatePath('/home3/elngbpzd...', Array)
#3 /home3/elngbpzd/work.dia.ci/vendor/livewire/livewire/src/Mechanisms/ExtendBlade/ExtendedCompilerEngine.php(16): Illuminate\\View\\Engines\\CompilerEngine->get('/home3/elngbpzd...', Array)
#4 /home3/elngbpzd/work.dia.ci/vendor/laravel/framework/src/Illuminate/View/View.php(208): Livewire\\Mechanisms\\ExtendBlade\\ExtendedCompilerEngine->get('/home3/elngbpzd...', Array)
#5 /home3/elngbpzd/work.dia.ci/vendor/laravel/framework/src/Illuminate/View/View.php(191): Illuminate\\View\\View->getContents()
#6 /home3/elngbpzd/work.dia.ci/vendor/laravel/framework/src/Illuminate/View/View.php(160): Illuminate\\View\\View->renderContents()
#7 /home3/elngbpzd/work.dia.ci/vendor/livewire/livewire/src/Mechanisms/HandleComponents/HandleComponents.php(241): Illuminate\\View\\View->render(Object(Closure))
#8 /home3/elngbpzd/work.dia.ci/vendor/livewire/livewire/src/Mechanisms/HandleComponents/HandleComponents.php(285): Livewire\\Mechanisms\\HandleComponents\\HandleComponents->Livewire\\Mechanisms\\HandleComponents\\{closure}()
#9 /home3/elngbpzd/work.dia.ci/vendor/livewire/livewire/src/Mechanisms/HandleComponents/HandleComponents.php(233): Livewire\\Mechanisms\\HandleComponents\\HandleComponents->trackInRenderStack(Object(App\\Filament\\Resources\\CodePromoResource\\Pages\\ListCodePromos), Object(Closure))
#10 /home3/elngbpzd/work.dia.ci/vendor/livewire/livewire/src/Mechanisms/HandleComponents/HandleComponents.php(54): Livewire\\Mechanisms\\HandleComponents\\HandleComponents->render(Object(App\\Filament\\Resources\\CodePromoResource\\Pages\\ListCodePromos), '<div></div>')
#11 /home3/elngbpzd/work.dia.ci/vendor/livewire/livewire/src/LivewireManager.php(73): Livewire\\Mechanisms\\HandleComponents\\HandleComponents->mount('App\\\\Filament\\\\Re...', Array, NULL)
#12 /home3/elngbpzd/work.dia.ci/vendor/livewire/livewire/src/Features/SupportPageComponents/HandlesPageComponents.php(17): Livewire\\LivewireManager->mount('App\\\\Filament\\\\Re...', Array)
#13 /home3/elngbpzd/work.dia.ci/vendor/livewire/livewire/src/Features/SupportPageComponents/SupportPageComponents.php(117): Livewire\\Component->Livewire\\Features\\SupportPageComponents\\{closure}()
#14 /home3/elngbpzd/work.dia.ci/vendor/livewire/livewire/src/Features/SupportPageComponents/HandlesPageComponents.php(14): Livewire\\Features\\SupportPageComponents\\SupportPageComponents::interceptTheRenderOfTheComponentAndRetreiveTheLayoutConfiguration(Object(Closure))
#15 /home3/elngbpzd/work.dia.ci/vendor/laravel/framework/src/Illuminate/Routing/ControllerDispatcher.php(46): Livewire\\Component->__invoke()
#16 /home3/elngbpzd/work.dia.ci/vendor/laravel/framework/src/Illuminate/Routing/Route.php(265): Illuminate\\Routing\\ControllerDispatcher->dispatch(Object(Illuminate\\Routing\\Route), Object(App\\Filament\\Resources\\CodePromoResource\\Pages\\ListCodePromos), '__invoke')
#17 /home3/elngbpzd/work.dia.ci/vendor/laravel/framework/src/Illuminate/Routing/Route.php(211): Illuminate\\Routing\\Route->runController()
#18 /home3/elngbpzd/work.dia.ci/vendor/laravel/framework/src/Illuminate/Routing/Router.php(808): Illuminate\\Routing\\Route->run()
#19 /home3/elngbpzd/work.dia.ci/vendor/laravel/framework/src/Illuminate/Pipeline/Pipeline.php(169): Illuminate\\Routing\\Router->Illuminate\\Routing\\{closure}(Object(Illuminate\\Http\\Request))
#20 /home3/elngbpzd/work.dia.ci/vendor/laravel/framework/src/Illuminate/Auth/Middleware/EnsureEmailIsVerified.php(41): Illuminate\\Pipeline\\Pipeline->Illuminate\\Pipeline\\{closure}(Object(Illuminate\\Http\\Request))
#21 /home3/elngbpzd/work.dia.ci/vendor/laravel/framework/src/Illuminate/Pipeline/Pipeline.php(208): Illuminate\\Auth\\Middleware\\EnsureEmailIsVerified->handle(Object(Illuminate\\Http\\Request), Object(Closure), 'filament.admin....')
#22 /home3/elngbpzd/work.dia.ci/app/Http/Middleware/HasEntreprise.php(28): Illuminate\\Pipeline\\Pipeline->Illuminate\\Pipeline\\{closure}(Object(Illuminate\\Http\\Request))
#23 /home3/elngbpzd/work.dia.ci/vendor/laravel/framework/src/Illuminate/Pipeline/Pipeline.php(208): App\\Http\\Middleware\\HasEntreprise->handle(Object(Illuminate\\Http\\Request), Object(Closure))
#24 /home3/elngbpzd/work.dia.ci/app/Http/Middleware/RedirectIfUnpaidInvoice.php(27): Illuminate\\Pipeline\\Pipeline->Illuminate\\Pipeline\\{closure}(Object(Illuminate\\Http\\Request))
#25 /home3/elngbpzd/work.dia.ci/vendor/laravel/framework/src/Illuminate/Pipeline/Pipeline.php(208): App\\Http\\Middleware\\RedirectIfUnpaidInvoice->handle(Object(Illuminate\\Http\\Request), Object(Closure))
#26 /home3/elngbpzd/work.dia.ci/vendor/filament/filament/src/Http/Middleware/DispatchServingFilamentEvent.php(15): Illuminate\\Pipeline\\Pipeline->Illuminate\\Pipeline\\{closure}(Object(Illuminate\\Http\\Request))
#27 /home3/elngbpzd/work.dia.ci/vendor/laravel/framework/src/Illuminate/Pipeline/Pipeline.php(208): Filament\\Http\\Middleware\\DispatchServingFilamentEvent->handle(Object(Illuminate\\Http\\Request), Object(Closure))
#28 /home3/elngbpzd/work.dia.ci/vendor/filament/filament/src/Http/Middleware/DisableBladeIconComponents.php(14): Illuminate\\Pipeline\\Pipeline->Illuminate\\Pipeline\\{closure}(Object(Illuminate\\Http\\Request))
#29 /home3/elngbpzd/work.dia.ci/vendor/laravel/framework/src/Illuminate/Pipeline/Pipeline.php(208): Filament\\Http\\Middleware\\DisableBladeIconComponents->handle(Object(Illuminate\\Http\\Request), Object(Closure))
#30 /home3/elngbpzd/work.dia.ci/vendor/laravel/framework/src/Illuminate/Routing/Middleware/SubstituteBindings.php(50): Illuminate\\Pipeline\\Pipeline->Illuminate\\Pipeline\\{closure}(Object(Illuminate\\Http\\Request))
#31 /home3/elngbpzd/work.dia.ci/vendor/laravel/framework/src/Illuminate/Pipeline/Pipeline.php(208): Illuminate\\Routing\\Middleware\\SubstituteBindings->handle(Object(Illuminate\\Http\\Request), Object(Closure))
#32 /home3/elngbpzd/work.dia.ci/vendor/laravel/framework/src/Illuminate/Foundation/Http/Middleware/VerifyCsrfToken.php(87): Illuminate\\Pipeline\\Pipeline->Illuminate\\Pipeline\\{closure}(Object(Illuminate\\Http\\Request))
#33 /home3/elngbpzd/work.dia.ci/vendor/laravel/framework/src/Illuminate/Pipeline/Pipeline.php(208): Illuminate\\Foundation\\Http\\Middleware\\VerifyCsrfToken->handle(Object(Illuminate\\Http\\Request), Object(Closure))
#34 /home3/elngbpzd/work.dia.ci/vendor/laravel/framework/src/Illuminate/Session/Middleware/AuthenticateSession.php(66): Illuminate\\Pipeline\\Pipeline->Illuminate\\Pipeline\\{closure}(Object(Illuminate\\Http\\Request))
#35 /home3/elngbpzd/work.dia.ci/vendor/laravel/framework/src/Illuminate/Pipeline/Pipeline.php(208): Illuminate\\Session\\Middleware\\AuthenticateSession->handle(Object(Illuminate\\Http\\Request), Object(Closure))
#36 /home3/elngbpzd/work.dia.ci/vendor/laravel/framework/src/Illuminate/Auth/Middleware/Authenticate.php(63): Illuminate\\Pipeline\\Pipeline->Illuminate\\Pipeline\\{closure}(Object(Illuminate\\Http\\Request))
#37 /home3/elngbpzd/work.dia.ci/vendor/laravel/framework/src/Illuminate/Pipeline/Pipeline.php(208): Illuminate\\Auth\\Middleware\\Authenticate->handle(Object(Illuminate\\Http\\Request), Object(Closure))
#38 /home3/elngbpzd/work.dia.ci/vendor/laravel/framework/src/Illuminate/View/Middleware/ShareErrorsFromSession.php(48): Illuminate\\Pipeline\\Pipeline->Illuminate\\Pipeline\\{closure}(Object(Illuminate\\Http\\Request))
#39 /home3/elngbpzd/work.dia.ci/vendor/laravel/framework/src/Illuminate/Pipeline/Pipeline.php(208): Illuminate\\View\\Middleware\\ShareErrorsFromSession->handle(Object(Illuminate\\Http\\Request), Object(Closure))
#40 /home3/elngbpzd/work.dia.ci/vendor/laravel/framework/src/Illuminate/Session/Middleware/StartSession.php(120): Illuminate\\Pipeline\\Pipeline->Illuminate\\Pipeline\\{closure}(Object(Illuminate\\Http\\Request))
#41 /home3/elngbpzd/work.dia.ci/vendor/laravel/framework/src/Illuminate/Session/Middleware/StartSession.php(63): Illuminate\\Session\\Middleware\\StartSession->handleStatefulRequest(Object(Illuminate\\Http\\Request), Object(Illuminate\\Session\\Store), Object(Closure))
#42 /home3/elngbpzd/work.dia.ci/vendor/laravel/framework/src/Illuminate/Pipeline/Pipeline.php(208): Illuminate\\Session\\Middleware\\StartSession->handle(Object(Illuminate\\Http\\Request), Object(Closure))
#43 /home3/elngbpzd/work.dia.ci/vendor/laravel/framework/src/Illuminate/Cookie/Middleware/AddQueuedCookiesToResponse.php(36): Illuminate\\Pipeline\\Pipeline->Illuminate\\Pipeline\\{closure}(Object(Illuminate\\Http\\Request))
#44 /home3/elngbpzd/work.dia.ci/vendor/laravel/framework/src/Illuminate/Pipeline/Pipeline.php(208): Illuminate\\Cookie\\Middleware\\AddQueuedCookiesToResponse->handle(Object(Illuminate\\Http\\Request), Object(Closure))
#45 /home3/elngbpzd/work.dia.ci/vendor/laravel/framework/src/Illuminate/Cookie/Middleware/EncryptCookies.php(74): Illuminate\\Pipeline\\Pipeline->Illuminate\\Pipeline\\{closure}(Object(Illuminate\\Http\\Request))
#46 /home3/elngbpzd/work.dia.ci/vendor/laravel/framework/src/Illuminate/Pipeline/Pipeline.php(208): Illuminate\\Cookie\\Middleware\\EncryptCookies->handle(Object(Illuminate\\Http\\Request), Object(Closure))
#47 /home3/elngbpzd/work.dia.ci/vendor/filament/filament/src/Http/Middleware/SetUpPanel.php(19): Illuminate\\Pipeline\\Pipeline->Illuminate\\Pipeline\\{closure}(Object(Illuminate\\Http\\Request))
#48 /home3/elngbpzd/work.dia.ci/vendor/laravel/framework/src/Illuminate/Pipeline/Pipeline.php(208): Filament\\Http\\Middleware\\SetUpPanel->handle(Object(Illuminate\\Http\\Request), Object(Closure), Object(Filament\\Panel))
#49 /home3/elngbpzd/work.dia.ci/vendor/laravel/framework/src/Illuminate/Pipeline/Pipeline.php(126): Illuminate\\Pipeline\\Pipeline->Illuminate\\Pipeline\\{closure}(Object(Illuminate\\Http\\Request))
#50 /home3/elngbpzd/work.dia.ci/vendor/laravel/framework/src/Illuminate/Routing/Router.php(807): Illuminate\\Pipeline\\Pipeline->then(Object(Closure))
#51 /home3/elngbpzd/work.dia.ci/vendor/laravel/framework/src/Illuminate/Routing/Router.php(786): Illuminate\\Routing\\Router->runRouteWithinStack(Object(Illuminate\\Routing\\Route), Object(Illuminate\\Http\\Request))
#52 /home3/elngbpzd/work.dia.ci/vendor/laravel/framework/src/Illuminate/Routing/Router.php(750): Illuminate\\Routing\\Router->runRoute(Object(Illuminate\\Http\\Request), Object(Illuminate\\Routing\\Route))
#53 /home3/elngbpzd/work.dia.ci/vendor/laravel/framework/src/Illuminate/Routing/Router.php(739): Illuminate\\Routing\\Router->dispatchToRoute(Object(Illuminate\\Http\\Request))
#54 /home3/elngbpzd/work.dia.ci/vendor/laravel/framework/src/Illuminate/Foundation/Http/Kernel.php(200): Illuminate\\Routing\\Router->dispatch(Object(Illuminate\\Http\\Request))
#55 /home3/elngbpzd/work.dia.ci/vendor/laravel/framework/src/Illuminate/Pipeline/Pipeline.php(169): Illuminate\\Foundation\\Http\\Kernel->Illuminate\\Foundation\\Http\\{closure}(Object(Illuminate\\Http\\Request))
#56 /home3/elngbpzd/work.dia.ci/vendor/livewire/livewire/src/Features/SupportDisablingBackButtonCache/DisableBackButtonCacheMiddleware.php(19): Illuminate\\Pipeline\\Pipeline->Illuminate\\Pipeline\\{closure}(Object(Illuminate\\Http\\Request))
#57 /home3/elngbpzd/work.dia.ci/vendor/laravel/framework/src/Illuminate/Pipeline/Pipeline.php(208): Livewire\\Features\\SupportDisablingBackButtonCache\\DisableBackButtonCacheMiddleware->handle(Object(Illuminate\\Http\\Request), Object(Closure))
#58 /home3/elngbpzd/work.dia.ci/vendor/laravel/framework/src/Illuminate/Foundation/Http/Middleware/TransformsRequest.php(21): Illuminate\\Pipeline\\Pipeline->Illuminate\\Pipeline\\{closure}(Object(Illuminate\\Http\\Request))
#59 /home3/elngbpzd/work.dia.ci/vendor/laravel/framework/src/Illuminate/Foundation/Http/Middleware/ConvertEmptyStringsToNull.php(31): Illuminate\\Foundation\\Http\\Middleware\\TransformsRequest->handle(Object(Illuminate\\Http\\Request), Object(Closure))
#60 /home3/elngbpzd/work.dia.ci/vendor/laravel/framework/src/Illuminate/Pipeline/Pipeline.php(208): Illuminate\\Foundation\\Http\\Middleware\\ConvertEmptyStringsToNull->handle(Object(Illuminate\\Http\\Request), Object(Closure))
#61 /home3/elngbpzd/work.dia.ci/vendor/laravel/framework/src/Illuminate/Foundation/Http/Middleware/TransformsRequest.php(21): Illuminate\\Pipeline\\Pipeline->Illuminate\\Pipeline\\{closure}(Object(Illuminate\\Http\\Request))
#62 /home3/elngbpzd/work.dia.ci/vendor/laravel/framework/src/Illuminate/Foundation/Http/Middleware/TrimStrings.php(51): Illuminate\\Foundation\\Http\\Middleware\\TransformsRequest->handle(Object(Illuminate\\Http\\Request), Object(Closure))
#63 /home3/elngbpzd/work.dia.ci/vendor/laravel/framework/src/Illuminate/Pipeline/Pipeline.php(208): Illuminate\\Foundation\\Http\\Middleware\\TrimStrings->handle(Object(Illuminate\\Http\\Request), Object(Closure))
#64 /home3/elngbpzd/work.dia.ci/vendor/laravel/framework/src/Illuminate/Http/Middleware/ValidatePostSize.php(27): Illuminate\\Pipeline\\Pipeline->Illuminate\\Pipeline\\{closure}(Object(Illuminate\\Http\\Request))
#65 /home3/elngbpzd/work.dia.ci/vendor/laravel/framework/src/Illuminate/Pipeline/Pipeline.php(208): Illuminate\\Http\\Middleware\\ValidatePostSize->handle(Object(Illuminate\\Http\\Request), Object(Closure))
#66 /home3/elngbpzd/work.dia.ci/vendor/laravel/framework/src/Illuminate/Foundation/Http/Middleware/PreventRequestsDuringMaintenance.php(109): Illuminate\\Pipeline\\Pipeline->Illuminate\\Pipeline\\{closure}(Object(Illuminate\\Http\\Request))
#67 /home3/elngbpzd/work.dia.ci/vendor/laravel/framework/src/Illuminate/Pipeline/Pipeline.php(208): Illuminate\\Foundation\\Http\\Middleware\\PreventRequestsDuringMaintenance->handle(Object(Illuminate\\Http\\Request), Object(Closure))
#68 /home3/elngbpzd/work.dia.ci/vendor/laravel/framework/src/Illuminate/Http/Middleware/HandleCors.php(48): Illuminate\\Pipeline\\Pipeline->Illuminate\\Pipeline\\{closure}(Object(Illuminate\\Http\\Request))
#69 /home3/elngbpzd/work.dia.ci/vendor/laravel/framework/src/Illuminate/Pipeline/Pipeline.php(208): Illuminate\\Http\\Middleware\\HandleCors->handle(Object(Illuminate\\Http\\Request), Object(Closure))
#70 /home3/elngbpzd/work.dia.ci/vendor/laravel/framework/src/Illuminate/Http/Middleware/TrustProxies.php(58): Illuminate\\Pipeline\\Pipeline->Illuminate\\Pipeline\\{closure}(Object(Illuminate\\Http\\Request))
#71 /home3/elngbpzd/work.dia.ci/vendor/laravel/framework/src/Illuminate/Pipeline/Pipeline.php(208): Illuminate\\Http\\Middleware\\TrustProxies->handle(Object(Illuminate\\Http\\Request), Object(Closure))
#72 /home3/elngbpzd/work.dia.ci/vendor/laravel/framework/src/Illuminate/Foundation/Http/Middleware/InvokeDeferredCallbacks.php(22): Illuminate\\Pipeline\\Pipeline->Illuminate\\Pipeline\\{closure}(Object(Illuminate\\Http\\Request))
#73 /home3/elngbpzd/work.dia.ci/vendor/laravel/framework/src/Illuminate/Pipeline/Pipeline.php(208): Illuminate\\Foundation\\Http\\Middleware\\InvokeDeferredCallbacks->handle(Object(Illuminate\\Http\\Request), Object(Closure))
#74 /home3/elngbpzd/work.dia.ci/vendor/laravel/framework/src/Illuminate/Http/Middleware/ValidatePathEncoding.php(26): Illuminate\\Pipeline\\Pipeline->Illuminate\\Pipeline\\{closure}(Object(Illuminate\\Http\\Request))
#75 /home3/elngbpzd/work.dia.ci/vendor/laravel/framework/src/Illuminate/Pipeline/Pipeline.php(208): Illuminate\\Http\\Middleware\\ValidatePathEncoding->handle(Object(Illuminate\\Http\\Request), Object(Closure))
#76 /home3/elngbpzd/work.dia.ci/vendor/laravel/framework/src/Illuminate/Pipeline/Pipeline.php(126): Illuminate\\Pipeline\\Pipeline->Illuminate\\Pipeline\\{closure}(Object(Illuminate\\Http\\Request))
#77 /home3/elngbpzd/work.dia.ci/vendor/laravel/framework/src/Illuminate/Foundation/Http/Kernel.php(175): Illuminate\\Pipeline\\Pipeline->then(Object(Closure))
#78 /home3/elngbpzd/work.dia.ci/vendor/laravel/framework/src/Illuminate/Foundation/Http/Kernel.php(144): Illuminate\\Foundation\\Http\\Kernel->sendRequestThroughRouter(Object(Illuminate\\Http\\Request))
#79 /home3/elngbpzd/work.dia.ci/vendor/laravel/framework/src/Illuminate/Foundation/Application.php(1219): Illuminate\\Foundation\\Http\\Kernel->handle(Object(Illuminate\\Http\\Request))
#80 /home3/elngbpzd/work.dia.ci/index.php(20): Illuminate\\Foundation\\Application->handleRequest(Object(Illuminate\\Http\\Request))
#81 {main}

[previous exception] [object] (Illuminate\\View\\ViewException(code: 0): Too few arguments to function App\\Policies\\CodePromoPolicy::toggleActive(), 1 passed in /home3/elngbpzd/work.dia.ci/vendor/laravel/framework/src/Illuminate/Auth/Access/Gate.php on line 818 and exactly 2 expected (View: /home3/elngbpzd/work.dia.ci/vendor/filament/actions/resources/views/components/group.blade.php) (View: /home3/elngbpzd/work.dia.ci/vendor/filament/actions/resources/views/components/group.blade.php) (View: /home3/elngbpzd/work.dia.ci/vendor/filament/actions/resources/views/components/group.blade.php) (View: /home3/elngbpzd/work.dia.ci/vendor/filament/actions/resources/views/components/group.blade.php) at /home3/elngbpzd/work.dia.ci/app/Policies/CodePromoPolicy.php:135)
[stacktrace]
#0 /home3/elngbpzd/work.dia.ci/vendor/livewire/livewire/src/Mechanisms/ExtendBlade/ExtendedCompilerEngine.php(58): Illuminate\\View\\Engines\\CompilerEngine->handleViewException(Object(Illuminate\\View\\ViewException), 2)
#1 /home3/elngbpzd/work.dia.ci/vendor/livewire/livewire/src/Mechanisms/ExtendBlade/ExtendedCompilerEngine.php(40): Livewire\\Mechanisms\\ExtendBlade\\ExtendedCompilerEngine->handleViewException(Object(Illuminate\\View\\ViewException), 2)
#2 /home3/elngbpzd/work.dia.ci/vendor/laravel/framework/src/Illuminate/View/Engines/CompilerEngine.php(74): Livewire\\Mechanisms\\ExtendBlade\\ExtendedCompilerEngine->evaluatePath('/home3/elngbpzd...', Array)
#3 /home3/elngbpzd/work.dia.ci/vendor/livewire/livewire/src/Mechanisms/ExtendBlade/ExtendedCompilerEngine.php(16): Illuminate\\View\\Engines\\CompilerEngine->get('/home3/elngbpzd...', Array)
#4 /home3/elngbpzd/work.dia.ci/vendor/laravel/framework/src/Illuminate/View/View.php(208): Livewire\\Mechanisms\\ExtendBlade\\ExtendedCompilerEngine->get('/home3/elngbpzd...', Array)
#5 /home3/elngbpzd/work.dia.ci/vendor/laravel/framework/src/Illuminate/View/View.php(191): Illuminate\\View\\View->getContents()
#6 /home3/elngbpzd/work.dia.ci/vendor/laravel/framework/src/Illuminate/View/View.php(160): Illuminate\\View\\View->renderContents()
#7 /home3/elngbpzd/work.dia.ci/vendor/filament/support/src/Components/ViewComponent.php(115): Illuminate\\View\\View->render()
#8 /home3/elngbpzd/work.dia.ci/vendor/laravel/framework/src/Illuminate/Support/helpers.php(134): Filament\\Support\\Components\\ViewComponent->toHtml()
#9 /home3/elngbpzd/work.dia.ci/storage/framework/views/997005b9a04b8fc3954abb3e497ab51c.php(42): e(Object(Filament\\Tables\\Table))
#10 /home3/elngbpzd/work.dia.ci/vendor/livewire/livewire/src/Mechanisms/ExtendBlade/ExtendedCompilerEngine.php(37): include('/home3/elngbpzd...')
#11 /home3/elngbpzd/work.dia.ci/vendor/livewire/livewire/src/Mechanisms/ExtendBlade/ExtendedCompilerEngine.php(38): App\\Filament\\Resources\\CodePromoResource\\Pages\\ListCodePromos->Livewire\\Mechanisms\\ExtendBlade\\{closure}()
#12 /home3/elngbpzd/work.dia.ci/vendor/laravel/framework/src/Illuminate/View/Engines/CompilerEngine.php(74): Livewire\\Mechanisms\\ExtendBlade\\ExtendedCompilerEngine->evaluatePath('/home3/elngbpzd...', Array)
#13 /home3/elngbpzd/work.dia.ci/vendor/livewire/livewire/src/Mechanisms/ExtendBlade/ExtendedCompilerEngine.php(16): Illuminate\\View\\Engines\\CompilerEngine->get('/home3/elngbpzd...', Array)
#14 /home3/elngbpzd/work.dia.ci/vendor/laravel/framework/src/Illuminate/View/View.php(208): Livewire\\Mechanisms\\ExtendBlade\\ExtendedCompilerEngine->get('/home3/elngbpzd...', Array)
#15 /home3/elngbpzd/work.dia.ci/vendor/laravel/framework/src/Illuminate/View/View.php(191): Illuminate\\View\\View->getContents()
#16 /home3/elngbpzd/work.dia.ci/vendor/laravel/framework/src/Illuminate/View/View.php(160): Illuminate\\View\\View->renderContents()
#17 /home3/elngbpzd/work.dia.ci/vendor/livewire/livewire/src/Mechanisms/HandleComponents/HandleComponents.php(241): Illuminate\\View\\View->render(Object(Closure))
#18 /home3/elngbpzd/work.dia.ci/vendor/livewire/livewire/src/Mechanisms/HandleComponents/HandleComponents.php(285): Livewire\\Mechanisms\\HandleComponents\\HandleComponents->Livewire\\Mechanisms\\HandleComponents\\{closure}()
#19 /home3/elngbpzd/work.dia.ci/vendor/livewire/livewire/src/Mechanisms/HandleComponents/HandleComponents.php(233): Livewire\\Mechanisms\\HandleComponents\\HandleComponents->trackInRenderStack(Object(App\\Filament\\Resources\\CodePromoResource\\Pages\\ListCodePromos), Object(Closure))
#20 /home3/elngbpzd/work.dia.ci/vendor/livewire/livewire/src/Mechanisms/HandleComponents/HandleComponents.php(54): Livewire\\Mechanisms\\HandleComponents\\HandleComponents->render(Object(App\\Filament\\Resources\\CodePromoResource\\Pages\\ListCodePromos), '<div></div>')
#21 /home3/elngbpzd/work.dia.ci/vendor/livewire/livewire/src/LivewireManager.php(73): Livewire\\Mechanisms\\HandleComponents\\HandleComponents->mount('App\\\\Filament\\\\Re...', Array, NULL)
#22 /home3/elngbpzd/work.dia.ci/vendor/livewire/livewire/src/Features/SupportPageComponents/HandlesPageComponents.php(17): Livewire\\LivewireManager->mount('App\\\\Filament\\\\Re...', Array)
#23 /home3/elngbpzd/work.dia.ci/vendor/livewire/livewire/src/Features/SupportPageComponents/SupportPageComponents.php(117): Livewire\\Component->Livewire\\Features\\SupportPageComponents\\{closure}()
#24 /home3/elngbpzd/work.dia.ci/vendor/livewire/livewire/src/Features/SupportPageComponents/HandlesPageComponents.php(14): Livewire\\Features\\SupportPageComponents\\SupportPageComponents::interceptTheRenderOfTheComponentAndRetreiveTheLayoutConfiguration(Object(Closure))
#25 /home3/elngbpzd/work.dia.ci/vendor/laravel/framework/src/Illuminate/Routing/ControllerDispatcher.php(46): Livewire\\Component->__invoke()
#26 /home3/elngbpzd/work.dia.ci/vendor/laravel/framework/src/Illuminate/Routing/Route.php(265): Illuminate\\Routing\\ControllerDispatcher->dispatch(Object(Illuminate\\Routing\\Route), Object(App\\Filament\\Resources\\CodePromoResource\\Pages\\ListCodePromos), '__invoke')
#27 /home3/elngbpzd/work.dia.ci/vendor/laravel/framework/src/Illuminate/Routing/Route.php(211): Illuminate\\Routing\\Route->runController()
#28 /home3/elngbpzd/work.dia.ci/vendor/laravel/framework/src/Illuminate/Routing/Router.php(808): Illuminate\\Routing\\Route->run()
#29 /home3/elngbpzd/work.dia.ci/vendor/laravel/framework/src/Illuminate/Pipeline/Pipeline.php(169): Illuminate\\Routing\\Router->Illuminate\\Routing\\{closure}(Object(Illuminate\\Http\\Request))
#30 /home3/elngbpzd/work.dia.ci/vendor/laravel/framework/src/Illuminate/Auth/Middleware/EnsureEmailIsVerified.php(41): Illuminate\\Pipeline\\Pipeline->Illuminate\\Pipeline\\{closure}(Object(Illuminate\\Http\\Request))
#31 /home3/elngbpzd/work.dia.ci/vendor/laravel/framework/src/Illuminate/Pipeline/Pipeline.php(208): Illuminate\\Auth\\Middleware\\EnsureEmailIsVerified->handle(Object(Illuminate\\Http\\Request), Object(Closure), 'filament.admin....')
#32 /home3/elngbpzd/work.dia.ci/app/Http/Middleware/HasEntreprise.php(28): Illuminate\\Pipeline\\Pipeline->Illuminate\\Pipeline\\{closure}(Object(Illuminate\\Http\\Request))
#33 /home3/elngbpzd/work.dia.ci/vendor/laravel/framework/src/Illuminate/Pipeline/Pipeline.php(208): App\\Http\\Middleware\\HasEntreprise->handle(Object(Illuminate\\Http\\Request), Object(Closure))
#34 /home3/elngbpzd/work.dia.ci/app/Http/Middleware/RedirectIfUnpaidInvoice.php(27): Illuminate\\Pipeline\\Pipeline->Illuminate\\Pipeline\\{closure}(Object(Illuminate\\Http\\Request))
#35 /home3/elngbpzd/work.dia.ci/vendor/laravel/framework/src/Illuminate/Pipeline/Pipeline.php(208): App\\Http\\Middleware\\RedirectIfUnpaidInvoice->handle(Object(Illuminate\\Http\\Request), Object(Closure))
#36 /home3/elngbpzd/work.dia.ci/vendor/filament/filament/src/Http/Middleware/DispatchServingFilamentEvent.php(15): Illuminate\\Pipeline\\Pipeline->Illuminate\\Pipeline\\{closure}(Object(Illuminate\\Http\\Request))
#37 /home3/elngbpzd/work.dia.ci/vendor/laravel/framework/src/Illuminate/Pipeline/Pipeline.php(208): Filament\\Http\\Middleware\\DispatchServingFilamentEvent->handle(Object(Illuminate\\Http\\Request), Object(Closure))
#38 /home3/elngbpzd/work.dia.ci/vendor/filament/filament/src/Http/Middleware/DisableBladeIconComponents.php(14): Illuminate\\Pipeline\\Pipeline->Illuminate\\Pipeline\\{closure}(Object(Illuminate\\Http\\Request))
#39 /home3/elngbpzd/work.dia.ci/vendor/laravel/framework/src/Illuminate/Pipeline/Pipeline.php(208): Filament\\Http\\Middleware\\DisableBladeIconComponents->handle(Object(Illuminate\\Http\\Request), Object(Closure))
#40 /home3/elngbpzd/work.dia.ci/vendor/laravel/framework/src/Illuminate/Routing/Middleware/SubstituteBindings.php(50): Illuminate\\Pipeline\\Pipeline->Illuminate\\Pipeline\\{closure}(Object(Illuminate\\Http\\Request))
#41 /home3/elngbpzd/work.dia.ci/vendor/laravel/framework/src/Illuminate/Pipeline/Pipeline.php(208): Illuminate\\Routing\\Middleware\\SubstituteBindings->handle(Object(Illuminate\\Http\\Request), Object(Closure))
#42 /home3/elngbpzd/work.dia.ci/vendor/laravel/framework/src/Illuminate/Foundation/Http/Middleware/VerifyCsrfToken.php(87): Illuminate\\Pipeline\\Pipeline->Illuminate\\Pipeline\\{closure}(Object(Illuminate\\Http\\Request))
#43 /home3/elngbpzd/work.dia.ci/vendor/laravel/framework/src/Illuminate/Pipeline/Pipeline.php(208): Illuminate\\Foundation\\Http\\Middleware\\VerifyCsrfToken->handle(Object(Illuminate\\Http\\Request), Object(Closure))
#44 /home3/elngbpzd/work.dia.ci/vendor/laravel/framework/src/Illuminate/Session/Middleware/AuthenticateSession.php(66): Illuminate\\Pipeline\\Pipeline->Illuminate\\Pipeline\\{closure}(Object(Illuminate\\Http\\Request))
#45 /home3/elngbpzd/work.dia.ci/vendor/laravel/framework/src/Illuminate/Pipeline/Pipeline.php(208): Illuminate\\Session\\Middleware\\AuthenticateSession->handle(Object(Illuminate\\Http\\Request), Object(Closure))
#46 /home3/elngbpzd/work.dia.ci/vendor/laravel/framework/src/Illuminate/Auth/Middleware/Authenticate.php(63): Illuminate\\Pipeline\\Pipeline->Illuminate\\Pipeline\\{closure}(Object(Illuminate\\Http\\Request))
#47 /home3/elngbpzd/work.dia.ci/vendor/laravel/framework/src/Illuminate/Pipeline/Pipeline.php(208): Illuminate\\Auth\\Middleware\\Authenticate->handle(Object(Illuminate\\Http\\Request), Object(Closure))
#48 /home3/elngbpzd/work.dia.ci/vendor/laravel/framework/src/Illuminate/View/Middleware/ShareErrorsFromSession.php(48): Illuminate\\Pipeline\\Pipeline->Illuminate\\Pipeline\\{closure}(Object(Illuminate\\Http\\Request))
#49 /home3/elngbpzd/work.dia.ci/vendor/laravel/framework/src/Illuminate/Pipeline/Pipeline.php(208): Illuminate\\View\\Middleware\\ShareErrorsFromSession->handle(Object(Illuminate\\Http\\Request), Object(Closure))
#50 /home3/elngbpzd/work.dia.ci/vendor/laravel/framework/src/Illuminate/Session/Middleware/StartSession.php(120): Illuminate\\Pipeline\\Pipeline->Illuminate\\Pipeline\\{closure}(Object(Illuminate\\Http\\Request))
#51 /home3/elngbpzd/work.dia.ci/vendor/laravel/framework/src/Illuminate/Session/Middleware/StartSession.php(63): Illuminate\\Session\\Middleware\\StartSession->handleStatefulRequest(Object(Illuminate\\Http\\Request), Object(Illuminate\\Session\\Store), Object(Closure))
#52 /home3/elngbpzd/work.dia.ci/vendor/laravel/framework/src/Illuminate/Pipeline/Pipeline.php(208): Illuminate\\Session\\Middleware\\StartSession->handle(Object(Illuminate\\Http\\Request), Object(Closure))
#53 /home3/elngbpzd/work.dia.ci/vendor/laravel/framework/src/Illuminate/Cookie/Middleware/AddQueuedCookiesToResponse.php(36): Illuminate\\Pipeline\\Pipeline->Illuminate\\Pipeline\\{closure}(Object(Illuminate\\Http\\Request))
#54 /home3/elngbpzd/work.dia.ci/vendor/laravel/framework/src/Illuminate/Pipeline/Pipeline.php(208): Illuminate\\Cookie\\Middleware\\AddQueuedCookiesToResponse->handle(Object(Illuminate\\Http\\Request), Object(Closure))
#55 /home3/elngbpzd/work.dia.ci/vendor/laravel/framework/src/Illuminate/Cookie/Middleware/EncryptCookies.php(74): Illuminate\\Pipeline\\Pipeline->Illuminate\\Pipeline\\{closure}(Object(Illuminate\\Http\\Request))
#56 /home3/elngbpzd/work.dia.ci/vendor/laravel/framework/src/Illuminate/Pipeline/Pipeline.php(208): Illuminate\\Cookie\\Middleware\\EncryptCookies->handle(Object(Illuminate\\Http\\Request), Object(Closure))
#57 /home3/elngbpzd/work.dia.ci/vendor/filament/filament/src/Http/Middleware/SetUpPanel.php(19): Illuminate\\Pipeline\\Pipeline->Illuminate\\Pipeline\\{closure}(Object(Illuminate\\Http\\Request))
#58 /home3/elngbpzd/work.dia.ci/vendor/laravel/framework/src/Illuminate/Pipeline/Pipeline.php(208): Filament\\Http\\Middleware\\SetUpPanel->handle(Object(Illuminate\\Http\\Request), Object(Closure), Object(Filament\\Panel))
#59 /home3/elngbpzd/work.dia.ci/vendor/laravel/framework/src/Illuminate/Pipeline/Pipeline.php(126): Illuminate\\Pipeline\\Pipeline->Illuminate\\Pipeline\\{closure}(Object(Illuminate\\Http\\Request))
#60 /home3/elngbpzd/work.dia.ci/vendor/laravel/framework/src/Illuminate/Routing/Router.php(807): Illuminate\\Pipeline\\Pipeline->then(Object(Closure))
#61 /home3/elngbpzd/work.dia.ci/vendor/laravel/framework/src/Illuminate/Routing/Router.php(786): Illuminate\\Routing\\Router->runRouteWithinStack(Object(Illuminate\\Routing\\Route), Object(Illuminate\\Http\\Request))
#62 /home3/elngbpzd/work.dia.ci/vendor/laravel/framework/src/Illuminate/Routing/Router.php(750): Illuminate\\Routing\\Router->runRoute(Object(Illuminate\\Http\\Request), Object(Illuminate\\Routing\\Route))
#63 /home3/elngbpzd/work.dia.ci/vendor/laravel/framework/src/Illuminate/Routing/Router.php(739): Illuminate\\Routing\\Router->dispatchToRoute(Object(Illuminate\\Http\\Request))
#64 /home3/elngbpzd/work.dia.ci/vendor/laravel/framework/src/Illuminate/Foundation/Http/Kernel.php(200): Illuminate\\Routing\\Router->dispatch(Object(Illuminate\\Http\\Request))
#65 /home3/elngbpzd/work.dia.ci/vendor/laravel/framework/src/Illuminate/Pipeline/Pipeline.php(169): Illuminate\\Foundation\\Http\\Kernel->Illuminate\\Foundation\\Http\\{closure}(Object(Illuminate\\Http\\Request))
#66 /home3/elngbpzd/work.dia.ci/vendor/livewire/livewire/src/Features/SupportDisablingBackButtonCache/DisableBackButtonCacheMiddleware.php(19): Illuminate\\Pipeline\\Pipeline->Illuminate\\Pipeline\\{closure}(Object(Illuminate\\Http\\Request))
#67 /home3/elngbpzd/work.dia.ci/vendor/laravel/framework/src/Illuminate/Pipeline/Pipeline.php(208): Livewire\\Features\\SupportDisablingBackButtonCache\\DisableBackButtonCacheMiddleware->handle(Object(Illuminate\\Http\\Request), Object(Closure))
#68 /home3/elngbpzd/work.dia.ci/vendor/laravel/framework/src/Illuminate/Foundation/Http/Middleware/TransformsRequest.php(21): Illuminate\\Pipeline\\Pipeline->Illuminate\\Pipeline\\{closure}(Object(Illuminate\\Http\\Request))
#69 /home3/elngbpzd/work.dia.ci/vendor/laravel/framework/src/Illuminate/Foundation/Http/Middleware/ConvertEmptyStringsToNull.php(31): Illuminate\\Foundation\\Http\\Middleware\\TransformsRequest->handle(Object(Illuminate\\Http\\Request), Object(Closure))
#70 /home3/elngbpzd/work.dia.ci/vendor/laravel/framework/src/Illuminate/Pipeline/Pipeline.php(208): Illuminate\\Foundation\\Http\\Middleware\\ConvertEmptyStringsToNull->handle(Object(Illuminate\\Http\\Request), Object(Closure))
#71 /home3/elngbpzd/work.dia.ci/vendor/laravel/framework/src/Illuminate/Foundation/Http/Middleware/TransformsRequest.php(21): Illuminate\\Pipeline\\Pipeline->Illuminate\\Pipeline\\{closure}(Object(Illuminate\\Http\\Request))
#72 /home3/elngbpzd/work.dia.ci/vendor/laravel/framework/src/Illuminate/Foundation/Http/Middleware/TrimStrings.php(51): Illuminate\\Foundation\\Http\\Middleware\\TransformsRequest->handle(Object(Illuminate\\Http\\Request), Object(Closure))
#73 /home3/elngbpzd/work.dia.ci/vendor/laravel/framework/src/Illuminate/Pipeline/Pipeline.php(208): Illuminate\\Foundation\\Http\\Middleware\\TrimStrings->handle(Object(Illuminate\\Http\\Request), Object(Closure))
#74 /home3/elngbpzd/work.dia.ci/vendor/laravel/framework/src/Illuminate/Http/Middleware/ValidatePostSize.php(27): Illuminate\\Pipeline\\Pipeline->Illuminate\\Pipeline\\{closure}(Object(Illuminate\\Http\\Request))
#75 /home3/elngbpzd/work.dia.ci/vendor/laravel/framework/src/Illuminate/Pipeline/Pipeline.php(208): Illuminate\\Http\\Middleware\\ValidatePostSize->handle(Object(Illuminate\\Http\\Request), Object(Closure))
#76 /home3/elngbpzd/work.dia.ci/vendor/laravel/framework/src/Illuminate/Foundation/Http/Middleware/PreventRequestsDuringMaintenance.php(109): Illuminate\\Pipeline\\Pipeline->Illuminate\\Pipeline\\{closure}(Object(Illuminate\\Http\\Request))
#77 /home3/elngbpzd/work.dia.ci/vendor/laravel/framework/src/Illuminate/Pipeline/Pipeline.php(208): Illuminate\\Foundation\\Http\\Middleware\\PreventRequestsDuringMaintenance->handle(Object(Illuminate\\Http\\Request), Object(Closure))
#78 /home3/elngbpzd/work.dia.ci/vendor/laravel/framework/src/Illuminate/Http/Middleware/HandleCors.php(48): Illuminate\\Pipeline\\Pipeline->Illuminate\\Pipeline\\{closure}(Object(Illuminate\\Http\\Request))
#79 /home3/elngbpzd/work.dia.ci/vendor/laravel/framework/src/Illuminate/Pipeline/Pipeline.php(208): Illuminate\\Http\\Middleware\\HandleCors->handle(Object(Illuminate\\Http\\Request), Object(Closure))
#80 /home3/elngbpzd/work.dia.ci/vendor/laravel/framework/src/Illuminate/Http/Middleware/TrustProxies.php(58): Illuminate\\Pipeline\\Pipeline->Illuminate\\Pipeline\\{closure}(Object(Illuminate\\Http\\Request))
#81 /home3/elngbpzd/work.dia.ci/vendor/laravel/framework/src/Illuminate/Pipeline/Pipeline.php(208): Illuminate\\Http\\Middleware\\TrustProxies->handle(Object(Illuminate\\Http\\Request), Object(Closure))
#82 /home3/elngbpzd/work.dia.ci/vendor/laravel/framework/src/Illuminate/Foundation/Http/Middleware/InvokeDeferredCallbacks.php(22): Illuminate\\Pipeline\\Pipeline->Illuminate\\Pipeline\\{closure}(Object(Illuminate\\Http\\Request))
#83 /home3/elngbpzd/work.dia.ci/vendor/laravel/framework/src/Illuminate/Pipeline/Pipeline.php(208): Illuminate\\Foundation\\Http\\Middleware\\InvokeDeferredCallbacks->handle(Object(Illuminate\\Http\\Request), Object(Closure))
#84 /home3/elngbpzd/work.dia.ci/vendor/laravel/framework/src/Illuminate/Http/Middleware/ValidatePathEncoding.php(26): Illuminate\\Pipeline\\Pipeline->Illuminate\\Pipeline\\{closure}(Object(Illuminate\\Http\\Request))
#85 /home3/elngbpzd/work.dia.ci/vendor/laravel/framework/src/Illuminate/Pipeline/Pipeline.php(208): Illuminate\\Http\\Middleware\\ValidatePathEncoding->handle(Object(Illuminate\\Http\\Request), Object(Closure))
#86 /home3/elngbpzd/work.dia.ci/vendor/laravel/framework/src/Illuminate/Pipeline/Pipeline.php(126): Illuminate\\Pipeline\\Pipeline->Illuminate\\Pipeline\\{closure}(Object(Illuminate\\Http\\Request))
#87 /home3/elngbpzd/work.dia.ci/vendor/laravel/framework/src/Illuminate/Foundation/Http/Kernel.php(175): Illuminate\\Pipeline\\Pipeline->then(Object(Closure))
#88 /home3/elngbpzd/work.dia.ci/vendor/laravel/framework/src/Illuminate/Foundation/Http/Kernel.php(144): Illuminate\\Foundation\\Http\\Kernel->sendRequestThroughRouter(Object(Illuminate\\Http\\Request))
#89 /home3/elngbpzd/work.dia.ci/vendor/laravel/framework/src/Illuminate/Foundation/Application.php(1219): Illuminate\\Foundation\\Http\\Kernel->handle(Object(Illuminate\\Http\\Request))
#90 /home3/elngbpzd/work.dia.ci/index.php(20): Illuminate\\Foundation\\Application->handleRequest(Object(Illuminate\\Http\\Request))
#91 {main}

[previous exception] [object] (Illuminate\\View\\ViewException(code: 0): Too few arguments to function App\\Policies\\CodePromoPolicy::toggleActive(), 1 passed in /home3/elngbpzd/work.dia.ci/vendor/laravel/framework/src/Illuminate/Auth/Access/Gate.php on line 818 and exactly 2 expected (View: /home3/elngbpzd/work.dia.ci/vendor/filament/actions/resources/views/components/group.blade.php) (View: /home3/elngbpzd/work.dia.ci/vendor/filament/actions/resources/views/components/group.blade.php) (View: /home3/elngbpzd/work.dia.ci/vendor/filament/actions/resources/views/components/group.blade.php) at /home3/elngbpzd/work.dia.ci/app/Policies/CodePromoPolicy.php:135)
[stacktrace]
#0 /home3/elngbpzd/work.dia.ci/vendor/livewire/livewire/src/Mechanisms/ExtendBlade/ExtendedCompilerEngine.php(58): Illuminate\\View\\Engines\\CompilerEngine->handleViewException(Object(Illuminate\\View\\ViewException), 4)
#1 /home3/elngbpzd/work.dia.ci/vendor/livewire/livewire/src/Mechanisms/ExtendBlade/ExtendedCompilerEngine.php(40): Livewire\\Mechanisms\\ExtendBlade\\ExtendedCompilerEngine->handleViewException(Object(Illuminate\\View\\ViewException), 4)
#2 /home3/elngbpzd/work.dia.ci/vendor/laravel/framework/src/Illuminate/View/Engines/CompilerEngine.php(74): Livewire\\Mechanisms\\ExtendBlade\\ExtendedCompilerEngine->evaluatePath('/home3/elngbpzd...', Array)
#3 /home3/elngbpzd/work.dia.ci/vendor/livewire/livewire/src/Mechanisms/ExtendBlade/ExtendedCompilerEngine.php(16): Illuminate\\View\\Engines\\CompilerEngine->get('/home3/elngbpzd...', Array)
#4 /home3/elngbpzd/work.dia.ci/vendor/laravel/framework/src/Illuminate/View/View.php(208): Livewire\\Mechanisms\\ExtendBlade\\ExtendedCompilerEngine->get('/home3/elngbpzd...', Array)
#5 /home3/elngbpzd/work.dia.ci/vendor/laravel/framework/src/Illuminate/View/View.php(191): Illuminate\\View\\View->getContents()
#6 /home3/elngbpzd/work.dia.ci/vendor/laravel/framework/src/Illuminate/View/View.php(160): Illuminate\\View\\View->renderContents()
#7 /home3/elngbpzd/work.dia.ci/vendor/laravel/framework/src/Illuminate/View/Concerns/ManagesComponents.php(103): Illuminate\\View\\View->render()
#8 /home3/elngbpzd/work.dia.ci/storage/framework/views/214c544a94a5507404ff2242340d55d8.php(253): Illuminate\\View\\Factory->renderComponent()
#9 /home3/elngbpzd/work.dia.ci/vendor/livewire/livewire/src/Mechanisms/ExtendBlade/ExtendedCompilerEngine.php(37): include('/home3/elngbpzd...')
#10 /home3/elngbpzd/work.dia.ci/vendor/livewire/livewire/src/Mechanisms/ExtendBlade/ExtendedCompilerEngine.php(38): App\\Filament\\Resources\\CodePromoResource\\Pages\\ListCodePromos->Livewire\\Mechanisms\\ExtendBlade\\{closure}()
#11 /home3/elngbpzd/work.dia.ci/vendor/laravel/framework/src/Illuminate/View/Engines/CompilerEngine.php(74): Livewire\\Mechanisms\\ExtendBlade\\ExtendedCompilerEngine->evaluatePath('/home3/elngbpzd...', Array)
#12 /home3/elngbpzd/work.dia.ci/vendor/livewire/livewire/src/Mechanisms/ExtendBlade/ExtendedCompilerEngine.php(16): Illuminate\\View\\Engines\\CompilerEngine->get('/home3/elngbpzd...', Array)
#13 /home3/elngbpzd/work.dia.ci/vendor/laravel/framework/src/Illuminate/View/View.php(208): Livewire\\Mechanisms\\ExtendBlade\\ExtendedCompilerEngine->get('/home3/elngbpzd...', Array)
#14 /home3/elngbpzd/work.dia.ci/vendor/laravel/framework/src/Illuminate/View/View.php(191): Illuminate\\View\\View->getContents()
#15 /home3/elngbpzd/work.dia.ci/vendor/laravel/framework/src/Illuminate/View/View.php(160): Illuminate\\View\\View->renderContents()
#16 /home3/elngbpzd/work.dia.ci/vendor/filament/support/src/Components/ViewComponent.php(115): Illuminate\\View\\View->render()
#17 /home3/elngbpzd/work.dia.ci/vendor/laravel/framework/src/Illuminate/Support/helpers.php(134): Filament\\Support\\Components\\ViewComponent->toHtml()
#18 /home3/elngbpzd/work.dia.ci/storage/framework/views/997005b9a04b8fc3954abb3e497ab51c.php(42): e(Object(Filament\\Tables\\Table))
#19 /home3/elngbpzd/work.dia.ci/vendor/livewire/livewire/src/Mechanisms/ExtendBlade/ExtendedCompilerEngine.php(37): include('/home3/elngbpzd...')
#20 /home3/elngbpzd/work.dia.ci/vendor/livewire/livewire/src/Mechanisms/ExtendBlade/ExtendedCompilerEngine.php(38): App\\Filament\\Resources\\CodePromoResource\\Pages\\ListCodePromos->Livewire\\Mechanisms\\ExtendBlade\\{closure}()
#21 /home3/elngbpzd/work.dia.ci/vendor/laravel/framework/src/Illuminate/View/Engines/CompilerEngine.php(74): Livewire\\Mechanisms\\ExtendBlade\\ExtendedCompilerEngine->evaluatePath('/home3/elngbpzd...', Array)
#22 /home3/elngbpzd/work.dia.ci/vendor/livewire/livewire/src/Mechanisms/ExtendBlade/ExtendedCompilerEngine.php(16): Illuminate\\View\\Engines\\CompilerEngine->get('/home3/elngbpzd...', Array)
#23 /home3/elngbpzd/work.dia.ci/vendor/laravel/framework/src/Illuminate/View/View.php(208): Livewire\\Mechanisms\\ExtendBlade\\ExtendedCompilerEngine->get('/home3/elngbpzd...', Array)
#24 /home3/elngbpzd/work.dia.ci/vendor/laravel/framework/src/Illuminate/View/View.php(191): Illuminate\\View\\View->getContents()
#25 /home3/elngbpzd/work.dia.ci/vendor/laravel/framework/src/Illuminate/View/View.php(160): Illuminate\\View\\View->renderContents()
#26 /home3/elngbpzd/work.dia.ci/vendor/livewire/livewire/src/Mechanisms/HandleComponents/HandleComponents.php(241): Illuminate\\View\\View->render(Object(Closure))
#27 /home3/elngbpzd/work.dia.ci/vendor/livewire/livewire/src/Mechanisms/HandleComponents/HandleComponents.php(285): Livewire\\Mechanisms\\HandleComponents\\HandleComponents->Livewire\\Mechanisms\\HandleComponents\\{closure}()
#28 /home3/elngbpzd/work.dia.ci/vendor/livewire/livewire/src/Mechanisms/HandleComponents/HandleComponents.php(233): Livewire\\Mechanisms\\HandleComponents\\HandleComponents->trackInRenderStack(Object(App\\Filament\\Resources\\CodePromoResource\\Pages\\ListCodePromos), Object(Closure))
#29 /home3/elngbpzd/work.dia.ci/vendor/livewire/livewire/src/Mechanisms/HandleComponents/HandleComponents.php(54): Livewire\\Mechanisms\\HandleComponents\\HandleComponents->render(Object(App\\Filament\\Resources\\CodePromoResource\\Pages\\ListCodePromos), '<div></div>')
#30 /home3/elngbpzd/work.dia.ci/vendor/livewire/livewire/src/LivewireManager.php(73): Livewire\\Mechanisms\\HandleComponents\\HandleComponents->mount('App\\\\Filament\\\\Re...', Array, NULL)
#31 /home3/elngbpzd/work.dia.ci/vendor/livewire/livewire/src/Features/SupportPageComponents/HandlesPageComponents.php(17): Livewire\\LivewireManager->mount('App\\\\Filament\\\\Re...', Array)
#32 /home3/elngbpzd/work.dia.ci/vendor/livewire/livewire/src/Features/SupportPageComponents/SupportPageComponents.php(117): Livewire\\Component->Livewire\\Features\\SupportPageComponents\\{closure}()
#33 /home3/elngbpzd/work.dia.ci/vendor/livewire/livewire/src/Features/SupportPageComponents/HandlesPageComponents.php(14): Livewire\\Features\\SupportPageComponents\\SupportPageComponents::interceptTheRenderOfTheComponentAndRetreiveTheLayoutConfiguration(Object(Closure))
#34 /home3/elngbpzd/work.dia.ci/vendor/laravel/framework/src/Illuminate/Routing/ControllerDispatcher.php(46): Livewire\\Component->__invoke()
#35 /home3/elngbpzd/work.dia.ci/vendor/laravel/framework/src/Illuminate/Routing/Route.php(265): Illuminate\\Routing\\ControllerDispatcher->dispatch(Object(Illuminate\\Routing\\Route), Object(App\\Filament\\Resources\\CodePromoResource\\Pages\\ListCodePromos), '__invoke')
#36 /home3/elngbpzd/work.dia.ci/vendor/laravel/framework/src/Illuminate/Routing/Route.php(211): Illuminate\\Routing\\Route->runController()
#37 /home3/elngbpzd/work.dia.ci/vendor/laravel/framework/src/Illuminate/Routing/Router.php(808): Illuminate\\Routing\\Route->run()
#38 /home3/elngbpzd/work.dia.ci/vendor/laravel/framework/src/Illuminate/Pipeline/Pipeline.php(169): Illuminate\\Routing\\Router->Illuminate\\Routing\\{closure}(Object(Illuminate\\Http\\Request))
#39 /home3/elngbpzd/work.dia.ci/vendor/laravel/framework/src/Illuminate/Auth/Middleware/EnsureEmailIsVerified.php(41): Illuminate\\Pipeline\\Pipeline->Illuminate\\Pipeline\\{closure}(Object(Illuminate\\Http\\Request))
#40 /home3/elngbpzd/work.dia.ci/vendor/laravel/framework/src/Illuminate/Pipeline/Pipeline.php(208): Illuminate\\Auth\\Middleware\\EnsureEmailIsVerified->handle(Object(Illuminate\\Http\\Request), Object(Closure), 'filament.admin....')
#41 /home3/elngbpzd/work.dia.ci/app/Http/Middleware/HasEntreprise.php(28): Illuminate\\Pipeline\\Pipeline->Illuminate\\Pipeline\\{closure}(Object(Illuminate\\Http\\Request))
#42 /home3/elngbpzd/work.dia.ci/vendor/laravel/framework/src/Illuminate/Pipeline/Pipeline.php(208): App\\Http\\Middleware\\HasEntreprise->handle(Object(Illuminate\\Http\\Request), Object(Closure))
#43 /home3/elngbpzd/work.dia.ci/app/Http/Middleware/RedirectIfUnpaidInvoice.php(27): Illuminate\\Pipeline\\Pipeline->Illuminate\\Pipeline\\{closure}(Object(Illuminate\\Http\\Request))
#44 /home3/elngbpzd/work.dia.ci/vendor/laravel/framework/src/Illuminate/Pipeline/Pipeline.php(208): App\\Http\\Middleware\\RedirectIfUnpaidInvoice->handle(Object(Illuminate\\Http\\Request), Object(Closure))
#45 /home3/elngbpzd/work.dia.ci/vendor/filament/filament/src/Http/Middleware/DispatchServingFilamentEvent.php(15): Illuminate\\Pipeline\\Pipeline->Illuminate\\Pipeline\\{closure}(Object(Illuminate\\Http\\Request))
#46 /home3/elngbpzd/work.dia.ci/vendor/laravel/framework/src/Illuminate/Pipeline/Pipeline.php(208): Filament\\Http\\Middleware\\DispatchServingFilamentEvent->handle(Object(Illuminate\\Http\\Request), Object(Closure))
#47 /home3/elngbpzd/work.dia.ci/vendor/filament/filament/src/Http/Middleware/DisableBladeIconComponents.php(14): Illuminate\\Pipeline\\Pipeline->Illuminate\\Pipeline\\{closure}(Object(Illuminate\\Http\\Request))
#48 /home3/elngbpzd/work.dia.ci/vendor/laravel/framework/src/Illuminate/Pipeline/Pipeline.php(208): Filament\\Http\\Middleware\\DisableBladeIconComponents->handle(Object(Illuminate\\Http\\Request), Object(Closure))
#49 /home3/elngbpzd/work.dia.ci/vendor/laravel/framework/src/Illuminate/Routing/Middleware/SubstituteBindings.php(50): Illuminate\\Pipeline\\Pipeline->Illuminate\\Pipeline\\{closure}(Object(Illuminate\\Http\\Request))
#50 /home3/elngbpzd/work.dia.ci/vendor/laravel/framework/src/Illuminate/Pipeline/Pipeline.php(208): Illuminate\\Routing\\Middleware\\SubstituteBindings->handle(Object(Illuminate\\Http\\Request), Object(Closure))
#51 /home3/elngbpzd/work.dia.ci/vendor/laravel/framework/src/Illuminate/Foundation/Http/Middleware/VerifyCsrfToken.php(87): Illuminate\\Pipeline\\Pipeline->Illuminate\\Pipeline\\{closure}(Object(Illuminate\\Http\\Request))
#52 /home3/elngbpzd/work.dia.ci/vendor/laravel/framework/src/Illuminate/Pipeline/Pipeline.php(208): Illuminate\\Foundation\\Http\\Middleware\\VerifyCsrfToken->handle(Object(Illuminate\\Http\\Request), Object(Closure))
#53 /home3/elngbpzd/work.dia.ci/vendor/laravel/framework/src/Illuminate/Session/Middleware/AuthenticateSession.php(66): Illuminate\\Pipeline\\Pipeline->Illuminate\\Pipeline\\{closure}(Object(Illuminate\\Http\\Request))
#54 /home3/elngbpzd/work.dia.ci/vendor/laravel/framework/src/Illuminate/Pipeline/Pipeline.php(208): Illuminate\\Session\\Middleware\\AuthenticateSession->handle(Object(Illuminate\\Http\\Request), Object(Closure))
#55 /home3/elngbpzd/work.dia.ci/vendor/laravel/framework/src/Illuminate/Auth/Middleware/Authenticate.php(63): Illuminate\\Pipeline\\Pipeline->Illuminate\\Pipeline\\{closure}(Object(Illuminate\\Http\\Request))
#56 /home3/elngbpzd/work.dia.ci/vendor/laravel/framework/src/Illuminate/Pipeline/Pipeline.php(208): Illuminate\\Auth\\Middleware\\Authenticate->handle(Object(Illuminate\\Http\\Request), Object(Closure))
#57 /home3/elngbpzd/work.dia.ci/vendor/laravel/framework/src/Illuminate/View/Middleware/ShareErrorsFromSession.php(48): Illuminate\\Pipeline\\Pipeline->Illuminate\\Pipeline\\{closure}(Object(Illuminate\\Http\\Request))
#58 /home3/elngbpzd/work.dia.ci/vendor/laravel/framework/src/Illuminate/Pipeline/Pipeline.php(208): Illuminate\\View\\Middleware\\ShareErrorsFromSession->handle(Object(Illuminate\\Http\\Request), Object(Closure))
#59 /home3/elngbpzd/work.dia.ci/vendor/laravel/framework/src/Illuminate/Session/Middleware/StartSession.php(120): Illuminate\\Pipeline\\Pipeline->Illuminate\\Pipeline\\{closure}(Object(Illuminate\\Http\\Request))
#60 /home3/elngbpzd/work.dia.ci/vendor/laravel/framework/src/Illuminate/Session/Middleware/StartSession.php(63): Illuminate\\Session\\Middleware\\StartSession->handleStatefulRequest(Object(Illuminate\\Http\\Request), Object(Illuminate\\Session\\Store), Object(Closure))
#61 /home3/elngbpzd/work.dia.ci/vendor/laravel/framework/src/Illuminate/Pipeline/Pipeline.php(208): Illuminate\\Session\\Middleware\\StartSession->handle(Object(Illuminate\\Http\\Request), Object(Closure))
#62 /home3/elngbpzd/work.dia.ci/vendor/laravel/framework/src/Illuminate/Cookie/Middleware/AddQueuedCookiesToResponse.php(36): Illuminate\\Pipeline\\Pipeline->Illuminate\\Pipeline\\{closure}(Object(Illuminate\\Http\\Request))
#63 /home3/elngbpzd/work.dia.ci/vendor/laravel/framework/src/Illuminate/Pipeline/Pipeline.php(208): Illuminate\\Cookie\\Middleware\\AddQueuedCookiesToResponse->handle(Object(Illuminate\\Http\\Request), Object(Closure))
#64 /home3/elngbpzd/work.dia.ci/vendor/laravel/framework/src/Illuminate/Cookie/Middleware/EncryptCookies.php(74): Illuminate\\Pipeline\\Pipeline->Illuminate\\Pipeline\\{closure}(Object(Illuminate\\Http\\Request))
#65 /home3/elngbpzd/work.dia.ci/vendor/laravel/framework/src/Illuminate/Pipeline/Pipeline.php(208): Illuminate\\Cookie\\Middleware\\EncryptCookies->handle(Object(Illuminate\\Http\\Request), Object(Closure))
#66 /home3/elngbpzd/work.dia.ci/vendor/filament/filament/src/Http/Middleware/SetUpPanel.php(19): Illuminate\\Pipeline\\Pipeline->Illuminate\\Pipeline\\{closure}(Object(Illuminate\\Http\\Request))
#67 /home3/elngbpzd/work.dia.ci/vendor/laravel/framework/src/Illuminate/Pipeline/Pipeline.php(208): Filament\\Http\\Middleware\\SetUpPanel->handle(Object(Illuminate\\Http\\Request), Object(Closure), Object(Filament\\Panel))
#68 /home3/elngbpzd/work.dia.ci/vendor/laravel/framework/src/Illuminate/Pipeline/Pipeline.php(126): Illuminate\\Pipeline\\Pipeline->Illuminate\\Pipeline\\{closure}(Object(Illuminate\\Http\\Request))
#69 /home3/elngbpzd/work.dia.ci/vendor/laravel/framework/src/Illuminate/Routing/Router.php(807): Illuminate\\Pipeline\\Pipeline->then(Object(Closure))
#70 /home3/elngbpzd/work.dia.ci/vendor/laravel/framework/src/Illuminate/Routing/Router.php(786): Illuminate\\Routing\\Router->runRouteWithinStack(Object(Illuminate\\Routing\\Route), Object(Illuminate\\Http\\Request))
#71 /home3/elngbpzd/work.dia.ci/vendor/laravel/framework/src/Illuminate/Routing/Router.php(750): Illuminate\\Routing\\Router->runRoute(Object(Illuminate\\Http\\Request), Object(Illuminate\\Routing\\Route))
#72 /home3/elngbpzd/work.dia.ci/vendor/laravel/framework/src/Illuminate/Routing/Router.php(739): Illuminate\\Routing\\Router->dispatchToRoute(Object(Illuminate\\Http\\Request))
#73 /home3/elngbpzd/work.dia.ci/vendor/laravel/framework/src/Illuminate/Foundation/Http/Kernel.php(200): Illuminate\\Routing\\Router->dispatch(Object(Illuminate\\Http\\Request))
#74 /home3/elngbpzd/work.dia.ci/vendor/laravel/framework/src/Illuminate/Pipeline/Pipeline.php(169): Illuminate\\Foundation\\Http\\Kernel->Illuminate\\Foundation\\Http\\{closure}(Object(Illuminate\\Http\\Request))
#75 /home3/elngbpzd/work.dia.ci/vendor/livewire/livewire/src/Features/SupportDisablingBackButtonCache/DisableBackButtonCacheMiddleware.php(19): Illuminate\\Pipeline\\Pipeline->Illuminate\\Pipeline\\{closure}(Object(Illuminate\\Http\\Request))
#76 /home3/elngbpzd/work.dia.ci/vendor/laravel/framework/src/Illuminate/Pipeline/Pipeline.php(208): Livewire\\Features\\SupportDisablingBackButtonCache\\DisableBackButtonCacheMiddleware->handle(Object(Illuminate\\Http\\Request), Object(Closure))
#77 /home3/elngbpzd/work.dia.ci/vendor/laravel/framework/src/Illuminate/Foundation/Http/Middleware/TransformsRequest.php(21): Illuminate\\Pipeline\\Pipeline->Illuminate\\Pipeline\\{closure}(Object(Illuminate\\Http\\Request))
#78 /home3/elngbpzd/work.dia.ci/vendor/laravel/framework/src/Illuminate/Foundation/Http/Middleware/ConvertEmptyStringsToNull.php(31): Illuminate\\Foundation\\Http\\Middleware\\TransformsRequest->handle(Object(Illuminate\\Http\\Request), Object(Closure))
#79 /home3/elngbpzd/work.dia.ci/vendor/laravel/framework/src/Illuminate/Pipeline/Pipeline.php(208): Illuminate\\Foundation\\Http\\Middleware\\ConvertEmptyStringsToNull->handle(Object(Illuminate\\Http\\Request), Object(Closure))
#80 /home3/elngbpzd/work.dia.ci/vendor/laravel/framework/src/Illuminate/Foundation/Http/Middleware/TransformsRequest.php(21): Illuminate\\Pipeline\\Pipeline->Illuminate\\Pipeline\\{closure}(Object(Illuminate\\Http\\Request))
#81 /home3/elngbpzd/work.dia.ci/vendor/laravel/framework/src/Illuminate/Foundation/Http/Middleware/TrimStrings.php(51): Illuminate\\Foundation\\Http\\Middleware\\TransformsRequest->handle(Object(Illuminate\\Http\\Request), Object(Closure))
#82 /home3/elngbpzd/work.dia.ci/vendor/laravel/framework/src/Illuminate/Pipeline/Pipeline.php(208): Illuminate\\Foundation\\Http\\Middleware\\TrimStrings->handle(Object(Illuminate\\Http\\Request), Object(Closure))
#83 /home3/elngbpzd/work.dia.ci/vendor/laravel/framework/src/Illuminate/Http/Middleware/ValidatePostSize.php(27): Illuminate\\Pipeline\\Pipeline->Illuminate\\Pipeline\\{closure}(Object(Illuminate\\Http\\Request))
#84 /home3/elngbpzd/work.dia.ci/vendor/laravel/framework/src/Illuminate/Pipeline/Pipeline.php(208): Illuminate\\Http\\Middleware\\ValidatePostSize->handle(Object(Illuminate\\Http\\Request), Object(Closure))
#85 /home3/elngbpzd/work.dia.ci/vendor/laravel/framework/src/Illuminate/Foundation/Http/Middleware/PreventRequestsDuringMaintenance.php(109): Illuminate\\Pipeline\\Pipeline->Illuminate\\Pipeline\\{closure}(Object(Illuminate\\Http\\Request))
#86 /home3/elngbpzd/work.dia.ci/vendor/laravel/framework/src/Illuminate/Pipeline/Pipeline.php(208): Illuminate\\Foundation\\Http\\Middleware\\PreventRequestsDuringMaintenance->handle(Object(Illuminate\\Http\\Request), Object(Closure))
#87 /home3/elngbpzd/work.dia.ci/vendor/laravel/framework/src/Illuminate/Http/Middleware/HandleCors.php(48): Illuminate\\Pipeline\\Pipeline->Illuminate\\Pipeline\\{closure}(Object(Illuminate\\Http\\Request))
#88 /home3/elngbpzd/work.dia.ci/vendor/laravel/framework/src/Illuminate/Pipeline/Pipeline.php(208): Illuminate\\Http\\Middleware\\HandleCors->handle(Object(Illuminate\\Http\\Request), Object(Closure))
#89 /home3/elngbpzd/work.dia.ci/vendor/laravel/framework/src/Illuminate/Http/Middleware/TrustProxies.php(58): Illuminate\\Pipeline\\Pipeline->Illuminate\\Pipeline\\{closure}(Object(Illuminate\\Http\\Request))
#90 /home3/elngbpzd/work.dia.ci/vendor/laravel/framework/src/Illuminate/Pipeline/Pipeline.php(208): Illuminate\\Http\\Middleware\\TrustProxies->handle(Object(Illuminate\\Http\\Request), Object(Closure))
#91 /home3/elngbpzd/work.dia.ci/vendor/laravel/framework/src/Illuminate/Foundation/Http/Middleware/InvokeDeferredCallbacks.php(22): Illuminate\\Pipeline\\Pipeline->Illuminate\\Pipeline\\{closure}(Object(Illuminate\\Http\\Request))
#92 /home3/elngbpzd/work.dia.ci/vendor/laravel/framework/src/Illuminate/Pipeline/Pipeline.php(208): Illuminate\\Foundation\\Http\\Middleware\\InvokeDeferredCallbacks->handle(Object(Illuminate\\Http\\Request), Object(Closure))
#93 /home3/elngbpzd/work.dia.ci/vendor/laravel/framework/src/Illuminate/Http/Middleware/ValidatePathEncoding.php(26): Illuminate\\Pipeline\\Pipeline->Illuminate\\Pipeline\\{closure}(Object(Illuminate\\Http\\Request))
#94 /home3/elngbpzd/work.dia.ci/vendor/laravel/framework/src/Illuminate/Pipeline/Pipeline.php(208): Illuminate\\Http\\Middleware\\ValidatePathEncoding->handle(Object(Illuminate\\Http\\Request), Object(Closure))
#95 /home3/elngbpzd/work.dia.ci/vendor/laravel/framework/src/Illuminate/Pipeline/Pipeline.php(126): Illuminate\\Pipeline\\Pipeline->Illuminate\\Pipeline\\{closure}(Object(Illuminate\\Http\\Request))
#96 /home3/elngbpzd/work.dia.ci/vendor/laravel/framework/src/Illuminate/Foundation/Http/Kernel.php(175): Illuminate\\Pipeline\\Pipeline->then(Object(Closure))
#97 /home3/elngbpzd/work.dia.ci/vendor/laravel/framework/src/Illuminate/Foundation/Http/Kernel.php(144): Illuminate\\Foundation\\Http\\Kernel->sendRequestThroughRouter(Object(Illuminate\\Http\\Request))
#98 /home3/elngbpzd/work.dia.ci/vendor/laravel/framework/src/Illuminate/Foundation/Application.php(1219): Illuminate\\Foundation\\Http\\Kernel->handle(Object(Illuminate\\Http\\Request))
#99 /home3/elngbpzd/work.dia.ci/index.php(20): Illuminate\\Foundation\\Application->handleRequest(Object(Illuminate\\Http\\Request))
#100 {main}

[previous exception] [object] (Illuminate\\View\\ViewException(code: 0): Too few arguments to function App\\Policies\\CodePromoPolicy::toggleActive(), 1 passed in /home3/elngbpzd/work.dia.ci/vendor/laravel/framework/src/Illuminate/Auth/Access/Gate.php on line 818 and exactly 2 expected (View: /home3/elngbpzd/work.dia.ci/vendor/filament/actions/resources/views/components/group.blade.php) (View: /home3/elngbpzd/work.dia.ci/vendor/filament/actions/resources/views/components/group.blade.php) at /home3/elngbpzd/work.dia.ci/app/Policies/CodePromoPolicy.php:135)
[stacktrace]
#0 /home3/elngbpzd/work.dia.ci/vendor/livewire/livewire/src/Mechanisms/ExtendBlade/ExtendedCompilerEngine.php(58): Illuminate\\View\\Engines\\CompilerEngine->handleViewException(Object(Illuminate\\View\\ViewException), 5)
#1 /home3/elngbpzd/work.dia.ci/vendor/livewire/livewire/src/Mechanisms/ExtendBlade/ExtendedCompilerEngine.php(40): Livewire\\Mechanisms\\ExtendBlade\\ExtendedCompilerEngine->handleViewException(Object(Illuminate\\View\\ViewException), 5)
#2 /home3/elngbpzd/work.dia.ci/vendor/laravel/framework/src/Illuminate/View/Engines/CompilerEngine.php(74): Livewire\\Mechanisms\\ExtendBlade\\ExtendedCompilerEngine->evaluatePath('/home3/elngbpzd...', Array)
#3 /home3/elngbpzd/work.dia.ci/vendor/livewire/livewire/src/Mechanisms/ExtendBlade/ExtendedCompilerEngine.php(16): Illuminate\\View\\Engines\\CompilerEngine->get('/home3/elngbpzd...', Array)
#4 /home3/elngbpzd/work.dia.ci/vendor/laravel/framework/src/Illuminate/View/View.php(208): Livewire\\Mechanisms\\ExtendBlade\\ExtendedCompilerEngine->get('/home3/elngbpzd...', Array)
#5 /home3/elngbpzd/work.dia.ci/vendor/laravel/framework/src/Illuminate/View/View.php(191): Illuminate\\View\\View->getContents()
#6 /home3/elngbpzd/work.dia.ci/vendor/laravel/framework/src/Illuminate/View/View.php(160): Illuminate\\View\\View->renderContents()
#7 /home3/elngbpzd/work.dia.ci/vendor/filament/support/src/Components/ViewComponent.php(115): Illuminate\\View\\View->render()
#8 /home3/elngbpzd/work.dia.ci/vendor/laravel/framework/src/Illuminate/Support/helpers.php(134): Filament\\Support\\Components\\ViewComponent->toHtml()
#9 /home3/elngbpzd/work.dia.ci/storage/framework/views/4935d6c4dd78449b798e5fecbe06f6fc.php(80): e(Object(Filament\\Tables\\Actions\\BulkActionGroup))
#10 /home3/elngbpzd/work.dia.ci/vendor/livewire/livewire/src/Mechanisms/ExtendBlade/ExtendedCompilerEngine.php(37): include('/home3/elngbpzd...')
#11 /home3/elngbpzd/work.dia.ci/vendor/livewire/livewire/src/Mechanisms/ExtendBlade/ExtendedCompilerEngine.php(38): App\\Filament\\Resources\\CodePromoResource\\Pages\\ListCodePromos->Livewire\\Mechanisms\\ExtendBlade\\{closure}()
#12 /home3/elngbpzd/work.dia.ci/vendor/laravel/framework/src/Illuminate/View/Engines/CompilerEngine.php(74): Livewire\\Mechanisms\\ExtendBlade\\ExtendedCompilerEngine->evaluatePath('/home3/elngbpzd...', Array)
#13 /home3/elngbpzd/work.dia.ci/vendor/livewire/livewire/src/Mechanisms/ExtendBlade/ExtendedCompilerEngine.php(16): Illuminate\\View\\Engines\\CompilerEngine->get('/home3/elngbpzd...', Array)
#14 /home3/elngbpzd/work.dia.ci/vendor/laravel/framework/src/Illuminate/View/View.php(208): Livewire\\Mechanisms\\ExtendBlade\\ExtendedCompilerEngine->get('/home3/elngbpzd...', Array)
#15 /home3/elngbpzd/work.dia.ci/vendor/laravel/framework/src/Illuminate/View/View.php(191): Illuminate\\View\\View->getContents()
#16 /home3/elngbpzd/work.dia.ci/vendor/laravel/framework/src/Illuminate/View/View.php(160): Illuminate\\View\\View->renderContents()
#17 /home3/elngbpzd/work.dia.ci/vendor/laravel/framework/src/Illuminate/View/Concerns/ManagesComponents.php(103): Illuminate\\View\\View->render()
#18 /home3/elngbpzd/work.dia.ci/storage/framework/views/214c544a94a5507404ff2242340d55d8.php(253): Illuminate\\View\\Factory->renderComponent()
#19 /home3/elngbpzd/work.dia.ci/vendor/livewire/livewire/src/Mechanisms/ExtendBlade/ExtendedCompilerEngine.php(37): include('/home3/elngbpzd...')
#20 /home3/elngbpzd/work.dia.ci/vendor/livewire/livewire/src/Mechanisms/ExtendBlade/ExtendedCompilerEngine.php(38): App\\Filament\\Resources\\CodePromoResource\\Pages\\ListCodePromos->Livewire\\Mechanisms\\ExtendBlade\\{closure}()
#21 /home3/elngbpzd/work.dia.ci/vendor/laravel/framework/src/Illuminate/View/Engines/CompilerEngine.php(74): Livewire\\Mechanisms\\ExtendBlade\\ExtendedCompilerEngine->evaluatePath('/home3/elngbpzd...', Array)
#22 /home3/elngbpzd/work.dia.ci/vendor/livewire/livewire/src/Mechanisms/ExtendBlade/ExtendedCompilerEngine.php(16): Illuminate\\View\\Engines\\CompilerEngine->get('/home3/elngbpzd...', Array)
#23 /home3/elngbpzd/work.dia.ci/vendor/laravel/framework/src/Illuminate/View/View.php(208): Livewire\\Mechanisms\\ExtendBlade\\ExtendedCompilerEngine->get('/home3/elngbpzd...', Array)
#24 /home3/elngbpzd/work.dia.ci/vendor/laravel/framework/src/Illuminate/View/View.php(191): Illuminate\\View\\View->getContents()
#25 /home3/elngbpzd/work.dia.ci/vendor/laravel/framework/src/Illuminate/View/View.php(160): Illuminate\\View\\View->renderContents()
#26 /home3/elngbpzd/work.dia.ci/vendor/filament/support/src/Components/ViewComponent.php(115): Illuminate\\View\\View->render()
#27 /home3/elngbpzd/work.dia.ci/vendor/laravel/framework/src/Illuminate/Support/helpers.php(134): Filament\\Support\\Components\\ViewComponent->toHtml()
#28 /home3/elngbpzd/work.dia.ci/storage/framework/views/997005b9a04b8fc3954abb3e497ab51c.php(42): e(Object(Filament\\Tables\\Table))
#29 /home3/elngbpzd/work.dia.ci/vendor/livewire/livewire/src/Mechanisms/ExtendBlade/ExtendedCompilerEngine.php(37): include('/home3/elngbpzd...')
#30 /home3/elngbpzd/work.dia.ci/vendor/livewire/livewire/src/Mechanisms/ExtendBlade/ExtendedCompilerEngine.php(38): App\\Filament\\Resources\\CodePromoResource\\Pages\\ListCodePromos->Livewire\\Mechanisms\\ExtendBlade\\{closure}()
#31 /home3/elngbpzd/work.dia.ci/vendor/laravel/framework/src/Illuminate/View/Engines/CompilerEngine.php(74): Livewire\\Mechanisms\\ExtendBlade\\ExtendedCompilerEngine->evaluatePath('/home3/elngbpzd...', Array)
#32 /home3/elngbpzd/work.dia.ci/vendor/livewire/livewire/src/Mechanisms/ExtendBlade/ExtendedCompilerEngine.php(16): Illuminate\\View\\Engines\\CompilerEngine->get('/home3/elngbpzd...', Array)
#33 /home3/elngbpzd/work.dia.ci/vendor/laravel/framework/src/Illuminate/View/View.php(208): Livewire\\Mechanisms\\ExtendBlade\\ExtendedCompilerEngine->get('/home3/elngbpzd...', Array)
#34 /home3/elngbpzd/work.dia.ci/vendor/laravel/framework/src/Illuminate/View/View.php(191): Illuminate\\View\\View->getContents()
#35 /home3/elngbpzd/work.dia.ci/vendor/laravel/framework/src/Illuminate/View/View.php(160): Illuminate\\View\\View->renderContents()
#36 /home3/elngbpzd/work.dia.ci/vendor/livewire/livewire/src/Mechanisms/HandleComponents/HandleComponents.php(241): Illuminate\\View\\View->render(Object(Closure))
#37 /home3/elngbpzd/work.dia.ci/vendor/livewire/livewire/src/Mechanisms/HandleComponents/HandleComponents.php(285): Livewire\\Mechanisms\\HandleComponents\\HandleComponents->Livewire\\Mechanisms\\HandleComponents\\{closure}()
#38 /home3/elngbpzd/work.dia.ci/vendor/livewire/livewire/src/Mechanisms/HandleComponents/HandleComponents.php(233): Livewire\\Mechanisms\\HandleComponents\\HandleComponents->trackInRenderStack(Object(App\\Filament\\Resources\\CodePromoResource\\Pages\\ListCodePromos), Object(Closure))
#39 /home3/elngbpzd/work.dia.ci/vendor/livewire/livewire/src/Mechanisms/HandleComponents/HandleComponents.php(54): Livewire\\Mechanisms\\HandleComponents\\HandleComponents->render(Object(App\\Filament\\Resources\\CodePromoResource\\Pages\\ListCodePromos), '<div></div>')
#40 /home3/elngbpzd/work.dia.ci/vendor/livewire/livewire/src/LivewireManager.php(73): Livewire\\Mechanisms\\HandleComponents\\HandleComponents->mount('App\\\\Filament\\\\Re...', Array, NULL)
#41 /home3/elngbpzd/work.dia.ci/vendor/livewire/livewire/src/Features/SupportPageComponents/HandlesPageComponents.php(17): Livewire\\LivewireManager->mount('App\\\\Filament\\\\Re...', Array)
#42 /home3/elngbpzd/work.dia.ci/vendor/livewire/livewire/src/Features/SupportPageComponents/SupportPageComponents.php(117): Livewire\\Component->Livewire\\Features\\SupportPageComponents\\{closure}()
#43 /home3/elngbpzd/work.dia.ci/vendor/livewire/livewire/src/Features/SupportPageComponents/HandlesPageComponents.php(14): Livewire\\Features\\SupportPageComponents\\SupportPageComponents::interceptTheRenderOfTheComponentAndRetreiveTheLayoutConfiguration(Object(Closure))
#44 /home3/elngbpzd/work.dia.ci/vendor/laravel/framework/src/Illuminate/Routing/ControllerDispatcher.php(46): Livewire\\Component->__invoke()
#45 /home3/elngbpzd/work.dia.ci/vendor/laravel/framework/src/Illuminate/Routing/Route.php(265): Illuminate\\Routing\\ControllerDispatcher->dispatch(Object(Illuminate\\Routing\\Route), Object(App\\Filament\\Resources\\CodePromoResource\\Pages\\ListCodePromos), '__invoke')
#46 /home3/elngbpzd/work.dia.ci/vendor/laravel/framework/src/Illuminate/Routing/Route.php(211): Illuminate\\Routing\\Route->runController()
#47 /home3/elngbpzd/work.dia.ci/vendor/laravel/framework/src/Illuminate/Routing/Router.php(808): Illuminate\\Routing\\Route->run()
#48 /home3/elngbpzd/work.dia.ci/vendor/laravel/framework/src/Illuminate/Pipeline/Pipeline.php(169): Illuminate\\Routing\\Router->Illuminate\\Routing\\{closure}(Object(Illuminate\\Http\\Request))
#49 /home3/elngbpzd/work.dia.ci/vendor/laravel/framework/src/Illuminate/Auth/Middleware/EnsureEmailIsVerified.php(41): Illuminate\\Pipeline\\Pipeline->Illuminate\\Pipeline\\{closure}(Object(Illuminate\\Http\\Request))
#50 /home3/elngbpzd/work.dia.ci/vendor/laravel/framework/src/Illuminate/Pipeline/Pipeline.php(208): Illuminate\\Auth\\Middleware\\EnsureEmailIsVerified->handle(Object(Illuminate\\Http\\Request), Object(Closure), 'filament.admin....')
#51 /home3/elngbpzd/work.dia.ci/app/Http/Middleware/HasEntreprise.php(28): Illuminate\\Pipeline\\Pipeline->Illuminate\\Pipeline\\{closure}(Object(Illuminate\\Http\\Request))
#52 /home3/elngbpzd/work.dia.ci/vendor/laravel/framework/src/Illuminate/Pipeline/Pipeline.php(208): App\\Http\\Middleware\\HasEntreprise->handle(Object(Illuminate\\Http\\Request), Object(Closure))
#53 /home3/elngbpzd/work.dia.ci/app/Http/Middleware/RedirectIfUnpaidInvoice.php(27): Illuminate\\Pipeline\\Pipeline->Illuminate\\Pipeline\\{closure}(Object(Illuminate\\Http\\Request))
#54 /home3/elngbpzd/work.dia.ci/vendor/laravel/framework/src/Illuminate/Pipeline/Pipeline.php(208): App\\Http\\Middleware\\RedirectIfUnpaidInvoice->handle(Object(Illuminate\\Http\\Request), Object(Closure))
#55 /home3/elngbpzd/work.dia.ci/vendor/filament/filament/src/Http/Middleware/DispatchServingFilamentEvent.php(15): Illuminate\\Pipeline\\Pipeline->Illuminate\\Pipeline\\{closure}(Object(Illuminate\\Http\\Request))
#56 /home3/elngbpzd/work.dia.ci/vendor/laravel/framework/src/Illuminate/Pipeline/Pipeline.php(208): Filament\\Http\\Middleware\\DispatchServingFilamentEvent->handle(Object(Illuminate\\Http\\Request), Object(Closure))
#57 /home3/elngbpzd/work.dia.ci/vendor/filament/filament/src/Http/Middleware/DisableBladeIconComponents.php(14): Illuminate\\Pipeline\\Pipeline->Illuminate\\Pipeline\\{closure}(Object(Illuminate\\Http\\Request))
#58 /home3/elngbpzd/work.dia.ci/vendor/laravel/framework/src/Illuminate/Pipeline/Pipeline.php(208): Filament\\Http\\Middleware\\DisableBladeIconComponents->handle(Object(Illuminate\\Http\\Request), Object(Closure))
#59 /home3/elngbpzd/work.dia.ci/vendor/laravel/framework/src/Illuminate/Routing/Middleware/SubstituteBindings.php(50): Illuminate\\Pipeline\\Pipeline->Illuminate\\Pipeline\\{closure}(Object(Illuminate\\Http\\Request))
#60 /home3/elngbpzd/work.dia.ci/vendor/laravel/framework/src/Illuminate/Pipeline/Pipeline.php(208): Illuminate\\Routing\\Middleware\\SubstituteBindings->handle(Object(Illuminate\\Http\\Request), Object(Closure))
#61 /home3/elngbpzd/work.dia.ci/vendor/laravel/framework/src/Illuminate/Foundation/Http/Middleware/VerifyCsrfToken.php(87): Illuminate\\Pipeline\\Pipeline->Illuminate\\Pipeline\\{closure}(Object(Illuminate\\Http\\Request))
#62 /home3/elngbpzd/work.dia.ci/vendor/laravel/framework/src/Illuminate/Pipeline/Pipeline.php(208): Illuminate\\Foundation\\Http\\Middleware\\VerifyCsrfToken->handle(Object(Illuminate\\Http\\Request), Object(Closure))
#63 /home3/elngbpzd/work.dia.ci/vendor/laravel/framework/src/Illuminate/Session/Middleware/AuthenticateSession.php(66): Illuminate\\Pipeline\\Pipeline->Illuminate\\Pipeline\\{closure}(Object(Illuminate\\Http\\Request))
#64 /home3/elngbpzd/work.dia.ci/vendor/laravel/framework/src/Illuminate/Pipeline/Pipeline.php(208): Illuminate\\Session\\Middleware\\AuthenticateSession->handle(Object(Illuminate\\Http\\Request), Object(Closure))
#65 /home3/elngbpzd/work.dia.ci/vendor/laravel/framework/src/Illuminate/Auth/Middleware/Authenticate.php(63): Illuminate\\Pipeline\\Pipeline->Illuminate\\Pipeline\\{closure}(Object(Illuminate\\Http\\Request))
#66 /home3/elngbpzd/work.dia.ci/vendor/laravel/framework/src/Illuminate/Pipeline/Pipeline.php(208): Illuminate\\Auth\\Middleware\\Authenticate->handle(Object(Illuminate\\Http\\Request), Object(Closure))
#67 /home3/elngbpzd/work.dia.ci/vendor/laravel/framework/src/Illuminate/View/Middleware/ShareErrorsFromSession.php(48): Illuminate\\Pipeline\\Pipeline->Illuminate\\Pipeline\\{closure}(Object(Illuminate\\Http\\Request))
#68 /home3/elngbpzd/work.dia.ci/vendor/laravel/framework/src/Illuminate/Pipeline/Pipeline.php(208): Illuminate\\View\\Middleware\\ShareErrorsFromSession->handle(Object(Illuminate\\Http\\Request), Object(Closure))
#69 /home3/elngbpzd/work.dia.ci/vendor/laravel/framework/src/Illuminate/Session/Middleware/StartSession.php(120): Illuminate\\Pipeline\\Pipeline->Illuminate\\Pipeline\\{closure}(Object(Illuminate\\Http\\Request))
#70 /home3/elngbpzd/work.dia.ci/vendor/laravel/framework/src/Illuminate/Session/Middleware/StartSession.php(63): Illuminate\\Session\\Middleware\\StartSession->handleStatefulRequest(Object(Illuminate\\Http\\Request), Object(Illuminate\\Session\\Store), Object(Closure))
#71 /home3/elngbpzd/work.dia.ci/vendor/laravel/framework/src/Illuminate/Pipeline/Pipeline.php(208): Illuminate\\Session\\Middleware\\StartSession->handle(Object(Illuminate\\Http\\Request), Object(Closure))
#72 /home3/elngbpzd/work.dia.ci/vendor/laravel/framework/src/Illuminate/Cookie/Middleware/AddQueuedCookiesToResponse.php(36): Illuminate\\Pipeline\\Pipeline->Illuminate\\Pipeline\\{closure}(Object(Illuminate\\Http\\Request))
#73 /home3/elngbpzd/work.dia.ci/vendor/laravel/framework/src/Illuminate/Pipeline/Pipeline.php(208): Illuminate\\Cookie\\Middleware\\AddQueuedCookiesToResponse->handle(Object(Illuminate\\Http\\Request), Object(Closure))
#74 /home3/elngbpzd/work.dia.ci/vendor/laravel/framework/src/Illuminate/Cookie/Middleware/EncryptCookies.php(74): Illuminate\\Pipeline\\Pipeline->Illuminate\\Pipeline\\{closure}(Object(Illuminate\\Http\\Request))
#75 /home3/elngbpzd/work.dia.ci/vendor/laravel/framework/src/Illuminate/Pipeline/Pipeline.php(208): Illuminate\\Cookie\\Middleware\\EncryptCookies->handle(Object(Illuminate\\Http\\Request), Object(Closure))
#76 /home3/elngbpzd/work.dia.ci/vendor/filament/filament/src/Http/Middleware/SetUpPanel.php(19): Illuminate\\Pipeline\\Pipeline->Illuminate\\Pipeline\\{closure}(Object(Illuminate\\Http\\Request))
#77 /home3/elngbpzd/work.dia.ci/vendor/laravel/framework/src/Illuminate/Pipeline/Pipeline.php(208): Filament\\Http\\Middleware\\SetUpPanel->handle(Object(Illuminate\\Http\\Request), Object(Closure), Object(Filament\\Panel))
#78 /home3/elngbpzd/work.dia.ci/vendor/laravel/framework/src/Illuminate/Pipeline/Pipeline.php(126): Illuminate\\Pipeline\\Pipeline->Illuminate\\Pipeline\\{closure}(Object(Illuminate\\Http\\Request))
#79 /home3/elngbpzd/work.dia.ci/vendor/laravel/framework/src/Illuminate/Routing/Router.php(807): Illuminate\\Pipeline\\Pipeline->then(Object(Closure))
#80 /home3/elngbpzd/work.dia.ci/vendor/laravel/framework/src/Illuminate/Routing/Router.php(786): Illuminate\\Routing\\Router->runRouteWithinStack(Object(Illuminate\\Routing\\Route), Object(Illuminate\\Http\\Request))
#81 /home3/elngbpzd/work.dia.ci/vendor/laravel/framework/src/Illuminate/Routing/Router.php(750): Illuminate\\Routing\\Router->runRoute(Object(Illuminate\\Http\\Request), Object(Illuminate\\Routing\\Route))
#82 /home3/elngbpzd/work.dia.ci/vendor/laravel/framework/src/Illuminate/Routing/Router.php(739): Illuminate\\Routing\\Router->dispatchToRoute(Object(Illuminate\\Http\\Request))
#83 /home3/elngbpzd/work.dia.ci/vendor/laravel/framework/src/Illuminate/Foundation/Http/Kernel.php(200): Illuminate\\Routing\\Router->dispatch(Object(Illuminate\\Http\\Request))
#84 /home3/elngbpzd/work.dia.ci/vendor/laravel/framework/src/Illuminate/Pipeline/Pipeline.php(169): Illuminate\\Foundation\\Http\\Kernel->Illuminate\\Foundation\\Http\\{closure}(Object(Illuminate\\Http\\Request))
#85 /home3/elngbpzd/work.dia.ci/vendor/livewire/livewire/src/Features/SupportDisablingBackButtonCache/DisableBackButtonCacheMiddleware.php(19): Illuminate\\Pipeline\\Pipeline->Illuminate\\Pipeline\\{closure}(Object(Illuminate\\Http\\Request))
#86 /home3/elngbpzd/work.dia.ci/vendor/laravel/framework/src/Illuminate/Pipeline/Pipeline.php(208): Livewire\\Features\\SupportDisablingBackButtonCache\\DisableBackButtonCacheMiddleware->handle(Object(Illuminate\\Http\\Request), Object(Closure))
#87 /home3/elngbpzd/work.dia.ci/vendor/laravel/framework/src/Illuminate/Foundation/Http/Middleware/TransformsRequest.php(21): Illuminate\\Pipeline\\Pipeline->Illuminate\\Pipeline\\{closure}(Object(Illuminate\\Http\\Request))
#88 /home3/elngbpzd/work.dia.ci/vendor/laravel/framework/src/Illuminate/Foundation/Http/Middleware/ConvertEmptyStringsToNull.php(31): Illuminate\\Foundation\\Http\\Middleware\\TransformsRequest->handle(Object(Illuminate\\Http\\Request), Object(Closure))
#89 /home3/elngbpzd/work.dia.ci/vendor/laravel/framework/src/Illuminate/Pipeline/Pipeline.php(208): Illuminate\\Foundation\\Http\\Middleware\\ConvertEmptyStringsToNull->handle(Object(Illuminate\\Http\\Request), Object(Closure))
#90 /home3/elngbpzd/work.dia.ci/vendor/laravel/framework/src/Illuminate/Foundation/Http/Middleware/TransformsRequest.php(21): Illuminate\\Pipeline\\Pipeline->Illuminate\\Pipeline\\{closure}(Object(Illuminate\\Http\\Request))
#91 /home3/elngbpzd/work.dia.ci/vendor/laravel/framework/src/Illuminate/Foundation/Http/Middleware/TrimStrings.php(51): Illuminate\\Foundation\\Http\\Middleware\\TransformsRequest->handle(Object(Illuminate\\Http\\Request), Object(Closure))
#92 /home3/elngbpzd/work.dia.ci/vendor/laravel/framework/src/Illuminate/Pipeline/Pipeline.php(208): Illuminate\\Foundation\\Http\\Middleware\\TrimStrings->handle(Object(Illuminate\\Http\\Request), Object(Closure))
#93 /home3/elngbpzd/work.dia.ci/vendor/laravel/framework/src/Illuminate/Http/Middleware/ValidatePostSize.php(27): Illuminate\\Pipeline\\Pipeline->Illuminate\\Pipeline\\{closure}(Object(Illuminate\\Http\\Request))
#94 /home3/elngbpzd/work.dia.ci/vendor/laravel/framework/src/Illuminate/Pipeline/Pipeline.php(208): Illuminate\\Http\\Middleware\\ValidatePostSize->handle(Object(Illuminate\\Http\\Request), Object(Closure))
#95 /home3/elngbpzd/work.dia.ci/vendor/laravel/framework/src/Illuminate/Foundation/Http/Middleware/PreventRequestsDuringMaintenance.php(109): Illuminate\\Pipeline\\Pipeline->Illuminate\\Pipeline\\{closure}(Object(Illuminate\\Http\\Request))
#96 /home3/elngbpzd/work.dia.ci/vendor/laravel/framework/src/Illuminate/Pipeline/Pipeline.php(208): Illuminate\\Foundation\\Http\\Middleware\\PreventRequestsDuringMaintenance->handle(Object(Illuminate\\Http\\Request), Object(Closure))
#97 /home3/elngbpzd/work.dia.ci/vendor/laravel/framework/src/Illuminate/Http/Middleware/HandleCors.php(48): Illuminate\\Pipeline\\Pipeline->Illuminate\\Pipeline\\{closure}(Object(Illuminate\\Http\\Request))
#98 /home3/elngbpzd/work.dia.ci/vendor/laravel/framework/src/Illuminate/Pipeline/Pipeline.php(208): Illuminate\\Http\\Middleware\\HandleCors->handle(Object(Illuminate\\Http\\Request), Object(Closure))
#99 /home3/elngbpzd/work.dia.ci/vendor/laravel/framework/src/Illuminate/Http/Middleware/TrustProxies.php(58): Illuminate\\Pipeline\\Pipeline->Illuminate\\Pipeline\\{closure}(Object(Illuminate\\Http\\Request))
#100 /home3/elngbpzd/work.dia.ci/vendor/laravel/framework/src/Illuminate/Pipeline/Pipeline.php(208): Illuminate\\Http\\Middleware\\TrustProxies->handle(Object(Illuminate\\Http\\Request), Object(Closure))
#101 /home3/elngbpzd/work.dia.ci/vendor/laravel/framework/src/Illuminate/Foundation/Http/Middleware/InvokeDeferredCallbacks.php(22): Illuminate\\Pipeline\\Pipeline->Illuminate\\Pipeline\\{closure}(Object(Illuminate\\Http\\Request))
#102 /home3/elngbpzd/work.dia.ci/vendor/laravel/framework/src/Illuminate/Pipeline/Pipeline.php(208): Illuminate\\Foundation\\Http\\Middleware\\InvokeDeferredCallbacks->handle(Object(Illuminate\\Http\\Request), Object(Closure))
#103 /home3/elngbpzd/work.dia.ci/vendor/laravel/framework/src/Illuminate/Http/Middleware/ValidatePathEncoding.php(26): Illuminate\\Pipeline\\Pipeline->Illuminate\\Pipeline\\{closure}(Object(Illuminate\\Http\\Request))
#104 /home3/elngbpzd/work.dia.ci/vendor/laravel/framework/src/Illuminate/Pipeline/Pipeline.php(208): Illuminate\\Http\\Middleware\\ValidatePathEncoding->handle(Object(Illuminate\\Http\\Request), Object(Closure))
#105 /home3/elngbpzd/work.dia.ci/vendor/laravel/framework/src/Illuminate/Pipeline/Pipeline.php(126): Illuminate\\Pipeline\\Pipeline->Illuminate\\Pipeline\\{closure}(Object(Illuminate\\Http\\Request))
#106 /home3/elngbpzd/work.dia.ci/vendor/laravel/framework/src/Illuminate/Foundation/Http/Kernel.php(175): Illuminate\\Pipeline\\Pipeline->then(Object(Closure))
#107 /home3/elngbpzd/work.dia.ci/vendor/laravel/framework/src/Illuminate/Foundation/Http/Kernel.php(144): Illuminate\\Foundation\\Http\\Kernel->sendRequestThroughRouter(Object(Illuminate\\Http\\Request))
#108 /home3/elngbpzd/work.dia.ci/vendor/laravel/framework/src/Illuminate/Foundation/Application.php(1219): Illuminate\\Foundation\\Http\\Kernel->handle(Object(Illuminate\\Http\\Request))
#109 /home3/elngbpzd/work.dia.ci/index.php(20): Illuminate\\Foundation\\Application->handleRequest(Object(Illuminate\\Http\\Request))
#110 {main}

[previous exception] [object] (Illuminate\\View\\ViewException(code: 0): Too few arguments to function App\\Policies\\CodePromoPolicy::toggleActive(), 1 passed in /home3/elngbpzd/work.dia.ci/vendor/laravel/framework/src/Illuminate/Auth/Access/Gate.php on line 818 and exactly 2 expected (View: /home3/elngbpzd/work.dia.ci/vendor/filament/actions/resources/views/components/group.blade.php) at /home3/elngbpzd/work.dia.ci/app/Policies/CodePromoPolicy.php:135)
[stacktrace]
#0 /home3/elngbpzd/work.dia.ci/vendor/livewire/livewire/src/Mechanisms/ExtendBlade/ExtendedCompilerEngine.php(58): Illuminate\\View\\Engines\\CompilerEngine->handleViewException(Object(ArgumentCountError), 6)
#1 /home3/elngbpzd/work.dia.ci/vendor/livewire/livewire/src/Mechanisms/ExtendBlade/ExtendedCompilerEngine.php(40): Livewire\\Mechanisms\\ExtendBlade\\ExtendedCompilerEngine->handleViewException(Object(ArgumentCountError), 6)
#2 /home3/elngbpzd/work.dia.ci/vendor/laravel/framework/src/Illuminate/View/Engines/CompilerEngine.php(74): Livewire\\Mechanisms\\ExtendBlade\\ExtendedCompilerEngine->evaluatePath('/home3/elngbpzd...', Array)
#3 /home3/elngbpzd/work.dia.ci/vendor/livewire/livewire/src/Mechanisms/ExtendBlade/ExtendedCompilerEngine.php(16): Illuminate\\View\\Engines\\CompilerEngine->get('/home3/elngbpzd...', Array)
#4 /home3/elngbpzd/work.dia.ci/vendor/laravel/framework/src/Illuminate/View/View.php(208): Livewire\\Mechanisms\\ExtendBlade\\ExtendedCompilerEngine->get('/home3/elngbpzd...', Array)
#5 /home3/elngbpzd/work.dia.ci/vendor/laravel/framework/src/Illuminate/View/View.php(191): Illuminate\\View\\View->getContents()
#6 /home3/elngbpzd/work.dia.ci/vendor/laravel/framework/src/Illuminate/View/View.php(160): Illuminate\\View\\View->renderContents()
#7 /home3/elngbpzd/work.dia.ci/vendor/laravel/framework/src/Illuminate/View/Concerns/ManagesComponents.php(103): Illuminate\\View\\View->render()
#8 /home3/elngbpzd/work.dia.ci/storage/framework/views/3227dad604a49f8075cbcb632141df4e.php(13): Illuminate\\View\\Factory->renderComponent()
#9 /home3/elngbpzd/work.dia.ci/vendor/livewire/livewire/src/Mechanisms/ExtendBlade/ExtendedCompilerEngine.php(37): include('/home3/elngbpzd...')
#10 /home3/elngbpzd/work.dia.ci/vendor/livewire/livewire/src/Mechanisms/ExtendBlade/ExtendedCompilerEngine.php(38): App\\Filament\\Resources\\CodePromoResource\\Pages\\ListCodePromos->Livewire\\Mechanisms\\ExtendBlade\\{closure}()
#11 /home3/elngbpzd/work.dia.ci/vendor/laravel/framework/src/Illuminate/View/Engines/CompilerEngine.php(74): Livewire\\Mechanisms\\ExtendBlade\\ExtendedCompilerEngine->evaluatePath('/home3/elngbpzd...', Array)
#12 /home3/elngbpzd/work.dia.ci/vendor/livewire/livewire/src/Mechanisms/ExtendBlade/ExtendedCompilerEngine.php(16): Illuminate\\View\\Engines\\CompilerEngine->get('/home3/elngbpzd...', Array)
#13 /home3/elngbpzd/work.dia.ci/vendor/laravel/framework/src/Illuminate/View/View.php(208): Livewire\\Mechanisms\\ExtendBlade\\ExtendedCompilerEngine->get('/home3/elngbpzd...', Array)
#14 /home3/elngbpzd/work.dia.ci/vendor/laravel/framework/src/Illuminate/View/View.php(191): Illuminate\\View\\View->getContents()
#15 /home3/elngbpzd/work.dia.ci/vendor/laravel/framework/src/Illuminate/View/View.php(160): Illuminate\\View\\View->renderContents()
#16 /home3/elngbpzd/work.dia.ci/vendor/filament/support/src/Components/ViewComponent.php(115): Illuminate\\View\\View->render()
#17 /home3/elngbpzd/work.dia.ci/vendor/laravel/framework/src/Illuminate/Support/helpers.php(134): Filament\\Support\\Components\\ViewComponent->toHtml()
#18 /home3/elngbpzd/work.dia.ci/storage/framework/views/4935d6c4dd78449b798e5fecbe06f6fc.php(80): e(Object(Filament\\Tables\\Actions\\BulkActionGroup))
#19 /home3/elngbpzd/work.dia.ci/vendor/livewire/livewire/src/Mechanisms/ExtendBlade/ExtendedCompilerEngine.php(37): include('/home3/elngbpzd...')
#20 /home3/elngbpzd/work.dia.ci/vendor/livewire/livewire/src/Mechanisms/ExtendBlade/ExtendedCompilerEngine.php(38): App\\Filament\\Resources\\CodePromoResource\\Pages\\ListCodePromos->Livewire\\Mechanisms\\ExtendBlade\\{closure}()
#21 /home3/elngbpzd/work.dia.ci/vendor/laravel/framework/src/Illuminate/View/Engines/CompilerEngine.php(74): Livewire\\Mechanisms\\ExtendBlade\\ExtendedCompilerEngine->evaluatePath('/home3/elngbpzd...', Array)
#22 /home3/elngbpzd/work.dia.ci/vendor/livewire/livewire/src/Mechanisms/ExtendBlade/ExtendedCompilerEngine.php(16): Illuminate\\View\\Engines\\CompilerEngine->get('/home3/elngbpzd...', Array)
#23 /home3/elngbpzd/work.dia.ci/vendor/laravel/framework/src/Illuminate/View/View.php(208): Livewire\\Mechanisms\\ExtendBlade\\ExtendedCompilerEngine->get('/home3/elngbpzd...', Array)
#24 /home3/elngbpzd/work.dia.ci/vendor/laravel/framework/src/Illuminate/View/View.php(191): Illuminate\\View\\View->getContents()
#25 /home3/elngbpzd/work.dia.ci/vendor/laravel/framework/src/Illuminate/View/View.php(160): Illuminate\\View\\View->renderContents()
#26 /home3/elngbpzd/work.dia.ci/vendor/laravel/framework/src/Illuminate/View/Concerns/ManagesComponents.php(103): Illuminate\\View\\View->render()
#27 /home3/elngbpzd/work.dia.ci/storage/framework/views/214c544a94a5507404ff2242340d55d8.php(253): Illuminate\\View\\Factory->renderComponent()
#28 /home3/elngbpzd/work.dia.ci/vendor/livewire/livewire/src/Mechanisms/ExtendBlade/ExtendedCompilerEngine.php(37): include('/home3/elngbpzd...')
#29 /home3/elngbpzd/work.dia.ci/vendor/livewire/livewire/src/Mechanisms/ExtendBlade/ExtendedCompilerEngine.php(38): App\\Filament\\Resources\\CodePromoResource\\Pages\\ListCodePromos->Livewire\\Mechanisms\\ExtendBlade\\{closure}()
#30 /home3/elngbpzd/work.dia.ci/vendor/laravel/framework/src/Illuminate/View/Engines/CompilerEngine.php(74): Livewire\\Mechanisms\\ExtendBlade\\ExtendedCompilerEngine->evaluatePath('/home3/elngbpzd...', Array)
#31 /home3/elngbpzd/work.dia.ci/vendor/livewire/livewire/src/Mechanisms/ExtendBlade/ExtendedCompilerEngine.php(16): Illuminate\\View\\Engines\\CompilerEngine->get('/home3/elngbpzd...', Array)
#32 /home3/elngbpzd/work.dia.ci/vendor/laravel/framework/src/Illuminate/View/View.php(208): Livewire\\Mechanisms\\ExtendBlade\\ExtendedCompilerEngine->get('/home3/elngbpzd...', Array)
#33 /home3/elngbpzd/work.dia.ci/vendor/laravel/framework/src/Illuminate/View/View.php(191): Illuminate\\View\\View->getContents()
#34 /home3/elngbpzd/work.dia.ci/vendor/laravel/framework/src/Illuminate/View/View.php(160): Illuminate\\View\\View->renderContents()
#35 /home3/elngbpzd/work.dia.ci/vendor/filament/support/src/Components/ViewComponent.php(115): Illuminate\\View\\View->render()
#36 /home3/elngbpzd/work.dia.ci/vendor/laravel/framework/src/Illuminate/Support/helpers.php(134): Filament\\Support\\Components\\ViewComponent->toHtml()
#37 /home3/elngbpzd/work.dia.ci/storage/framework/views/997005b9a04b8fc3954abb3e497ab51c.php(42): e(Object(Filament\\Tables\\Table))
#38 /home3/elngbpzd/work.dia.ci/vendor/livewire/livewire/src/Mechanisms/ExtendBlade/ExtendedCompilerEngine.php(37): include('/home3/elngbpzd...')
#39 /home3/elngbpzd/work.dia.ci/vendor/livewire/livewire/src/Mechanisms/ExtendBlade/ExtendedCompilerEngine.php(38): App\\Filament\\Resources\\CodePromoResource\\Pages\\ListCodePromos->Livewire\\Mechanisms\\ExtendBlade\\{closure}()
#40 /home3/elngbpzd/work.dia.ci/vendor/laravel/framework/src/Illuminate/View/Engines/CompilerEngine.php(74): Livewire\\Mechanisms\\ExtendBlade\\ExtendedCompilerEngine->evaluatePath('/home3/elngbpzd...', Array)
#41 /home3/elngbpzd/work.dia.ci/vendor/livewire/livewire/src/Mechanisms/ExtendBlade/ExtendedCompilerEngine.php(16): Illuminate\\View\\Engines\\CompilerEngine->get('/home3/elngbpzd...', Array)
#42 /home3/elngbpzd/work.dia.ci/vendor/laravel/framework/src/Illuminate/View/View.php(208): Livewire\\Mechanisms\\ExtendBlade\\ExtendedCompilerEngine->get('/home3/elngbpzd...', Array)
#43 /home3/elngbpzd/work.dia.ci/vendor/laravel/framework/src/Illuminate/View/View.php(191): Illuminate\\View\\View->getContents()
#44 /home3/elngbpzd/work.dia.ci/vendor/laravel/framework/src/Illuminate/View/View.php(160): Illuminate\\View\\View->renderContents()
#45 /home3/elngbpzd/work.dia.ci/vendor/livewire/livewire/src/Mechanisms/HandleComponents/HandleComponents.php(241): Illuminate\\View\\View->render(Object(Closure))
#46 /home3/elngbpzd/work.dia.ci/vendor/livewire/livewire/src/Mechanisms/HandleComponents/HandleComponents.php(285): Livewire\\Mechanisms\\HandleComponents\\HandleComponents->Livewire\\Mechanisms\\HandleComponents\\{closure}()
#47 /home3/elngbpzd/work.dia.ci/vendor/livewire/livewire/src/Mechanisms/HandleComponents/HandleComponents.php(233): Livewire\\Mechanisms\\HandleComponents\\HandleComponents->trackInRenderStack(Object(App\\Filament\\Resources\\CodePromoResource\\Pages\\ListCodePromos), Object(Closure))
#48 /home3/elngbpzd/work.dia.ci/vendor/livewire/livewire/src/Mechanisms/HandleComponents/HandleComponents.php(54): Livewire\\Mechanisms\\HandleComponents\\HandleComponents->render(Object(App\\Filament\\Resources\\CodePromoResource\\Pages\\ListCodePromos), '<div></div>')
#49 /home3/elngbpzd/work.dia.ci/vendor/livewire/livewire/src/LivewireManager.php(73): Livewire\\Mechanisms\\HandleComponents\\HandleComponents->mount('App\\\\Filament\\\\Re...', Array, NULL)
#50 /home3/elngbpzd/work.dia.ci/vendor/livewire/livewire/src/Features/SupportPageComponents/HandlesPageComponents.php(17): Livewire\\LivewireManager->mount('App\\\\Filament\\\\Re...', Array)
#51 /home3/elngbpzd/work.dia.ci/vendor/livewire/livewire/src/Features/SupportPageComponents/SupportPageComponents.php(117): Livewire\\Component->Livewire\\Features\\SupportPageComponents\\{closure}()
#52 /home3/elngbpzd/work.dia.ci/vendor/livewire/livewire/src/Features/SupportPageComponents/HandlesPageComponents.php(14): Livewire\\Features\\SupportPageComponents\\SupportPageComponents::interceptTheRenderOfTheComponentAndRetreiveTheLayoutConfiguration(Object(Closure))
#53 /home3/elngbpzd/work.dia.ci/vendor/laravel/framework/src/Illuminate/Routing/ControllerDispatcher.php(46): Livewire\\Component->__invoke()
#54 /home3/elngbpzd/work.dia.ci/vendor/laravel/framework/src/Illuminate/Routing/Route.php(265): Illuminate\\Routing\\ControllerDispatcher->dispatch(Object(Illuminate\\Routing\\Route), Object(App\\Filament\\Resources\\CodePromoResource\\Pages\\ListCodePromos), '__invoke')
#55 /home3/elngbpzd/work.dia.ci/vendor/laravel/framework/src/Illuminate/Routing/Route.php(211): Illuminate\\Routing\\Route->runController()
#56 /home3/elngbpzd/work.dia.ci/vendor/laravel/framework/src/Illuminate/Routing/Router.php(808): Illuminate\\Routing\\Route->run()
#57 /home3/elngbpzd/work.dia.ci/vendor/laravel/framework/src/Illuminate/Pipeline/Pipeline.php(169): Illuminate\\Routing\\Router->Illuminate\\Routing\\{closure}(Object(Illuminate\\Http\\Request))
#58 /home3/elngbpzd/work.dia.ci/vendor/laravel/framework/src/Illuminate/Auth/Middleware/EnsureEmailIsVerified.php(41): Illuminate\\Pipeline\\Pipeline->Illuminate\\Pipeline\\{closure}(Object(Illuminate\\Http\\Request))
#59 /home3/elngbpzd/work.dia.ci/vendor/laravel/framework/src/Illuminate/Pipeline/Pipeline.php(208): Illuminate\\Auth\\Middleware\\EnsureEmailIsVerified->handle(Object(Illuminate\\Http\\Request), Object(Closure), 'filament.admin....')
#60 /home3/elngbpzd/work.dia.ci/app/Http/Middleware/HasEntreprise.php(28): Illuminate\\Pipeline\\Pipeline->Illuminate\\Pipeline\\{closure}(Object(Illuminate\\Http\\Request))
#61 /home3/elngbpzd/work.dia.ci/vendor/laravel/framework/src/Illuminate/Pipeline/Pipeline.php(208): App\\Http\\Middleware\\HasEntreprise->handle(Object(Illuminate\\Http\\Request), Object(Closure))
#62 /home3/elngbpzd/work.dia.ci/app/Http/Middleware/RedirectIfUnpaidInvoice.php(27): Illuminate\\Pipeline\\Pipeline->Illuminate\\Pipeline\\{closure}(Object(Illuminate\\Http\\Request))
#63 /home3/elngbpzd/work.dia.ci/vendor/laravel/framework/src/Illuminate/Pipeline/Pipeline.php(208): App\\Http\\Middleware\\RedirectIfUnpaidInvoice->handle(Object(Illuminate\\Http\\Request), Object(Closure))
#64 /home3/elngbpzd/work.dia.ci/vendor/filament/filament/src/Http/Middleware/DispatchServingFilamentEvent.php(15): Illuminate\\Pipeline\\Pipeline->Illuminate\\Pipeline\\{closure}(Object(Illuminate\\Http\\Request))
#65 /home3/elngbpzd/work.dia.ci/vendor/laravel/framework/src/Illuminate/Pipeline/Pipeline.php(208): Filament\\Http\\Middleware\\DispatchServingFilamentEvent->handle(Object(Illuminate\\Http\\Request), Object(Closure))
#66 /home3/elngbpzd/work.dia.ci/vendor/filament/filament/src/Http/Middleware/DisableBladeIconComponents.php(14): Illuminate\\Pipeline\\Pipeline->Illuminate\\Pipeline\\{closure}(Object(Illuminate\\Http\\Request))
#67 /home3/elngbpzd/work.dia.ci/vendor/laravel/framework/src/Illuminate/Pipeline/Pipeline.php(208): Filament\\Http\\Middleware\\DisableBladeIconComponents->handle(Object(Illuminate\\Http\\Request), Object(Closure))
#68 /home3/elngbpzd/work.dia.ci/vendor/laravel/framework/src/Illuminate/Routing/Middleware/SubstituteBindings.php(50): Illuminate\\Pipeline\\Pipeline->Illuminate\\Pipeline\\{closure}(Object(Illuminate\\Http\\Request))
#69 /home3/elngbpzd/work.dia.ci/vendor/laravel/framework/src/Illuminate/Pipeline/Pipeline.php(208): Illuminate\\Routing\\Middleware\\SubstituteBindings->handle(Object(Illuminate\\Http\\Request), Object(Closure))
#70 /home3/elngbpzd/work.dia.ci/vendor/laravel/framework/src/Illuminate/Foundation/Http/Middleware/VerifyCsrfToken.php(87): Illuminate\\Pipeline\\Pipeline->Illuminate\\Pipeline\\{closure}(Object(Illuminate\\Http\\Request))
#71 /home3/elngbpzd/work.dia.ci/vendor/laravel/framework/src/Illuminate/Pipeline/Pipeline.php(208): Illuminate\\Foundation\\Http\\Middleware\\VerifyCsrfToken->handle(Object(Illuminate\\Http\\Request), Object(Closure))
#72 /home3/elngbpzd/work.dia.ci/vendor/laravel/framework/src/Illuminate/Session/Middleware/AuthenticateSession.php(66): Illuminate\\Pipeline\\Pipeline->Illuminate\\Pipeline\\{closure}(Object(Illuminate\\Http\\Request))
#73 /home3/elngbpzd/work.dia.ci/vendor/laravel/framework/src/Illuminate/Pipeline/Pipeline.php(208): Illuminate\\Session\\Middleware\\AuthenticateSession->handle(Object(Illuminate\\Http\\Request), Object(Closure))
#74 /home3/elngbpzd/work.dia.ci/vendor/laravel/framework/src/Illuminate/Auth/Middleware/Authenticate.php(63): Illuminate\\Pipeline\\Pipeline->Illuminate\\Pipeline\\{closure}(Object(Illuminate\\Http\\Request))
#75 /home3/elngbpzd/work.dia.ci/vendor/laravel/framework/src/Illuminate/Pipeline/Pipeline.php(208): Illuminate\\Auth\\Middleware\\Authenticate->handle(Object(Illuminate\\Http\\Request), Object(Closure))
#76 /home3/elngbpzd/work.dia.ci/vendor/laravel/framework/src/Illuminate/View/Middleware/ShareErrorsFromSession.php(48): Illuminate\\Pipeline\\Pipeline->Illuminate\\Pipeline\\{closure}(Object(Illuminate\\Http\\Request))
#77 /home3/elngbpzd/work.dia.ci/vendor/laravel/framework/src/Illuminate/Pipeline/Pipeline.php(208): Illuminate\\View\\Middleware\\ShareErrorsFromSession->handle(Object(Illuminate\\Http\\Request), Object(Closure))
#78 /home3/elngbpzd/work.dia.ci/vendor/laravel/framework/src/Illuminate/Session/Middleware/StartSession.php(120): Illuminate\\Pipeline\\Pipeline->Illuminate\\Pipeline\\{closure}(Object(Illuminate\\Http\\Request))
#79 /home3/elngbpzd/work.dia.ci/vendor/laravel/framework/src/Illuminate/Session/Middleware/StartSession.php(63): Illuminate\\Session\\Middleware\\StartSession->handleStatefulRequest(Object(Illuminate\\Http\\Request), Object(Illuminate\\Session\\Store), Object(Closure))
#80 /home3/elngbpzd/work.dia.ci/vendor/laravel/framework/src/Illuminate/Pipeline/Pipeline.php(208): Illuminate\\Session\\Middleware\\StartSession->handle(Object(Illuminate\\Http\\Request), Object(Closure))
#81 /home3/elngbpzd/work.dia.ci/vendor/laravel/framework/src/Illuminate/Cookie/Middleware/AddQueuedCookiesToResponse.php(36): Illuminate\\Pipeline\\Pipeline->Illuminate\\Pipeline\\{closure}(Object(Illuminate\\Http\\Request))
#82 /home3/elngbpzd/work.dia.ci/vendor/laravel/framework/src/Illuminate/Pipeline/Pipeline.php(208): Illuminate\\Cookie\\Middleware\\AddQueuedCookiesToResponse->handle(Object(Illuminate\\Http\\Request), Object(Closure))
#83 /home3/elngbpzd/work.dia.ci/vendor/laravel/framework/src/Illuminate/Cookie/Middleware/EncryptCookies.php(74): Illuminate\\Pipeline\\Pipeline->Illuminate\\Pipeline\\{closure}(Object(Illuminate\\Http\\Request))
#84 /home3/elngbpzd/work.dia.ci/vendor/laravel/framework/src/Illuminate/Pipeline/Pipeline.php(208): Illuminate\\Cookie\\Middleware\\EncryptCookies->handle(Object(Illuminate\\Http\\Request), Object(Closure))
#85 /home3/elngbpzd/work.dia.ci/vendor/filament/filament/src/Http/Middleware/SetUpPanel.php(19): Illuminate\\Pipeline\\Pipeline->Illuminate\\Pipeline\\{closure}(Object(Illuminate\\Http\\Request))
#86 /home3/elngbpzd/work.dia.ci/vendor/laravel/framework/src/Illuminate/Pipeline/Pipeline.php(208): Filament\\Http\\Middleware\\SetUpPanel->handle(Object(Illuminate\\Http\\Request), Object(Closure), Object(Filament\\Panel))
#87 /home3/elngbpzd/work.dia.ci/vendor/laravel/framework/src/Illuminate/Pipeline/Pipeline.php(126): Illuminate\\Pipeline\\Pipeline->Illuminate\\Pipeline\\{closure}(Object(Illuminate\\Http\\Request))
#88 /home3/elngbpzd/work.dia.ci/vendor/laravel/framework/src/Illuminate/Routing/Router.php(807): Illuminate\\Pipeline\\Pipeline->then(Object(Closure))
#89 /home3/elngbpzd/work.dia.ci/vendor/laravel/framework/src/Illuminate/Routing/Router.php(786): Illuminate\\Routing\\Router->runRouteWithinStack(Object(Illuminate\\Routing\\Route), Object(Illuminate\\Http\\Request))
#90 /home3/elngbpzd/work.dia.ci/vendor/laravel/framework/src/Illuminate/Routing/Router.php(750): Illuminate\\Routing\\Router->runRoute(Object(Illuminate\\Http\\Request), Object(Illuminate\\Routing\\Route))
#91 /home3/elngbpzd/work.dia.ci/vendor/laravel/framework/src/Illuminate/Routing/Router.php(739): Illuminate\\Routing\\Router->dispatchToRoute(Object(Illuminate\\Http\\Request))
#92 /home3/elngbpzd/work.dia.ci/vendor/laravel/framework/src/Illuminate/Foundation/Http/Kernel.php(200): Illuminate\\Routing\\Router->dispatch(Object(Illuminate\\Http\\Request))
#93 /home3/elngbpzd/work.dia.ci/vendor/laravel/framework/src/Illuminate/Pipeline/Pipeline.php(169): Illuminate\\Foundation\\Http\\Kernel->Illuminate\\Foundation\\Http\\{closure}(Object(Illuminate\\Http\\Request))
#94 /home3/elngbpzd/work.dia.ci/vendor/livewire/livewire/src/Features/SupportDisablingBackButtonCache/DisableBackButtonCacheMiddleware.php(19): Illuminate\\Pipeline\\Pipeline->Illuminate\\Pipeline\\{closure}(Object(Illuminate\\Http\\Request))
#95 /home3/elngbpzd/work.dia.ci/vendor/laravel/framework/src/Illuminate/Pipeline/Pipeline.php(208): Livewire\\Features\\SupportDisablingBackButtonCache\\DisableBackButtonCacheMiddleware->handle(Object(Illuminate\\Http\\Request), Object(Closure))
#96 /home3/elngbpzd/work.dia.ci/vendor/laravel/framework/src/Illuminate/Foundation/Http/Middleware/TransformsRequest.php(21): Illuminate\\Pipeline\\Pipeline->Illuminate\\Pipeline\\{closure}(Object(Illuminate\\Http\\Request))
#97 /home3/elngbpzd/work.dia.ci/vendor/laravel/framework/src/Illuminate/Foundation/Http/Middleware/ConvertEmptyStringsToNull.php(31): Illuminate\\Foundation\\Http\\Middleware\\TransformsRequest->handle(Object(Illuminate\\Http\\Request), Object(Closure))
#98 /home3/elngbpzd/work.dia.ci/vendor/laravel/framework/src/Illuminate/Pipeline/Pipeline.php(208): Illuminate\\Foundation\\Http\\Middleware\\ConvertEmptyStringsToNull->handle(Object(Illuminate\\Http\\Request), Object(Closure))
#99 /home3/elngbpzd/work.dia.ci/vendor/laravel/framework/src/Illuminate/Foundation/Http/Middleware/TransformsRequest.php(21): Illuminate\\Pipeline\\Pipeline->Illuminate\\Pipeline\\{closure}(Object(Illuminate\\Http\\Request))
#100 /home3/elngbpzd/work.dia.ci/vendor/laravel/framework/src/Illuminate/Foundation/Http/Middleware/TrimStrings.php(51): Illuminate\\Foundation\\Http\\Middleware\\TransformsRequest->handle(Object(Illuminate\\Http\\Request), Object(Closure))
#101 /home3/elngbpzd/work.dia.ci/vendor/laravel/framework/src/Illuminate/Pipeline/Pipeline.php(208): Illuminate\\Foundation\\Http\\Middleware\\TrimStrings->handle(Object(Illuminate\\Http\\Request), Object(Closure))
#102 /home3/elngbpzd/work.dia.ci/vendor/laravel/framework/src/Illuminate/Http/Middleware/ValidatePostSize.php(27): Illuminate\\Pipeline\\Pipeline->Illuminate\\Pipeline\\{closure}(Object(Illuminate\\Http\\Request))
#103 /home3/elngbpzd/work.dia.ci/vendor/laravel/framework/src/Illuminate/Pipeline/Pipeline.php(208): Illuminate\\Http\\Middleware\\ValidatePostSize->handle(Object(Illuminate\\Http\\Request), Object(Closure))
#104 /home3/elngbpzd/work.dia.ci/vendor/laravel/framework/src/Illuminate/Foundation/Http/Middleware/PreventRequestsDuringMaintenance.php(109): Illuminate\\Pipeline\\Pipeline->Illuminate\\Pipeline\\{closure}(Object(Illuminate\\Http\\Request))
#105 /home3/elngbpzd/work.dia.ci/vendor/laravel/framework/src/Illuminate/Pipeline/Pipeline.php(208): Illuminate\\Foundation\\Http\\Middleware\\PreventRequestsDuringMaintenance->handle(Object(Illuminate\\Http\\Request), Object(Closure))
#106 /home3/elngbpzd/work.dia.ci/vendor/laravel/framework/src/Illuminate/Http/Middleware/HandleCors.php(48): Illuminate\\Pipeline\\Pipeline->Illuminate\\Pipeline\\{closure}(Object(Illuminate\\Http\\Request))
#107 /home3/elngbpzd/work.dia.ci/vendor/laravel/framework/src/Illuminate/Pipeline/Pipeline.php(208): Illuminate\\Http\\Middleware\\HandleCors->handle(Object(Illuminate\\Http\\Request), Object(Closure))
#108 /home3/elngbpzd/work.dia.ci/vendor/laravel/framework/src/Illuminate/Http/Middleware/TrustProxies.php(58): Illuminate\\Pipeline\\Pipeline->Illuminate\\Pipeline\\{closure}(Object(Illuminate\\Http\\Request))
#109 /home3/elngbpzd/work.dia.ci/vendor/laravel/framework/src/Illuminate/Pipeline/Pipeline.php(208): Illuminate\\Http\\Middleware\\TrustProxies->handle(Object(Illuminate\\Http\\Request), Object(Closure))
#110 /home3/elngbpzd/work.dia.ci/vendor/laravel/framework/src/Illuminate/Foundation/Http/Middleware/InvokeDeferredCallbacks.php(22): Illuminate\\Pipeline\\Pipeline->Illuminate\\Pipeline\\{closure}(Object(Illuminate\\Http\\Request))
#111 /home3/elngbpzd/work.dia.ci/vendor/laravel/framework/src/Illuminate/Pipeline/Pipeline.php(208): Illuminate\\Foundation\\Http\\Middleware\\InvokeDeferredCallbacks->handle(Object(Illuminate\\Http\\Request), Object(Closure))
#112 /home3/elngbpzd/work.dia.ci/vendor/laravel/framework/src/Illuminate/Http/Middleware/ValidatePathEncoding.php(26): Illuminate\\Pipeline\\Pipeline->Illuminate\\Pipeline\\{closure}(Object(Illuminate\\Http\\Request))
#113 /home3/elngbpzd/work.dia.ci/vendor/laravel/framework/src/Illuminate/Pipeline/Pipeline.php(208): Illuminate\\Http\\Middleware\\ValidatePathEncoding->handle(Object(Illuminate\\Http\\Request), Object(Closure))
#114 /home3/elngbpzd/work.dia.ci/vendor/laravel/framework/src/Illuminate/Pipeline/Pipeline.php(126): Illuminate\\Pipeline\\Pipeline->Illuminate\\Pipeline\\{closure}(Object(Illuminate\\Http\\Request))
#115 /home3/elngbpzd/work.dia.ci/vendor/laravel/framework/src/Illuminate/Foundation/Http/Kernel.php(175): Illuminate\\Pipeline\\Pipeline->then(Object(Closure))
#116 /home3/elngbpzd/work.dia.ci/vendor/laravel/framework/src/Illuminate/Foundation/Http/Kernel.php(144): Illuminate\\Foundation\\Http\\Kernel->sendRequestThroughRouter(Object(Illuminate\\Http\\Request))
#117 /home3/elngbpzd/work.dia.ci/vendor/laravel/framework/src/Illuminate/Foundation/Application.php(1219): Illuminate\\Foundation\\Http\\Kernel->handle(Object(Illuminate\\Http\\Request))
#118 /home3/elngbpzd/work.dia.ci/index.php(20): Illuminate\\Foundation\\Application->handleRequest(Object(Illuminate\\Http\\Request))
#119 {main}

[previous exception] [object] (ArgumentCountError(code: 0): Too few arguments to function App\\Policies\\CodePromoPolicy::toggleActive(), 1 passed in /home3/elngbpzd/work.dia.ci/vendor/laravel/framework/src/Illuminate/Auth/Access/Gate.php on line 818 and exactly 2 expected at /home3/elngbpzd/work.dia.ci/app/Policies/CodePromoPolicy.php:135)
[stacktrace]
#0 /home3/elngbpzd/work.dia.ci/vendor/laravel/framework/src/Illuminate/Auth/Access/Gate.php(818): App\\Policies\\CodePromoPolicy->toggleActive(Object(App\\Models\\User))
#1 /home3/elngbpzd/work.dia.ci/vendor/laravel/framework/src/Illuminate/Auth/Access/Gate.php(771): Illuminate\\Auth\\Access\\Gate->callPolicyMethod(Object(App\\Policies\\CodePromoPolicy), 'toggleActive', Object(App\\Models\\User), Array)
#2 /home3/elngbpzd/work.dia.ci/vendor/laravel/framework/src/Illuminate/Auth/Access/Gate.php(552): Illuminate\\Auth\\Access\\Gate->Illuminate\\Auth\\Access\\{closure}(Object(App\\Models\\User), 'App\\\\Models\\\\Code...')
#3 /home3/elngbpzd/work.dia.ci/vendor/laravel/framework/src/Illuminate/Auth/Access/Gate.php(447): Illuminate\\Auth\\Access\\Gate->callAuthCallback(Object(App\\Models\\User), 'toggleActive', Array)
#4 /home3/elngbpzd/work.dia.ci/vendor/laravel/framework/src/Illuminate/Auth/Access/Gate.php(410): Illuminate\\Auth\\Access\\Gate->raw('toggleActive', Array)
#5 /home3/elngbpzd/work.dia.ci/vendor/laravel/framework/src/Illuminate/Auth/Access/Gate.php(358): Illuminate\\Auth\\Access\\Gate->inspect('toggleActive', Array)
#6 /home3/elngbpzd/work.dia.ci/vendor/laravel/framework/src/Illuminate/Collections/Traits/EnumeratesValues.php(308): Illuminate\\Auth\\Access\\Gate->Illuminate\\Auth\\Access\\{closure}('toggleActive', 0)
#7 /home3/elngbpzd/work.dia.ci/vendor/laravel/framework/src/Illuminate/Auth/Access/Gate.php(357): Illuminate\\Support\\Collection->every(Object(Closure))
#8 /home3/elngbpzd/work.dia.ci/vendor/laravel/framework/src/Illuminate/Support/Facades/Facade.php(361): Illuminate\\Auth\\Access\\Gate->check(Array, Array)
#9 /home3/elngbpzd/work.dia.ci/vendor/filament/actions/src/Concerns/CanBeHidden.php(98): Illuminate\\Support\\Facades\\Facade::__callStatic('check', Array)
#10 /home3/elngbpzd/work.dia.ci/vendor/filament/actions/src/Concerns/CanBeHidden.php(123): Filament\\Actions\\StaticAction->isAuthorized()
#11 /home3/elngbpzd/work.dia.ci/vendor/filament/actions/src/Concerns/CanBeHidden.php(110): Filament\\Actions\\StaticAction->isHiddenInGroup()
#12 /home3/elngbpzd/work.dia.ci/storage/framework/views/7f15b6a47df34b007dde71de986a703e.php(122): Filament\\Actions\\StaticAction->isHidden()
#13 /home3/elngbpzd/work.dia.ci/vendor/livewire/livewire/src/Mechanisms/ExtendBlade/ExtendedCompilerEngine.php(37): include('/home3/elngbpzd...')
#14 /home3/elngbpzd/work.dia.ci/vendor/livewire/livewire/src/Mechanisms/ExtendBlade/ExtendedCompilerEngine.php(38): App\\Filament\\Resources\\CodePromoResource\\Pages\\ListCodePromos->Livewire\\Mechanisms\\ExtendBlade\\{closure}()
#15 /home3/elngbpzd/work.dia.ci/vendor/laravel/framework/src/Illuminate/View/Engines/CompilerEngine.php(74): Livewire\\Mechanisms\\ExtendBlade\\ExtendedCompilerEngine->evaluatePath('/home3/elngbpzd...', Array)
#16 /home3/elngbpzd/work.dia.ci/vendor/livewire/livewire/src/Mechanisms/ExtendBlade/ExtendedCompilerEngine.php(16): Illuminate\\View\\Engines\\CompilerEngine->get('/home3/elngbpzd...', Array)
#17 /home3/elngbpzd/work.dia.ci/vendor/laravel/framework/src/Illuminate/View/View.php(208): Livewire\\Mechanisms\\ExtendBlade\\ExtendedCompilerEngine->get('/home3/elngbpzd...', Array)
#18 /home3/elngbpzd/work.dia.ci/vendor/laravel/framework/src/Illuminate/View/View.php(191): Illuminate\\View\\View->getContents()
#19 /home3/elngbpzd/work.dia.ci/vendor/laravel/framework/src/Illuminate/View/View.php(160): Illuminate\\View\\View->renderContents()
#20 /home3/elngbpzd/work.dia.ci/vendor/laravel/framework/src/Illuminate/View/Concerns/ManagesComponents.php(103): Illuminate\\View\\View->render()
#21 /home3/elngbpzd/work.dia.ci/storage/framework/views/3227dad604a49f8075cbcb632141df4e.php(13): Illuminate\\View\\Factory->renderComponent()
#22 /home3/elngbpzd/work.dia.ci/vendor/livewire/livewire/src/Mechanisms/ExtendBlade/ExtendedCompilerEngine.php(37): include('/home3/elngbpzd...')
#23 /home3/elngbpzd/work.dia.ci/vendor/livewire/livewire/src/Mechanisms/ExtendBlade/ExtendedCompilerEngine.php(38): App\\Filament\\Resources\\CodePromoResource\\Pages\\ListCodePromos->Livewire\\Mechanisms\\ExtendBlade\\{closure}()
#24 /home3/elngbpzd/work.dia.ci/vendor/laravel/framework/src/Illuminate/View/Engines/CompilerEngine.php(74): Livewire\\Mechanisms\\ExtendBlade\\ExtendedCompilerEngine->evaluatePath('/home3/elngbpzd...', Array)
#25 /home3/elngbpzd/work.dia.ci/vendor/livewire/livewire/src/Mechanisms/ExtendBlade/ExtendedCompilerEngine.php(16): Illuminate\\View\\Engines\\CompilerEngine->get('/home3/elngbpzd...', Array)
#26 /home3/elngbpzd/work.dia.ci/vendor/laravel/framework/src/Illuminate/View/View.php(208): Livewire\\Mechanisms\\ExtendBlade\\ExtendedCompilerEngine->get('/home3/elngbpzd...', Array)
#27 /home3/elngbpzd/work.dia.ci/vendor/laravel/framework/src/Illuminate/View/View.php(191): Illuminate\\View\\View->getContents()
#28 /home3/elngbpzd/work.dia.ci/vendor/laravel/framework/src/Illuminate/View/View.php(160): Illuminate\\View\\View->renderContents()
#29 /home3/elngbpzd/work.dia.ci/vendor/filament/support/src/Components/ViewComponent.php(115): Illuminate\\View\\View->render()
#30 /home3/elngbpzd/work.dia.ci/vendor/laravel/framework/src/Illuminate/Support/helpers.php(134): Filament\\Support\\Components\\ViewComponent->toHtml()
#31 /home3/elngbpzd/work.dia.ci/storage/framework/views/4935d6c4dd78449b798e5fecbe06f6fc.php(80): e(Object(Filament\\Tables\\Actions\\BulkActionGroup))
#32 /home3/elngbpzd/work.dia.ci/vendor/livewire/livewire/src/Mechanisms/ExtendBlade/ExtendedCompilerEngine.php(37): include('/home3/elngbpzd...')
#33 /home3/elngbpzd/work.dia.ci/vendor/livewire/livewire/src/Mechanisms/ExtendBlade/ExtendedCompilerEngine.php(38): App\\Filament\\Resources\\CodePromoResource\\Pages\\ListCodePromos->Livewire\\Mechanisms\\ExtendBlade\\{closure}()
#34 /home3/elngbpzd/work.dia.ci/vendor/laravel/framework/src/Illuminate/View/Engines/CompilerEngine.php(74): Livewire\\Mechanisms\\ExtendBlade\\ExtendedCompilerEngine->evaluatePath('/home3/elngbpzd...', Array)
#35 /home3/elngbpzd/work.dia.ci/vendor/livewire/livewire/src/Mechanisms/ExtendBlade/ExtendedCompilerEngine.php(16): Illuminate\\View\\Engines\\CompilerEngine->get('/home3/elngbpzd...', Array)
#36 /home3/elngbpzd/work.dia.ci/vendor/laravel/framework/src/Illuminate/View/View.php(208): Livewire\\Mechanisms\\ExtendBlade\\ExtendedCompilerEngine->get('/home3/elngbpzd...', Array)
#37 /home3/elngbpzd/work.dia.ci/vendor/laravel/framework/src/Illuminate/View/View.php(191): Illuminate\\View\\View->getContents()
#38 /home3/elngbpzd/work.dia.ci/vendor/laravel/framework/src/Illuminate/View/View.php(160): Illuminate\\View\\View->renderContents()
#39 /home3/elngbpzd/work.dia.ci/vendor/laravel/framework/src/Illuminate/View/Concerns/ManagesComponents.php(103): Illuminate\\View\\View->render()
#40 /home3/elngbpzd/work.dia.ci/storage/framework/views/214c544a94a5507404ff2242340d55d8.php(253): Illuminate\\View\\Factory->renderComponent()
#41 /home3/elngbpzd/work.dia.ci/vendor/livewire/livewire/src/Mechanisms/ExtendBlade/ExtendedCompilerEngine.php(37): include('/home3/elngbpzd...')
#42 /home3/elngbpzd/work.dia.ci/vendor/livewire/livewire/src/Mechanisms/ExtendBlade/ExtendedCompilerEngine.php(38): App\\Filament\\Resources\\CodePromoResource\\Pages\\ListCodePromos->Livewire\\Mechanisms\\ExtendBlade\\{closure}()
#43 /home3/elngbpzd/work.dia.ci/vendor/laravel/framework/src/Illuminate/View/Engines/CompilerEngine.php(74): Livewire\\Mechanisms\\ExtendBlade\\ExtendedCompilerEngine->evaluatePath('/home3/elngbpzd...', Array)
#44 /home3/elngbpzd/work.dia.ci/vendor/livewire/livewire/src/Mechanisms/ExtendBlade/ExtendedCompilerEngine.php(16): Illuminate\\View\\Engines\\CompilerEngine->get('/home3/elngbpzd...', Array)
#45 /home3/elngbpzd/work.dia.ci/vendor/laravel/framework/src/Illuminate/View/View.php(208): Livewire\\Mechanisms\\ExtendBlade\\ExtendedCompilerEngine->get('/home3/elngbpzd...', Array)
#46 /home3/elngbpzd/work.dia.ci/vendor/laravel/framework/src/Illuminate/View/View.php(191): Illuminate\\View\\View->getContents()
#47 /home3/elngbpzd/work.dia.ci/vendor/laravel/framework/src/Illuminate/View/View.php(160): Illuminate\\View\\View->renderContents()
#48 /home3/elngbpzd/work.dia.ci/vendor/filament/support/src/Components/ViewComponent.php(115): Illuminate\\View\\View->render()
#49 /home3/elngbpzd/work.dia.ci/vendor/laravel/framework/src/Illuminate/Support/helpers.php(134): Filament\\Support\\Components\\ViewComponent->toHtml()
#50 /home3/elngbpzd/work.dia.ci/storage/framework/views/997005b9a04b8fc3954abb3e497ab51c.php(42): e(Object(Filament\\Tables\\Table))
#51 /home3/elngbpzd/work.dia.ci/vendor/livewire/livewire/src/Mechanisms/ExtendBlade/ExtendedCompilerEngine.php(37): include('/home3/elngbpzd...')
#52 /home3/elngbpzd/work.dia.ci/vendor/livewire/livewire/src/Mechanisms/ExtendBlade/ExtendedCompilerEngine.php(38): App\\Filament\\Resources\\CodePromoResource\\Pages\\ListCodePromos->Livewire\\Mechanisms\\ExtendBlade\\{closure}()
#53 /home3/elngbpzd/work.dia.ci/vendor/laravel/framework/src/Illuminate/View/Engines/CompilerEngine.php(74): Livewire\\Mechanisms\\ExtendBlade\\ExtendedCompilerEngine->evaluatePath('/home3/elngbpzd...', Array)
#54 /home3/elngbpzd/work.dia.ci/vendor/livewire/livewire/src/Mechanisms/ExtendBlade/ExtendedCompilerEngine.php(16): Illuminate\\View\\Engines\\CompilerEngine->get('/home3/elngbpzd...', Array)
#55 /home3/elngbpzd/work.dia.ci/vendor/laravel/framework/src/Illuminate/View/View.php(208): Livewire\\Mechanisms\\ExtendBlade\\ExtendedCompilerEngine->get('/home3/elngbpzd...', Array)
#56 /home3/elngbpzd/work.dia.ci/vendor/laravel/framework/src/Illuminate/View/View.php(191): Illuminate\\View\\View->getContents()
#57 /home3/elngbpzd/work.dia.ci/vendor/laravel/framework/src/Illuminate/View/View.php(160): Illuminate\\View\\View->renderContents()
#58 /home3/elngbpzd/work.dia.ci/vendor/livewire/livewire/src/Mechanisms/HandleComponents/HandleComponents.php(241): Illuminate\\View\\View->render(Object(Closure))
#59 /home3/elngbpzd/work.dia.ci/vendor/livewire/livewire/src/Mechanisms/HandleComponents/HandleComponents.php(285): Livewire\\Mechanisms\\HandleComponents\\HandleComponents->Livewire\\Mechanisms\\HandleComponents\\{closure}()
#60 /home3/elngbpzd/work.dia.ci/vendor/livewire/livewire/src/Mechanisms/HandleComponents/HandleComponents.php(233): Livewire\\Mechanisms\\HandleComponents\\HandleComponents->trackInRenderStack(Object(App\\Filament\\Resources\\CodePromoResource\\Pages\\ListCodePromos), Object(Closure))
#61 /home3/elngbpzd/work.dia.ci/vendor/livewire/livewire/src/Mechanisms/HandleComponents/HandleComponents.php(54): Livewire\\Mechanisms\\HandleComponents\\HandleComponents->render(Object(App\\Filament\\Resources\\CodePromoResource\\Pages\\ListCodePromos), '<div></div>')
#62 /home3/elngbpzd/work.dia.ci/vendor/livewire/livewire/src/LivewireManager.php(73): Livewire\\Mechanisms\\HandleComponents\\HandleComponents->mount('App\\\\Filament\\\\Re...', Array, NULL)
#63 /home3/elngbpzd/work.dia.ci/vendor/livewire/livewire/src/Features/SupportPageComponents/HandlesPageComponents.php(17): Livewire\\LivewireManager->mount('App\\\\Filament\\\\Re...', Array)
#64 /home3/elngbpzd/work.dia.ci/vendor/livewire/livewire/src/Features/SupportPageComponents/SupportPageComponents.php(117): Livewire\\Component->Livewire\\Features\\SupportPageComponents\\{closure}()
#65 /home3/elngbpzd/work.dia.ci/vendor/livewire/livewire/src/Features/SupportPageComponents/HandlesPageComponents.php(14): Livewire\\Features\\SupportPageComponents\\SupportPageComponents::interceptTheRenderOfTheComponentAndRetreiveTheLayoutConfiguration(Object(Closure))
#66 /home3/elngbpzd/work.dia.ci/vendor/laravel/framework/src/Illuminate/Routing/ControllerDispatcher.php(46): Livewire\\Component->__invoke()
#67 /home3/elngbpzd/work.dia.ci/vendor/laravel/framework/src/Illuminate/Routing/Route.php(265): Illuminate\\Routing\\ControllerDispatcher->dispatch(Object(Illuminate\\Routing\\Route), Object(App\\Filament\\Resources\\CodePromoResource\\Pages\\ListCodePromos), '__invoke')
#68 /home3/elngbpzd/work.dia.ci/vendor/laravel/framework/src/Illuminate/Routing/Route.php(211): Illuminate\\Routing\\Route->runController()
#69 /home3/elngbpzd/work.dia.ci/vendor/laravel/framework/src/Illuminate/Routing/Router.php(808): Illuminate\\Routing\\Route->run()
#70 /home3/elngbpzd/work.dia.ci/vendor/laravel/framework/src/Illuminate/Pipeline/Pipeline.php(169): Illuminate\\Routing\\Router->Illuminate\\Routing\\{closure}(Object(Illuminate\\Http\\Request))
#71 /home3/elngbpzd/work.dia.ci/vendor/laravel/framework/src/Illuminate/Auth/Middleware/EnsureEmailIsVerified.php(41): Illuminate\\Pipeline\\Pipeline->Illuminate\\Pipeline\\{closure}(Object(Illuminate\\Http\\Request))
#72 /home3/elngbpzd/work.dia.ci/vendor/laravel/framework/src/Illuminate/Pipeline/Pipeline.php(208): Illuminate\\Auth\\Middleware\\EnsureEmailIsVerified->handle(Object(Illuminate\\Http\\Request), Object(Closure), 'filament.admin....')
#73 /home3/elngbpzd/work.dia.ci/app/Http/Middleware/HasEntreprise.php(28): Illuminate\\Pipeline\\Pipeline->Illuminate\\Pipeline\\{closure}(Object(Illuminate\\Http\\Request))
#74 /home3/elngbpzd/work.dia.ci/vendor/laravel/framework/src/Illuminate/Pipeline/Pipeline.php(208): App\\Http\\Middleware\\HasEntreprise->handle(Object(Illuminate\\Http\\Request), Object(Closure))
#75 /home3/elngbpzd/work.dia.ci/app/Http/Middleware/RedirectIfUnpaidInvoice.php(27): Illuminate\\Pipeline\\Pipeline->Illuminate\\Pipeline\\{closure}(Object(Illuminate\\Http\\Request))
#76 /home3/elngbpzd/work.dia.ci/vendor/laravel/framework/src/Illuminate/Pipeline/Pipeline.php(208): App\\Http\\Middleware\\RedirectIfUnpaidInvoice->handle(Object(Illuminate\\Http\\Request), Object(Closure))
#77 /home3/elngbpzd/work.dia.ci/vendor/filament/filament/src/Http/Middleware/DispatchServingFilamentEvent.php(15): Illuminate\\Pipeline\\Pipeline->Illuminate\\Pipeline\\{closure}(Object(Illuminate\\Http\\Request))
#78 /home3/elngbpzd/work.dia.ci/vendor/laravel/framework/src/Illuminate/Pipeline/Pipeline.php(208): Filament\\Http\\Middleware\\DispatchServingFilamentEvent->handle(Object(Illuminate\\Http\\Request), Object(Closure))
#79 /home3/elngbpzd/work.dia.ci/vendor/filament/filament/src/Http/Middleware/DisableBladeIconComponents.php(14): Illuminate\\Pipeline\\Pipeline->Illuminate\\Pipeline\\{closure}(Object(Illuminate\\Http\\Request))
#80 /home3/elngbpzd/work.dia.ci/vendor/laravel/framework/src/Illuminate/Pipeline/Pipeline.php(208): Filament\\Http\\Middleware\\DisableBladeIconComponents->handle(Object(Illuminate\\Http\\Request), Object(Closure))
#81 /home3/elngbpzd/work.dia.ci/vendor/laravel/framework/src/Illuminate/Routing/Middleware/SubstituteBindings.php(50): Illuminate\\Pipeline\\Pipeline->Illuminate\\Pipeline\\{closure}(Object(Illuminate\\Http\\Request))
#82 /home3/elngbpzd/work.dia.ci/vendor/laravel/framework/src/Illuminate/Pipeline/Pipeline.php(208): Illuminate\\Routing\\Middleware\\SubstituteBindings->handle(Object(Illuminate\\Http\\Request), Object(Closure))
#83 /home3/elngbpzd/work.dia.ci/vendor/laravel/framework/src/Illuminate/Foundation/Http/Middleware/VerifyCsrfToken.php(87): Illuminate\\Pipeline\\Pipeline->Illuminate\\Pipeline\\{closure}(Object(Illuminate\\Http\\Request))
#84 /home3/elngbpzd/work.dia.ci/vendor/laravel/framework/src/Illuminate/Pipeline/Pipeline.php(208): Illuminate\\Foundation\\Http\\Middleware\\VerifyCsrfToken->handle(Object(Illuminate\\Http\\Request), Object(Closure))
#85 /home3/elngbpzd/work.dia.ci/vendor/laravel/framework/src/Illuminate/Session/Middleware/AuthenticateSession.php(66): Illuminate\\Pipeline\\Pipeline->Illuminate\\Pipeline\\{closure}(Object(Illuminate\\Http\\Request))
#86 /home3/elngbpzd/work.dia.ci/vendor/laravel/framework/src/Illuminate/Pipeline/Pipeline.php(208): Illuminate\\Session\\Middleware\\AuthenticateSession->handle(Object(Illuminate\\Http\\Request), Object(Closure))
#87 /home3/elngbpzd/work.dia.ci/vendor/laravel/framework/src/Illuminate/Auth/Middleware/Authenticate.php(63): Illuminate\\Pipeline\\Pipeline->Illuminate\\Pipeline\\{closure}(Object(Illuminate\\Http\\Request))
#88 /home3/elngbpzd/work.dia.ci/vendor/laravel/framework/src/Illuminate/Pipeline/Pipeline.php(208): Illuminate\\Auth\\Middleware\\Authenticate->handle(Object(Illuminate\\Http\\Request), Object(Closure))
#89 /home3/elngbpzd/work.dia.ci/vendor/laravel/framework/src/Illuminate/View/Middleware/ShareErrorsFromSession.php(48): Illuminate\\Pipeline\\Pipeline->Illuminate\\Pipeline\\{closure}(Object(Illuminate\\Http\\Request))
#90 /home3/elngbpzd/work.dia.ci/vendor/laravel/framework/src/Illuminate/Pipeline/Pipeline.php(208): Illuminate\\View\\Middleware\\ShareErrorsFromSession->handle(Object(Illuminate\\Http\\Request), Object(Closure))
#91 /home3/elngbpzd/work.dia.ci/vendor/laravel/framework/src/Illuminate/Session/Middleware/StartSession.php(120): Illuminate\\Pipeline\\Pipeline->Illuminate\\Pipeline\\{closure}(Object(Illuminate\\Http\\Request))
#92 /home3/elngbpzd/work.dia.ci/vendor/laravel/framework/src/Illuminate/Session/Middleware/StartSession.php(63): Illuminate\\Session\\Middleware\\StartSession->handleStatefulRequest(Object(Illuminate\\Http\\Request), Object(Illuminate\\Session\\Store), Object(Closure))
#93 /home3/elngbpzd/work.dia.ci/vendor/laravel/framework/src/Illuminate/Pipeline/Pipeline.php(208): Illuminate\\Session\\Middleware\\StartSession->handle(Object(Illuminate\\Http\\Request), Object(Closure))
#94 /home3/elngbpzd/work.dia.ci/vendor/laravel/framework/src/Illuminate/Cookie/Middleware/AddQueuedCookiesToResponse.php(36): Illuminate\\Pipeline\\Pipeline->Illuminate\\Pipeline\\{closure}(Object(Illuminate\\Http\\Request))
#95 /home3/elngbpzd/work.dia.ci/vendor/laravel/framework/src/Illuminate/Pipeline/Pipeline.php(208): Illuminate\\Cookie\\Middleware\\AddQueuedCookiesToResponse->handle(Object(Illuminate\\Http\\Request), Object(Closure))
#96 /home3/elngbpzd/work.dia.ci/vendor/laravel/framework/src/Illuminate/Cookie/Middleware/EncryptCookies.php(74): Illuminate\\Pipeline\\Pipeline->Illuminate\\Pipeline\\{closure}(Object(Illuminate\\Http\\Request))
#97 /home3/elngbpzd/work.dia.ci/vendor/laravel/framework/src/Illuminate/Pipeline/Pipeline.php(208): Illuminate\\Cookie\\Middleware\\EncryptCookies->handle(Object(Illuminate\\Http\\Request), Object(Closure))
#98 /home3/elngbpzd/work.dia.ci/vendor/filament/filament/src/Http/Middleware/SetUpPanel.php(19): Illuminate\\Pipeline\\Pipeline->Illuminate\\Pipeline\\{closure}(Object(Illuminate\\Http\\Request))
#99 /home3/elngbpzd/work.dia.ci/vendor/laravel/framework/src/Illuminate/Pipeline/Pipeline.php(208): Filament\\Http\\Middleware\\SetUpPanel->handle(Object(Illuminate\\Http\\Request), Object(Closure), Object(Filament\\Panel))
#100 /home3/elngbpzd/work.dia.ci/vendor/laravel/framework/src/Illuminate/Pipeline/Pipeline.php(126): Illuminate\\Pipeline\\Pipeline->Illuminate\\Pipeline\\{closure}(Object(Illuminate\\Http\\Request))
#101 /home3/elngbpzd/work.dia.ci/vendor/laravel/framework/src/Illuminate/Routing/Router.php(807): Illuminate\\Pipeline\\Pipeline->then(Object(Closure))
#102 /home3/elngbpzd/work.dia.ci/vendor/laravel/framework/src/Illuminate/Routing/Router.php(786): Illuminate\\Routing\\Router->runRouteWithinStack(Object(Illuminate\\Routing\\Route), Object(Illuminate\\Http\\Request))
#103 /home3/elngbpzd/work.dia.ci/vendor/laravel/framework/src/Illuminate/Routing/Router.php(750): Illuminate\\Routing\\Router->runRoute(Object(Illuminate\\Http\\Request), Object(Illuminate\\Routing\\Route))
#104 /home3/elngbpzd/work.dia.ci/vendor/laravel/framework/src/Illuminate/Routing/Router.php(739): Illuminate\\Routing\\Router->dispatchToRoute(Object(Illuminate\\Http\\Request))
#105 /home3/elngbpzd/work.dia.ci/vendor/laravel/framework/src/Illuminate/Foundation/Http/Kernel.php(200): Illuminate\\Routing\\Router->dispatch(Object(Illuminate\\Http\\Request))
#106 /home3/elngbpzd/work.dia.ci/vendor/laravel/framework/src/Illuminate/Pipeline/Pipeline.php(169): Illuminate\\Foundation\\Http\\Kernel->Illuminate\\Foundation\\Http\\{closure}(Object(Illuminate\\Http\\Request))
#107 /home3/elngbpzd/work.dia.ci/vendor/livewire/livewire/src/Features/SupportDisablingBackButtonCache/DisableBackButtonCacheMiddleware.php(19): Illuminate\\Pipeline\\Pipeline->Illuminate\\Pipeline\\{closure}(Object(Illuminate\\Http\\Request))
#108 /home3/elngbpzd/work.dia.ci/vendor/laravel/framework/src/Illuminate/Pipeline/Pipeline.php(208): Livewire\\Features\\SupportDisablingBackButtonCache\\DisableBackButtonCacheMiddleware->handle(Object(Illuminate\\Http\\Request), Object(Closure))
#109 /home3/elngbpzd/work.dia.ci/vendor/laravel/framework/src/Illuminate/Foundation/Http/Middleware/TransformsRequest.php(21): Illuminate\\Pipeline\\Pipeline->Illuminate\\Pipeline\\{closure}(Object(Illuminate\\Http\\Request))
#110 /home3/elngbpzd/work.dia.ci/vendor/laravel/framework/src/Illuminate/Foundation/Http/Middleware/ConvertEmptyStringsToNull.php(31): Illuminate\\Foundation\\Http\\Middleware\\TransformsRequest->handle(Object(Illuminate\\Http\\Request), Object(Closure))
#111 /home3/elngbpzd/work.dia.ci/vendor/laravel/framework/src/Illuminate/Pipeline/Pipeline.php(208): Illuminate\\Foundation\\Http\\Middleware\\ConvertEmptyStringsToNull->handle(Object(Illuminate\\Http\\Request), Object(Closure))
#112 /home3/elngbpzd/work.dia.ci/vendor/laravel/framework/src/Illuminate/Foundation/Http/Middleware/TransformsRequest.php(21): Illuminate\\Pipeline\\Pipeline->Illuminate\\Pipeline\\{closure}(Object(Illuminate\\Http\\Request))
#113 /home3/elngbpzd/work.dia.ci/vendor/laravel/framework/src/Illuminate/Foundation/Http/Middleware/TrimStrings.php(51): Illuminate\\Foundation\\Http\\Middleware\\TransformsRequest->handle(Object(Illuminate\\Http\\Request), Object(Closure))
#114 /home3/elngbpzd/work.dia.ci/vendor/laravel/framework/src/Illuminate/Pipeline/Pipeline.php(208): Illuminate\\Foundation\\Http\\Middleware\\TrimStrings->handle(Object(Illuminate\\Http\\Request), Object(Closure))
#115 /home3/elngbpzd/work.dia.ci/vendor/laravel/framework/src/Illuminate/Http/Middleware/ValidatePostSize.php(27): Illuminate\\Pipeline\\Pipeline->Illuminate\\Pipeline\\{closure}(Object(Illuminate\\Http\\Request))
#116 /home3/elngbpzd/work.dia.ci/vendor/laravel/framework/src/Illuminate/Pipeline/Pipeline.php(208): Illuminate\\Http\\Middleware\\ValidatePostSize->handle(Object(Illuminate\\Http\\Request), Object(Closure))
#117 /home3/elngbpzd/work.dia.ci/vendor/laravel/framework/src/Illuminate/Foundation/Http/Middleware/PreventRequestsDuringMaintenance.php(109): Illuminate\\Pipeline\\Pipeline->Illuminate\\Pipeline\\{closure}(Object(Illuminate\\Http\\Request))
#118 /home3/elngbpzd/work.dia.ci/vendor/laravel/framework/src/Illuminate/Pipeline/Pipeline.php(208): Illuminate\\Foundation\\Http\\Middleware\\PreventRequestsDuringMaintenance->handle(Object(Illuminate\\Http\\Request), Object(Closure))
#119 /home3/elngbpzd/work.dia.ci/vendor/laravel/framework/src/Illuminate/Http/Middleware/HandleCors.php(48): Illuminate\\Pipeline\\Pipeline->Illuminate\\Pipeline\\{closure}(Object(Illuminate\\Http\\Request))
#120 /home3/elngbpzd/work.dia.ci/vendor/laravel/framework/src/Illuminate/Pipeline/Pipeline.php(208): Illuminate\\Http\\Middleware\\HandleCors->handle(Object(Illuminate\\Http\\Request), Object(Closure))
#121 /home3/elngbpzd/work.dia.ci/vendor/laravel/framework/src/Illuminate/Http/Middleware/TrustProxies.php(58): Illuminate\\Pipeline\\Pipeline->Illuminate\\Pipeline\\{closure}(Object(Illuminate\\Http\\Request))
#122 /home3/elngbpzd/work.dia.ci/vendor/laravel/framework/src/Illuminate/Pipeline/Pipeline.php(208): Illuminate\\Http\\Middleware\\TrustProxies->handle(Object(Illuminate\\Http\\Request), Object(Closure))
#123 /home3/elngbpzd/work.dia.ci/vendor/laravel/framework/src/Illuminate/Foundation/Http/Middleware/InvokeDeferredCallbacks.php(22): Illuminate\\Pipeline\\Pipeline->Illuminate\\Pipeline\\{closure}(Object(Illuminate\\Http\\Request))
#124 /home3/elngbpzd/work.dia.ci/vendor/laravel/framework/src/Illuminate/Pipeline/Pipeline.php(208): Illuminate\\Foundation\\Http\\Middleware\\InvokeDeferredCallbacks->handle(Object(Illuminate\\Http\\Request), Object(Closure))
#125 /home3/elngbpzd/work.dia.ci/vendor/laravel/framework/src/Illuminate/Http/Middleware/ValidatePathEncoding.php(26): Illuminate\\Pipeline\\Pipeline->Illuminate\\Pipeline\\{closure}(Object(Illuminate\\Http\\Request))
#126 /home3/elngbpzd/work.dia.ci/vendor/laravel/framework/src/Illuminate/Pipeline/Pipeline.php(208): Illuminate\\Http\\Middleware\\ValidatePathEncoding->handle(Object(Illuminate\\Http\\Request), Object(Closure))
#127 /home3/elngbpzd/work.dia.ci/vendor/laravel/framework/src/Illuminate/Pipeline/Pipeline.php(126): Illuminate\\Pipeline\\Pipeline->Illuminate\\Pipeline\\{closure}(Object(Illuminate\\Http\\Request))
#128 /home3/elngbpzd/work.dia.ci/vendor/laravel/framework/src/Illuminate/Foundation/Http/Kernel.php(175): Illuminate\\Pipeline\\Pipeline->then(Object(Closure))
#129 /home3/elngbpzd/work.dia.ci/vendor/laravel/framework/src/Illuminate/Foundation/Http/Kernel.php(144): Illuminate\\Foundation\\Http\\Kernel->sendRequestThroughRouter(Object(Illuminate\\Http\\Request))
#130 /home3/elngbpzd/work.dia.ci/vendor/laravel/framework/src/Illuminate/Foundation/Application.php(1219): Illuminate\\Foundation\\Http\\Kernel->handle(Object(Illuminate\\Http\\Request))
#131 /home3/elngbpzd/work.dia.ci/index.php(20): Illuminate\\Foundation\\Application->handleRequest(Object(Illuminate\\Http\\Request))
#132 {main}
"} 
[2025-06-10 09:43:19] production.INFO: GeniusToolsService - Creating QR Code {"data":{"name":"QR Code - Rokia Coulibaly","type":"url","url":"https://work.dia.ci/verification-employe/5NjsY2QYIxUDe5AZh1MeZ0LbyZy7wFvK","inner_eye_style":"square","outer_eye_style":"square","foreground_type":"gradient","foreground_gradient_style":"diagonal","foreground_gradient_one":"#3a5faa","foreground_gradient_two":"#324f88","background_color":"#FFFFFF","background_color_transparency":"0","custom_eyes_color":"1","eyes_inner_color":"#3a5faa","eyes_outer_color":"#324f88","size":"500","margin":"10","ecc":"H"}} 
[2025-06-10 09:43:20] production.INFO: GeniusToolsService - Create QR Code Response {"status":201,"body":{"data":{"id":660}}} 
[2025-06-10 09:43:20] production.INFO: GeniusToolsService - QR Code ID cached {"url":"https://work.dia.ci/verification-employe/5NjsY2QYIxUDe5AZh1MeZ0LbyZy7wFvK","name":"QR Code - Rokia Coulibaly","qr_code_id":660} 
[2025-06-10 09:43:20] production.INFO: EmployeurCarteService - QR code ID updated for employee {"employeur_id":"01974a33-0036-7133-9ff0-872028973ff6","qr_code_id":660} 
[2025-06-10 09:43:20] production.INFO: GeniusToolsService - Get QR Code Info {"qr_code_id":660,"status":200,"response":{"data":{"id":660,"name":"QR Code - Rokia Coulibaly","type":"url","qr_code":"https://linkqr.genius.ci/uploads/qr_code/e75e72088db0088118f02903303a229a.svg","qr_code_logo":"https://linkqr.genius.ci/uploads/qr_code_logo/e75e72088db0088118f02903303a229a.svg","settings":{"inner_eye_style":"square","outer_eye_style":"square","style":"square","foreground_type":"gradient","foreground_gradient_style":"diagonal","foreground_gradient_one":"#3a5faa","foreground_gradient_two":"#324f88","background_color":"#FFFFFF","background_color_transparency":0,"custom_eyes_color":true,"eyes_inner_color":"#3a5faa","eyes_outer_color":"#324f88","qr_code_logo_size":25,"size":500,"margin":10,"ecc":"H","url":"https://work.dia.ci/verification-employe/5NjsY2QYIxUDe5AZh1MeZ0LbyZy7wFvK"},"last_datetime":null,"datetime":"2025-06-10 09:43:20"}}} 
[2025-06-10 09:43:20] production.INFO: EmployeurCarteService - Using direct SVG URL for QR code {"employeur_id":"01974a33-0036-7133-9ff0-872028973ff6","qr_code_svg_url":"https://linkqr.genius.ci/uploads/qr_code/e75e72088db0088118f02903303a229a.svg"} 
[2025-06-10 09:43:20] production.WARNING: EmployeurCarteService - Failed to convert SVG to base64 {"employeur_id":"01974a33-0036-7133-9ff0-872028973ff6","message":"file_get_contents(): https:// wrapper is disabled in the server configuration by allow_url_fopen=0"} 
[2025-06-10 09:43:20] production.INFO: EmployeurCarteService - QR code URL generated for employee {"employeur_id":"01974a33-0036-7133-9ff0-872028973ff6","qr_code_url":"https://linkqr.genius.ci/uploads/qr_code/e75e72088db0088118f02903303a229a.svg"} 
[2025-06-10 09:43:20] production.INFO: EmployeurCarteService - Carte HTML générée avec succès {"employeur_id":"01974a33-0036-7133-9ff0-872028973ff6","filename":"carte-employe-rokia-coulibaly-1749548600.html"} 
[2025-06-10 09:43:42] production.INFO: GeniusToolsService - Creating QR Code {"data":{"name":"Site-01974a32-e51f-7349-8eb0-91221a457b32-QR","type":"url","url":"https://work.dia.ci/pointage/web/HhahNDexF26Fe9n2wywUDWdrxmifQ7uQ","inner_eye_style":"square","outer_eye_style":"square","foreground_type":"gradient","foreground_gradient_style":"diagonal","foreground_gradient_one":"#3a5faa","foreground_gradient_two":"#324f88","background_color":"#FFFFFF","background_color_transparency":"0","custom_eyes_color":"1","eyes_inner_color":"#3a5faa","eyes_outer_color":"#324f88","size":"500","margin":"10","ecc":"H"}} 
[2025-06-10 09:43:43] production.INFO: GeniusToolsService - Create QR Code Response {"status":201,"body":{"data":{"id":661}}} 
[2025-06-10 09:43:43] production.INFO: GeniusToolsService - QR Code ID cached {"url":"https://work.dia.ci/pointage/web/HhahNDexF26Fe9n2wywUDWdrxmifQ7uQ","name":"Site-01974a32-e51f-7349-8eb0-91221a457b32-QR","qr_code_id":661} 
[2025-06-10 09:43:43] production.INFO: GeniusToolsService - Get QR Code Info {"qr_code_id":661,"status":200,"response":{"data":{"id":661,"name":"Site-01974a32-e51f-7349-8eb0-91221a457b32-QR","type":"url","qr_code":"https://linkqr.genius.ci/uploads/qr_code/c8b32cb8303c0314d4fef6d3bef899ef.svg","qr_code_logo":"https://linkqr.genius.ci/uploads/qr_code_logo/c8b32cb8303c0314d4fef6d3bef899ef.svg","settings":{"inner_eye_style":"square","outer_eye_style":"square","style":"square","foreground_type":"gradient","foreground_gradient_style":"diagonal","foreground_gradient_one":"#3a5faa","foreground_gradient_two":"#324f88","background_color":"#FFFFFF","background_color_transparency":0,"custom_eyes_color":true,"eyes_inner_color":"#3a5faa","eyes_outer_color":"#324f88","qr_code_logo_size":25,"size":500,"margin":10,"ecc":"H","url":"https://work.dia.ci/pointage/web/HhahNDexF26Fe9n2wywUDWdrxmifQ7uQ"},"last_datetime":null,"datetime":"2025-06-10 09:43:42"}}} 
[2025-06-10 09:43:59] production.INFO: Requête de pointage physique reçue {"idno":"httpsM!!zork:diq:ci!pointqge!zeb!HhqhNDexFé-FeçnézyzUDZdrx,ifAèuA","token":"HhahNDexF26Fe9n2wywUDWdrxmifQ7uQ","methode_pointage":"qrcode_physique","pause":false,"lat":null,"lng":null} 
[2025-06-10 09:43:59] production.INFO: Pointage physique traité {"status":"error","message":"Identifiant employé non reconnu"} 
[2025-06-10 09:43:59] production.INFO: Pointage physique traité status {"status":"error"} 
[2025-06-10 09:45:08] production.INFO: GeniusToolsService - Creating QR Code {"data":{"name":"QR Code - Timothée Lacina","type":"url","url":"https://work.dia.ci/verification-employe/V27Ykx5QF0btTitjNmKrpf54Q7WUt1Br","inner_eye_style":"square","outer_eye_style":"square","foreground_type":"gradient","foreground_gradient_style":"diagonal","foreground_gradient_one":"#3a5faa","foreground_gradient_two":"#324f88","background_color":"#FFFFFF","background_color_transparency":"0","custom_eyes_color":"1","eyes_inner_color":"#3a5faa","eyes_outer_color":"#324f88","size":"500","margin":"10","ecc":"H"}} 
[2025-06-10 09:45:10] production.INFO: GeniusToolsService - Create QR Code Response {"status":201,"body":{"data":{"id":662}}} 
[2025-06-10 09:45:10] production.INFO: GeniusToolsService - QR Code ID cached {"url":"https://work.dia.ci/verification-employe/V27Ykx5QF0btTitjNmKrpf54Q7WUt1Br","name":"QR Code - Timothée Lacina","qr_code_id":662} 
[2025-06-10 09:45:10] production.INFO: EmployeurCarteService - QR code ID updated for employee {"employeur_id":"01975227-c9db-734c-95ad-b2651f3f6705","qr_code_id":662} 
[2025-06-10 09:45:11] production.INFO: GeniusToolsService - Get QR Code Info {"qr_code_id":662,"status":200,"response":{"data":{"id":662,"name":"QR Code - Timothée Lacina","type":"url","qr_code":"https://linkqr.genius.ci/uploads/qr_code/890ca2aef8ebd866d5f0b99c90d4d256.svg","qr_code_logo":"https://linkqr.genius.ci/uploads/qr_code_logo/890ca2aef8ebd866d5f0b99c90d4d256.svg","settings":{"inner_eye_style":"square","outer_eye_style":"square","style":"square","foreground_type":"gradient","foreground_gradient_style":"diagonal","foreground_gradient_one":"#3a5faa","foreground_gradient_two":"#324f88","background_color":"#FFFFFF","background_color_transparency":0,"custom_eyes_color":true,"eyes_inner_color":"#3a5faa","eyes_outer_color":"#324f88","qr_code_logo_size":25,"size":500,"margin":10,"ecc":"H","url":"https://work.dia.ci/verification-employe/V27Ykx5QF0btTitjNmKrpf54Q7WUt1Br"},"last_datetime":null,"datetime":"2025-06-10 09:45:08"}}} 
[2025-06-10 09:45:11] production.INFO: EmployeurCarteService - Using direct SVG URL for QR code {"employeur_id":"01975227-c9db-734c-95ad-b2651f3f6705","qr_code_svg_url":"https://linkqr.genius.ci/uploads/qr_code/890ca2aef8ebd866d5f0b99c90d4d256.svg"} 
[2025-06-10 09:45:11] production.WARNING: EmployeurCarteService - Failed to convert SVG to base64 {"employeur_id":"01975227-c9db-734c-95ad-b2651f3f6705","message":"file_get_contents(): https:// wrapper is disabled in the server configuration by allow_url_fopen=0"} 
[2025-06-10 09:45:11] production.INFO: EmployeurCarteService - QR code URL generated for employee {"employeur_id":"01975227-c9db-734c-95ad-b2651f3f6705","qr_code_url":"https://linkqr.genius.ci/uploads/qr_code/890ca2aef8ebd866d5f0b99c90d4d256.svg"} 
[2025-06-10 09:45:11] production.INFO: EmployeurCarteService - Carte HTML générée avec succès {"employeur_id":"01975227-c9db-734c-95ad-b2651f3f6705","filename":"carte-employe-timothee-lacina-1749548711.html"} 
[2025-06-10 09:45:13] production.INFO: GeniusToolsService - Creating QR Code {"data":{"name":"QR Code - Ramatou Bamba","type":"url","url":"https://work.dia.ci/verification-employe/ZQowNrFhlZ93YRbdsXKz3uuLbLMo0mVE","inner_eye_style":"square","outer_eye_style":"square","foreground_type":"gradient","foreground_gradient_style":"diagonal","foreground_gradient_one":"#3a5faa","foreground_gradient_two":"#324f88","background_color":"#FFFFFF","background_color_transparency":"0","custom_eyes_color":"1","eyes_inner_color":"#3a5faa","eyes_outer_color":"#324f88","size":"500","margin":"10","ecc":"H"}} 
[2025-06-10 09:45:14] production.INFO: GeniusToolsService - Create QR Code Response {"status":201,"body":{"data":{"id":663}}} 
[2025-06-10 09:45:14] production.INFO: GeniusToolsService - QR Code ID cached {"url":"https://work.dia.ci/verification-employe/ZQowNrFhlZ93YRbdsXKz3uuLbLMo0mVE","name":"QR Code - Ramatou Bamba","qr_code_id":663} 
[2025-06-10 09:45:14] production.INFO: EmployeurCarteService - QR code ID updated for employee {"employeur_id":"01975223-e712-73ac-8a95-cff5897b8478","qr_code_id":663} 
[2025-06-10 09:45:14] production.INFO: GeniusToolsService - Get QR Code Info {"qr_code_id":663,"status":200,"response":{"data":{"id":663,"name":"QR Code - Ramatou Bamba","type":"url","qr_code":"https://linkqr.genius.ci/uploads/qr_code/26a41febeba5ebc33ed5a31b1126861b.svg","qr_code_logo":"https://linkqr.genius.ci/uploads/qr_code_logo/26a41febeba5ebc33ed5a31b1126861b.svg","settings":{"inner_eye_style":"square","outer_eye_style":"square","style":"square","foreground_type":"gradient","foreground_gradient_style":"diagonal","foreground_gradient_one":"#3a5faa","foreground_gradient_two":"#324f88","background_color":"#FFFFFF","background_color_transparency":0,"custom_eyes_color":true,"eyes_inner_color":"#3a5faa","eyes_outer_color":"#324f88","qr_code_logo_size":25,"size":500,"margin":10,"ecc":"H","url":"https://work.dia.ci/verification-employe/ZQowNrFhlZ93YRbdsXKz3uuLbLMo0mVE"},"last_datetime":null,"datetime":"2025-06-10 09:45:14"}}} 
[2025-06-10 09:45:14] production.INFO: EmployeurCarteService - Using direct SVG URL for QR code {"employeur_id":"01975223-e712-73ac-8a95-cff5897b8478","qr_code_svg_url":"https://linkqr.genius.ci/uploads/qr_code/26a41febeba5ebc33ed5a31b1126861b.svg"} 
[2025-06-10 09:45:14] production.WARNING: EmployeurCarteService - Failed to convert SVG to base64 {"employeur_id":"01975223-e712-73ac-8a95-cff5897b8478","message":"file_get_contents(): https:// wrapper is disabled in the server configuration by allow_url_fopen=0"} 
[2025-06-10 09:45:14] production.INFO: EmployeurCarteService - QR code URL generated for employee {"employeur_id":"01975223-e712-73ac-8a95-cff5897b8478","qr_code_url":"https://linkqr.genius.ci/uploads/qr_code/26a41febeba5ebc33ed5a31b1126861b.svg"} 
[2025-06-10 09:45:14] production.INFO: EmployeurCarteService - Carte HTML générée avec succès {"employeur_id":"01975223-e712-73ac-8a95-cff5897b8478","filename":"carte-employe-ramatou-bamba-1749548714.html"} 
[2025-06-10 09:45:44] production.INFO: GeniusToolsService - Get QR Code Info {"qr_code_id":662,"status":200,"response":{"data":{"id":662,"name":"QR Code - Timothée Lacina","type":"url","qr_code":"https://linkqr.genius.ci/uploads/qr_code/890ca2aef8ebd866d5f0b99c90d4d256.svg","qr_code_logo":"https://linkqr.genius.ci/uploads/qr_code_logo/890ca2aef8ebd866d5f0b99c90d4d256.svg","settings":{"inner_eye_style":"square","outer_eye_style":"square","style":"square","foreground_type":"gradient","foreground_gradient_style":"diagonal","foreground_gradient_one":"#3a5faa","foreground_gradient_two":"#324f88","background_color":"#FFFFFF","background_color_transparency":0,"custom_eyes_color":true,"eyes_inner_color":"#3a5faa","eyes_outer_color":"#324f88","qr_code_logo_size":25,"size":500,"margin":10,"ecc":"H","url":"https://work.dia.ci/verification-employe/V27Ykx5QF0btTitjNmKrpf54Q7WUt1Br"},"last_datetime":null,"datetime":"2025-06-10 09:45:08"}}} 
[2025-06-10 09:45:44] production.INFO: GeniusToolsService - Get QR Code Info {"qr_code_id":662,"status":200,"response":{"data":{"id":662,"name":"QR Code - Timothée Lacina","type":"url","qr_code":"https://linkqr.genius.ci/uploads/qr_code/890ca2aef8ebd866d5f0b99c90d4d256.svg","qr_code_logo":"https://linkqr.genius.ci/uploads/qr_code_logo/890ca2aef8ebd866d5f0b99c90d4d256.svg","settings":{"inner_eye_style":"square","outer_eye_style":"square","style":"square","foreground_type":"gradient","foreground_gradient_style":"diagonal","foreground_gradient_one":"#3a5faa","foreground_gradient_two":"#324f88","background_color":"#FFFFFF","background_color_transparency":0,"custom_eyes_color":true,"eyes_inner_color":"#3a5faa","eyes_outer_color":"#324f88","qr_code_logo_size":25,"size":500,"margin":10,"ecc":"H","url":"https://work.dia.ci/verification-employe/V27Ykx5QF0btTitjNmKrpf54Q7WUt1Br"},"last_datetime":null,"datetime":"2025-06-10 09:45:08"}}} 
[2025-06-10 09:45:44] production.INFO: EmployeurCarteService - Using direct SVG URL for QR code {"employeur_id":"01975227-c9db-734c-95ad-b2651f3f6705","qr_code_svg_url":"https://linkqr.genius.ci/uploads/qr_code/890ca2aef8ebd866d5f0b99c90d4d256.svg"} 
[2025-06-10 09:45:44] production.WARNING: EmployeurCarteService - Failed to convert SVG to base64 {"employeur_id":"01975227-c9db-734c-95ad-b2651f3f6705","message":"file_get_contents(): https:// wrapper is disabled in the server configuration by allow_url_fopen=0"} 
[2025-06-10 09:45:44] production.INFO: EmployeurCarteService - QR code URL generated for employee {"employeur_id":"01975227-c9db-734c-95ad-b2651f3f6705","qr_code_url":"https://linkqr.genius.ci/uploads/qr_code/890ca2aef8ebd866d5f0b99c90d4d256.svg"} 
[2025-06-10 09:45:44] production.INFO: EmployeurCarteService - Carte HTML générée avec succès {"employeur_id":"01975227-c9db-734c-95ad-b2651f3f6705","filename":"carte-employe-timothee-lacina-1749548744.html"} 
[2025-06-10 09:45:47] production.INFO: GeniusToolsService - Get QR Code Info {"qr_code_id":663,"status":200,"response":{"data":{"id":663,"name":"QR Code - Ramatou Bamba","type":"url","qr_code":"https://linkqr.genius.ci/uploads/qr_code/26a41febeba5ebc33ed5a31b1126861b.svg","qr_code_logo":"https://linkqr.genius.ci/uploads/qr_code_logo/26a41febeba5ebc33ed5a31b1126861b.svg","settings":{"inner_eye_style":"square","outer_eye_style":"square","style":"square","foreground_type":"gradient","foreground_gradient_style":"diagonal","foreground_gradient_one":"#3a5faa","foreground_gradient_two":"#324f88","background_color":"#FFFFFF","background_color_transparency":0,"custom_eyes_color":true,"eyes_inner_color":"#3a5faa","eyes_outer_color":"#324f88","qr_code_logo_size":25,"size":500,"margin":10,"ecc":"H","url":"https://work.dia.ci/verification-employe/ZQowNrFhlZ93YRbdsXKz3uuLbLMo0mVE"},"last_datetime":null,"datetime":"2025-06-10 09:45:14"}}} 
[2025-06-10 09:45:47] production.INFO: GeniusToolsService - Get QR Code Info {"qr_code_id":663,"status":200,"response":{"data":{"id":663,"name":"QR Code - Ramatou Bamba","type":"url","qr_code":"https://linkqr.genius.ci/uploads/qr_code/26a41febeba5ebc33ed5a31b1126861b.svg","qr_code_logo":"https://linkqr.genius.ci/uploads/qr_code_logo/26a41febeba5ebc33ed5a31b1126861b.svg","settings":{"inner_eye_style":"square","outer_eye_style":"square","style":"square","foreground_type":"gradient","foreground_gradient_style":"diagonal","foreground_gradient_one":"#3a5faa","foreground_gradient_two":"#324f88","background_color":"#FFFFFF","background_color_transparency":0,"custom_eyes_color":true,"eyes_inner_color":"#3a5faa","eyes_outer_color":"#324f88","qr_code_logo_size":25,"size":500,"margin":10,"ecc":"H","url":"https://work.dia.ci/verification-employe/ZQowNrFhlZ93YRbdsXKz3uuLbLMo0mVE"},"last_datetime":null,"datetime":"2025-06-10 09:45:14"}}} 
[2025-06-10 09:45:47] production.INFO: EmployeurCarteService - Using direct SVG URL for QR code {"employeur_id":"01975223-e712-73ac-8a95-cff5897b8478","qr_code_svg_url":"https://linkqr.genius.ci/uploads/qr_code/26a41febeba5ebc33ed5a31b1126861b.svg"} 
[2025-06-10 09:45:47] production.WARNING: EmployeurCarteService - Failed to convert SVG to base64 {"employeur_id":"01975223-e712-73ac-8a95-cff5897b8478","message":"file_get_contents(): https:// wrapper is disabled in the server configuration by allow_url_fopen=0"} 
[2025-06-10 09:45:47] production.INFO: EmployeurCarteService - QR code URL generated for employee {"employeur_id":"01975223-e712-73ac-8a95-cff5897b8478","qr_code_url":"https://linkqr.genius.ci/uploads/qr_code/26a41febeba5ebc33ed5a31b1126861b.svg"} 
[2025-06-10 09:45:47] production.INFO: EmployeurCarteService - Carte HTML générée avec succès {"employeur_id":"01975223-e712-73ac-8a95-cff5897b8478","filename":"carte-employe-ramatou-bamba-1749548747.html"} 
[2025-06-10 09:45:49] production.INFO: GeniusToolsService - Creating QR Code {"data":{"name":"QR Code - Fidel Mondesir N'zoue","type":"url","url":"https://work.dia.ci/verification-employe/QS7d7wxclIihxUSwq2xtYnOjXTDW1tb4","inner_eye_style":"square","outer_eye_style":"square","foreground_type":"gradient","foreground_gradient_style":"diagonal","foreground_gradient_one":"#3a5faa","foreground_gradient_two":"#324f88","background_color":"#FFFFFF","background_color_transparency":"0","custom_eyes_color":"1","eyes_inner_color":"#3a5faa","eyes_outer_color":"#324f88","size":"500","margin":"10","ecc":"H"}} 
[2025-06-10 09:45:50] production.INFO: GeniusToolsService - Create QR Code Response {"status":201,"body":{"data":{"id":664}}} 
[2025-06-10 09:45:50] production.INFO: GeniusToolsService - QR Code ID cached {"url":"https://work.dia.ci/verification-employe/QS7d7wxclIihxUSwq2xtYnOjXTDW1tb4","name":"QR Code - Fidel Mondesir N'zoue","qr_code_id":664} 
[2025-06-10 09:45:50] production.INFO: EmployeurCarteService - QR code ID updated for employee {"employeur_id":"0197521b-e1d6-7054-8fba-1b880188438b","qr_code_id":664} 
[2025-06-10 09:45:50] production.INFO: GeniusToolsService - Get QR Code Info {"qr_code_id":664,"status":200,"response":{"data":{"id":664,"name":"QR Code - Fidel Mondesir N'zoue","type":"url","qr_code":"https://linkqr.genius.ci/uploads/qr_code/4a9ca9a35aacfdbba154390d50c46fe4.svg","qr_code_logo":"https://linkqr.genius.ci/uploads/qr_code_logo/4a9ca9a35aacfdbba154390d50c46fe4.svg","settings":{"inner_eye_style":"square","outer_eye_style":"square","style":"square","foreground_type":"gradient","foreground_gradient_style":"diagonal","foreground_gradient_one":"#3a5faa","foreground_gradient_two":"#324f88","background_color":"#FFFFFF","background_color_transparency":0,"custom_eyes_color":true,"eyes_inner_color":"#3a5faa","eyes_outer_color":"#324f88","qr_code_logo_size":25,"size":500,"margin":10,"ecc":"H","url":"https://work.dia.ci/verification-employe/QS7d7wxclIihxUSwq2xtYnOjXTDW1tb4"},"last_datetime":null,"datetime":"2025-06-10 09:45:50"}}} 
[2025-06-10 09:45:50] production.INFO: EmployeurCarteService - Using direct SVG URL for QR code {"employeur_id":"0197521b-e1d6-7054-8fba-1b880188438b","qr_code_svg_url":"https://linkqr.genius.ci/uploads/qr_code/4a9ca9a35aacfdbba154390d50c46fe4.svg"} 
[2025-06-10 09:45:50] production.WARNING: EmployeurCarteService - Failed to convert SVG to base64 {"employeur_id":"0197521b-e1d6-7054-8fba-1b880188438b","message":"file_get_contents(): https:// wrapper is disabled in the server configuration by allow_url_fopen=0"} 
[2025-06-10 09:45:50] production.INFO: EmployeurCarteService - QR code URL generated for employee {"employeur_id":"0197521b-e1d6-7054-8fba-1b880188438b","qr_code_url":"https://linkqr.genius.ci/uploads/qr_code/4a9ca9a35aacfdbba154390d50c46fe4.svg"} 
[2025-06-10 09:45:50] production.INFO: EmployeurCarteService - Carte HTML générée avec succès {"employeur_id":"0197521b-e1d6-7054-8fba-1b880188438b","filename":"carte-employe-fidel-mondesir-nzoue-1749548750.html"} 
[2025-06-10 09:45:52] production.INFO: GeniusToolsService - Creating QR Code {"data":{"name":"QR Code - Roxane Modjo","type":"url","url":"https://work.dia.ci/verification-employe/cane0OeXaiqijsSOoOyLk5xJYxZr3uo6","inner_eye_style":"square","outer_eye_style":"square","foreground_type":"gradient","foreground_gradient_style":"diagonal","foreground_gradient_one":"#3a5faa","foreground_gradient_two":"#324f88","background_color":"#FFFFFF","background_color_transparency":"0","custom_eyes_color":"1","eyes_inner_color":"#3a5faa","eyes_outer_color":"#324f88","size":"500","margin":"10","ecc":"H"}} 
[2025-06-10 09:45:53] production.INFO: GeniusToolsService - Create QR Code Response {"status":201,"body":{"data":{"id":665}}} 
[2025-06-10 09:45:53] production.INFO: GeniusToolsService - QR Code ID cached {"url":"https://work.dia.ci/verification-employe/cane0OeXaiqijsSOoOyLk5xJYxZr3uo6","name":"QR Code - Roxane Modjo","qr_code_id":665} 
[2025-06-10 09:45:53] production.INFO: EmployeurCarteService - QR code ID updated for employee {"employeur_id":"01975218-e6e9-703b-a005-3719ae0d67bb","qr_code_id":665} 
[2025-06-10 09:45:53] production.INFO: GeniusToolsService - Get QR Code Info {"qr_code_id":665,"status":200,"response":{"data":{"id":665,"name":"QR Code - Roxane Modjo","type":"url","qr_code":"https://linkqr.genius.ci/uploads/qr_code/a9c033d4214474455cec3cf1eb363b60.svg","qr_code_logo":"https://linkqr.genius.ci/uploads/qr_code_logo/a9c033d4214474455cec3cf1eb363b60.svg","settings":{"inner_eye_style":"square","outer_eye_style":"square","style":"square","foreground_type":"gradient","foreground_gradient_style":"diagonal","foreground_gradient_one":"#3a5faa","foreground_gradient_two":"#324f88","background_color":"#FFFFFF","background_color_transparency":0,"custom_eyes_color":true,"eyes_inner_color":"#3a5faa","eyes_outer_color":"#324f88","qr_code_logo_size":25,"size":500,"margin":10,"ecc":"H","url":"https://work.dia.ci/verification-employe/cane0OeXaiqijsSOoOyLk5xJYxZr3uo6"},"last_datetime":null,"datetime":"2025-06-10 09:45:53"}}} 
[2025-06-10 09:45:53] production.INFO: EmployeurCarteService - Using direct SVG URL for QR code {"employeur_id":"01975218-e6e9-703b-a005-3719ae0d67bb","qr_code_svg_url":"https://linkqr.genius.ci/uploads/qr_code/a9c033d4214474455cec3cf1eb363b60.svg"} 
[2025-06-10 09:45:53] production.WARNING: EmployeurCarteService - Failed to convert SVG to base64 {"employeur_id":"01975218-e6e9-703b-a005-3719ae0d67bb","message":"file_get_contents(): https:// wrapper is disabled in the server configuration by allow_url_fopen=0"} 
[2025-06-10 09:45:53] production.INFO: EmployeurCarteService - QR code URL generated for employee {"employeur_id":"01975218-e6e9-703b-a005-3719ae0d67bb","qr_code_url":"https://linkqr.genius.ci/uploads/qr_code/a9c033d4214474455cec3cf1eb363b60.svg"} 
[2025-06-10 09:45:53] production.INFO: EmployeurCarteService - Carte HTML générée avec succès {"employeur_id":"01975218-e6e9-703b-a005-3719ae0d67bb","filename":"carte-employe-roxane-modjo-1749548753.html"} 
[2025-06-10 09:45:55] production.INFO: GeniusToolsService - Creating QR Code {"data":{"name":"QR Code - Jérémie N'da","type":"url","url":"https://work.dia.ci/verification-employe/Ea308hp3ZoFk0GNMacR3d4IKZmWwbihG","inner_eye_style":"square","outer_eye_style":"square","foreground_type":"gradient","foreground_gradient_style":"diagonal","foreground_gradient_one":"#3a5faa","foreground_gradient_two":"#324f88","background_color":"#FFFFFF","background_color_transparency":"0","custom_eyes_color":"1","eyes_inner_color":"#3a5faa","eyes_outer_color":"#324f88","size":"500","margin":"10","ecc":"H"}} 
[2025-06-10 09:45:56] production.INFO: GeniusToolsService - Create QR Code Response {"status":201,"body":{"data":{"id":666}}} 
[2025-06-10 09:45:56] production.INFO: GeniusToolsService - QR Code ID cached {"url":"https://work.dia.ci/verification-employe/Ea308hp3ZoFk0GNMacR3d4IKZmWwbihG","name":"QR Code - Jérémie N'da","qr_code_id":666} 
[2025-06-10 09:45:56] production.INFO: EmployeurCarteService - QR code ID updated for employee {"employeur_id":"01975209-ec6f-705e-9b7c-01554b20cfe2","qr_code_id":666} 
[2025-06-10 09:45:56] production.INFO: GeniusToolsService - Get QR Code Info {"qr_code_id":666,"status":200,"response":{"data":{"id":666,"name":"QR Code - Jérémie N'da","type":"url","qr_code":"https://linkqr.genius.ci/uploads/qr_code/3e1c5bbc51e5fd43057bdd8658ef7d47.svg","qr_code_logo":"https://linkqr.genius.ci/uploads/qr_code_logo/3e1c5bbc51e5fd43057bdd8658ef7d47.svg","settings":{"inner_eye_style":"square","outer_eye_style":"square","style":"square","foreground_type":"gradient","foreground_gradient_style":"diagonal","foreground_gradient_one":"#3a5faa","foreground_gradient_two":"#324f88","background_color":"#FFFFFF","background_color_transparency":0,"custom_eyes_color":true,"eyes_inner_color":"#3a5faa","eyes_outer_color":"#324f88","qr_code_logo_size":25,"size":500,"margin":10,"ecc":"H","url":"https://work.dia.ci/verification-employe/Ea308hp3ZoFk0GNMacR3d4IKZmWwbihG"},"last_datetime":null,"datetime":"2025-06-10 09:45:56"}}} 
[2025-06-10 09:45:56] production.INFO: EmployeurCarteService - Using direct SVG URL for QR code {"employeur_id":"01975209-ec6f-705e-9b7c-01554b20cfe2","qr_code_svg_url":"https://linkqr.genius.ci/uploads/qr_code/3e1c5bbc51e5fd43057bdd8658ef7d47.svg"} 
[2025-06-10 09:45:56] production.WARNING: EmployeurCarteService - Failed to convert SVG to base64 {"employeur_id":"01975209-ec6f-705e-9b7c-01554b20cfe2","message":"file_get_contents(): https:// wrapper is disabled in the server configuration by allow_url_fopen=0"} 
[2025-06-10 09:45:56] production.INFO: EmployeurCarteService - QR code URL generated for employee {"employeur_id":"01975209-ec6f-705e-9b7c-01554b20cfe2","qr_code_url":"https://linkqr.genius.ci/uploads/qr_code/3e1c5bbc51e5fd43057bdd8658ef7d47.svg"} 
[2025-06-10 09:45:56] production.INFO: EmployeurCarteService - Carte HTML générée avec succès {"employeur_id":"01975209-ec6f-705e-9b7c-01554b20cfe2","filename":"carte-employe-jeremie-nda-1749548756.html"} 
[2025-06-10 09:46:08] production.INFO: Requête de pointage physique reçue {"idno":"httpsM!!zork:diq:ci!verificqtion)e,ploye!(NjsYéAYIxUDe(QWh&?eWàLbyWyèzFvK","token":"HhahNDexF26Fe9n2wywUDWdrxmifQ7uQ","methode_pointage":"qrcode_physique","pause":false,"lat":null,"lng":null} 
[2025-06-10 09:46:08] production.INFO: Pointage physique traité {"status":"error","message":"Identifiant employé non reconnu"} 
[2025-06-10 09:46:08] production.INFO: Pointage physique traité status {"status":"error"} 
[2025-06-10 09:47:37] production.INFO: GeniusToolsService - Creating QR Code {"data":{"name":"Site-01974a32-e51f-7349-8eb0-91221a457b32-QR","type":"url","url":"https://work.dia.ci/pointage/web/iXVVmWDtyKOiGzkILVVXDiDBoNkG6ZQy","inner_eye_style":"square","outer_eye_style":"square","foreground_type":"gradient","foreground_gradient_style":"diagonal","foreground_gradient_one":"#3a5faa","foreground_gradient_two":"#324f88","background_color":"#FFFFFF","background_color_transparency":"0","custom_eyes_color":"1","eyes_inner_color":"#3a5faa","eyes_outer_color":"#324f88","size":"500","margin":"10","ecc":"H"}} 
[2025-06-10 09:47:37] production.INFO: GeniusToolsService - Create QR Code Response {"status":201,"body":{"data":{"id":667}}} 
[2025-06-10 09:47:37] production.INFO: GeniusToolsService - QR Code ID cached {"url":"https://work.dia.ci/pointage/web/iXVVmWDtyKOiGzkILVVXDiDBoNkG6ZQy","name":"Site-01974a32-e51f-7349-8eb0-91221a457b32-QR","qr_code_id":667} 
[2025-06-10 09:47:37] production.INFO: GeniusToolsService - Get QR Code Info {"qr_code_id":667,"status":200,"response":{"data":{"id":667,"name":"Site-01974a32-e51f-7349-8eb0-91221a457b32-QR","type":"url","qr_code":"https://linkqr.genius.ci/uploads/qr_code/553129c0a685973e52fcf0d66b14e18c.svg","qr_code_logo":"https://linkqr.genius.ci/uploads/qr_code_logo/553129c0a685973e52fcf0d66b14e18c.svg","settings":{"inner_eye_style":"square","outer_eye_style":"square","style":"square","foreground_type":"gradient","foreground_gradient_style":"diagonal","foreground_gradient_one":"#3a5faa","foreground_gradient_two":"#324f88","background_color":"#FFFFFF","background_color_transparency":0,"custom_eyes_color":true,"eyes_inner_color":"#3a5faa","eyes_outer_color":"#324f88","qr_code_logo_size":25,"size":500,"margin":10,"ecc":"H","url":"https://work.dia.ci/pointage/web/iXVVmWDtyKOiGzkILVVXDiDBoNkG6ZQy"},"last_datetime":null,"datetime":"2025-06-10 09:47:37"}}} 
[2025-06-10 09:48:06] production.INFO: GeniusToolsService - Creating QR Code {"data":{"name":"Site-019751df-87c4-73bc-878a-0ac387df27bf-QR","type":"url","url":"https://work.dia.ci/pointage/web/EnieyNbFzPgKIFiHuo6mCVlQxgJtrHQZ","inner_eye_style":"square","outer_eye_style":"square","foreground_type":"gradient","foreground_gradient_style":"diagonal","foreground_gradient_one":"#3a5faa","foreground_gradient_two":"#324f88","background_color":"#FFFFFF","background_color_transparency":"0","custom_eyes_color":"1","eyes_inner_color":"#3a5faa","eyes_outer_color":"#324f88","size":"500","margin":"10","ecc":"H"}} 
[2025-06-10 09:48:08] production.INFO: GeniusToolsService - Create QR Code Response {"status":201,"body":{"data":{"id":668}}} 
[2025-06-10 09:48:08] production.INFO: GeniusToolsService - QR Code ID cached {"url":"https://work.dia.ci/pointage/web/EnieyNbFzPgKIFiHuo6mCVlQxgJtrHQZ","name":"Site-019751df-87c4-73bc-878a-0ac387df27bf-QR","qr_code_id":668} 
[2025-06-10 09:48:09] production.INFO: GeniusToolsService - Get QR Code Info {"qr_code_id":668,"status":200,"response":{"data":{"id":668,"name":"Site-019751df-87c4-73bc-878a-0ac387df27bf-QR","type":"url","qr_code":"https://linkqr.genius.ci/uploads/qr_code/13625e72d0dab846d4afc4666e6c6ccd.svg","qr_code_logo":"https://linkqr.genius.ci/uploads/qr_code_logo/13625e72d0dab846d4afc4666e6c6ccd.svg","settings":{"inner_eye_style":"square","outer_eye_style":"square","style":"square","foreground_type":"gradient","foreground_gradient_style":"diagonal","foreground_gradient_one":"#3a5faa","foreground_gradient_two":"#324f88","background_color":"#FFFFFF","background_color_transparency":0,"custom_eyes_color":true,"eyes_inner_color":"#3a5faa","eyes_outer_color":"#324f88","qr_code_logo_size":25,"size":500,"margin":10,"ecc":"H","url":"https://work.dia.ci/pointage/web/EnieyNbFzPgKIFiHuo6mCVlQxgJtrHQZ"},"last_datetime":null,"datetime":"2025-06-10 09:48:07"}}} 
[2025-06-10 09:49:26] production.INFO: Requête de pointage physique reçue {"idno":"Ea308hp3ZoFk0GNMacR3d4IKZmWwbihG","token":"EnieyNbFzPgKIFiHuo6mCVlQxgJtrHQZ","methode_pointage":"qrcode_physique","pause":false,"lat":null,"lng":null} 
[2025-06-10 09:49:26] production.INFO: Pointage physique traité {"status":"success","data":{"employee":"Jérémie N'da","type":"entree","time":"09:49:26","date":"10/06/2025","site":"GENIUS GROUPS Bonoumin","voice":"Bonjour Jérémie, bonne journée !","info_supplementaire":"","retard":1,"minutes_retard":-109.0,"minutes_travaillees":0,"minutes_supplementaires":0,"minutes_pause":0}} 
[2025-06-10 09:49:26] production.INFO: Pointage physique traité status {"status":"success"} 
[2025-06-10 09:49:26] production.INFO: Voice message generated {"message":"Bonjour Jérémie, bonne journée !"} 
[2025-06-10 09:49:35] production.INFO: GeniusToolsService - Creating QR Code {"data":{"name":"Site-019751df-87c4-73bc-878a-0ac387df27bf-QR","type":"url","url":"https://work.dia.ci/pointage/web/yiRTWnWmQdh0xgAYoiCz9xDA4SsfuqSJ","inner_eye_style":"square","outer_eye_style":"square","foreground_type":"gradient","foreground_gradient_style":"diagonal","foreground_gradient_one":"#3a5faa","foreground_gradient_two":"#324f88","background_color":"#FFFFFF","background_color_transparency":"0","custom_eyes_color":"1","eyes_inner_color":"#3a5faa","eyes_outer_color":"#324f88","size":"500","margin":"10","ecc":"H"}} 
[2025-06-10 09:49:35] production.INFO: GeniusToolsService - Create QR Code Response {"status":201,"body":{"data":{"id":669}}} 
[2025-06-10 09:49:35] production.INFO: GeniusToolsService - QR Code ID cached {"url":"https://work.dia.ci/pointage/web/yiRTWnWmQdh0xgAYoiCz9xDA4SsfuqSJ","name":"Site-019751df-87c4-73bc-878a-0ac387df27bf-QR","qr_code_id":669} 
[2025-06-10 09:49:35] production.INFO: GeniusToolsService - Get QR Code Info {"qr_code_id":669,"status":200,"response":{"data":{"id":669,"name":"Site-019751df-87c4-73bc-878a-0ac387df27bf-QR","type":"url","qr_code":"https://linkqr.genius.ci/uploads/qr_code/d5c78c282b4a19a7fe99641f9a6170b3.svg","qr_code_logo":"https://linkqr.genius.ci/uploads/qr_code_logo/d5c78c282b4a19a7fe99641f9a6170b3.svg","settings":{"inner_eye_style":"square","outer_eye_style":"square","style":"square","foreground_type":"gradient","foreground_gradient_style":"diagonal","foreground_gradient_one":"#3a5faa","foreground_gradient_two":"#324f88","background_color":"#FFFFFF","background_color_transparency":0,"custom_eyes_color":true,"eyes_inner_color":"#3a5faa","eyes_outer_color":"#324f88","qr_code_logo_size":25,"size":500,"margin":10,"ecc":"H","url":"https://work.dia.ci/pointage/web/yiRTWnWmQdh0xgAYoiCz9xDA4SsfuqSJ"},"last_datetime":null,"datetime":"2025-06-10 09:49:35"}}} 
[2025-06-10 09:49:37] production.INFO: Requête de pointage physique reçue {"idno":"cane0OeXaiqijsSOoOyLk5xJYxZr3uo6","token":"yiRTWnWmQdh0xgAYoiCz9xDA4SsfuqSJ","methode_pointage":"qrcode_physique","pause":false,"lat":null,"lng":null} 
[2025-06-10 09:49:37] production.INFO: Pointage physique traité {"status":"success","data":{"employee":"Roxane Modjo","type":"entree","time":"09:49:37","date":"10/06/2025","site":"GENIUS GROUPS Bonoumin","voice":"Bonjour Roxane, bonne journée !","info_supplementaire":"","retard":1,"minutes_retard":-109.0,"minutes_travaillees":0,"minutes_supplementaires":0,"minutes_pause":0}} 
[2025-06-10 09:49:37] production.INFO: Pointage physique traité status {"status":"success"} 
[2025-06-10 09:49:38] production.INFO: Voice message generated {"message":"Bonjour Roxane, bonne journée !"} 
[2025-06-10 09:49:45] production.INFO: GeniusToolsService - Creating QR Code {"data":{"name":"Site-019751df-87c4-73bc-878a-0ac387df27bf-QR","type":"url","url":"https://work.dia.ci/pointage/web/1XMun7Bd6alI71dPNGQ2BLGlPFH9W9Du","inner_eye_style":"square","outer_eye_style":"square","foreground_type":"gradient","foreground_gradient_style":"diagonal","foreground_gradient_one":"#3a5faa","foreground_gradient_two":"#324f88","background_color":"#FFFFFF","background_color_transparency":"0","custom_eyes_color":"1","eyes_inner_color":"#3a5faa","eyes_outer_color":"#324f88","size":"500","margin":"10","ecc":"H"}} 
[2025-06-10 09:49:46] production.INFO: GeniusToolsService - Create QR Code Response {"status":201,"body":{"data":{"id":670}}} 
[2025-06-10 09:49:46] production.INFO: GeniusToolsService - QR Code ID cached {"url":"https://work.dia.ci/pointage/web/1XMun7Bd6alI71dPNGQ2BLGlPFH9W9Du","name":"Site-019751df-87c4-73bc-878a-0ac387df27bf-QR","qr_code_id":670} 
[2025-06-10 09:49:46] production.INFO: GeniusToolsService - Get QR Code Info {"qr_code_id":670,"status":200,"response":{"data":{"id":670,"name":"Site-019751df-87c4-73bc-878a-0ac387df27bf-QR","type":"url","qr_code":"https://linkqr.genius.ci/uploads/qr_code/7b2183501d30e93046dacc73b7319293.svg","qr_code_logo":"https://linkqr.genius.ci/uploads/qr_code_logo/7b2183501d30e93046dacc73b7319293.svg","settings":{"inner_eye_style":"square","outer_eye_style":"square","style":"square","foreground_type":"gradient","foreground_gradient_style":"diagonal","foreground_gradient_one":"#3a5faa","foreground_gradient_two":"#324f88","background_color":"#FFFFFF","background_color_transparency":0,"custom_eyes_color":true,"eyes_inner_color":"#3a5faa","eyes_outer_color":"#324f88","qr_code_logo_size":25,"size":500,"margin":10,"ecc":"H","url":"https://work.dia.ci/pointage/web/1XMun7Bd6alI71dPNGQ2BLGlPFH9W9Du"},"last_datetime":null,"datetime":"2025-06-10 09:49:46"}}} 
[2025-06-10 09:49:48] production.INFO: Requête de pointage physique reçue {"idno":"QS7d7wxclIihxUSwq2xtYnOjXTDW1tb4","token":"1XMun7Bd6alI71dPNGQ2BLGlPFH9W9Du","methode_pointage":"qrcode_physique","pause":false,"lat":null,"lng":null} 
[2025-06-10 09:49:48] production.INFO: Pointage physique traité {"status":"success","data":{"employee":"Fidel Mondesir N'zoue","type":"entree","time":"09:49:48","date":"10/06/2025","site":"GENIUS GROUPS Bonoumin","voice":"Bonjour Fidel Mondesir, bonne journée !","info_supplementaire":"","retard":1,"minutes_retard":-109.0,"minutes_travaillees":0,"minutes_supplementaires":0,"minutes_pause":0}} 
[2025-06-10 09:49:48] production.INFO: Pointage physique traité status {"status":"success"} 
[2025-06-10 09:49:49] production.INFO: Voice message generated {"message":"Bonjour Fidel Mondesir, bonne journée !"} 
[2025-06-10 09:49:57] production.INFO: GeniusToolsService - Creating QR Code {"data":{"name":"Site-019751df-87c4-73bc-878a-0ac387df27bf-QR","type":"url","url":"https://work.dia.ci/pointage/web/7CgcecVBdsJ3qZAiAZO449zO9Gmt8SIJ","inner_eye_style":"square","outer_eye_style":"square","foreground_type":"gradient","foreground_gradient_style":"diagonal","foreground_gradient_one":"#3a5faa","foreground_gradient_two":"#324f88","background_color":"#FFFFFF","background_color_transparency":"0","custom_eyes_color":"1","eyes_inner_color":"#3a5faa","eyes_outer_color":"#324f88","size":"500","margin":"10","ecc":"H"}} 
[2025-06-10 09:49:58] production.INFO: GeniusToolsService - Create QR Code Response {"status":201,"body":{"data":{"id":671}}} 
[2025-06-10 09:49:58] production.INFO: GeniusToolsService - QR Code ID cached {"url":"https://work.dia.ci/pointage/web/7CgcecVBdsJ3qZAiAZO449zO9Gmt8SIJ","name":"Site-019751df-87c4-73bc-878a-0ac387df27bf-QR","qr_code_id":671} 
[2025-06-10 09:49:58] production.INFO: GeniusToolsService - Get QR Code Info {"qr_code_id":671,"status":200,"response":{"data":{"id":671,"name":"Site-019751df-87c4-73bc-878a-0ac387df27bf-QR","type":"url","qr_code":"https://linkqr.genius.ci/uploads/qr_code/6f82cff3a02bd0e6db0c0dee074c3775.svg","qr_code_logo":"https://linkqr.genius.ci/uploads/qr_code_logo/6f82cff3a02bd0e6db0c0dee074c3775.svg","settings":{"inner_eye_style":"square","outer_eye_style":"square","style":"square","foreground_type":"gradient","foreground_gradient_style":"diagonal","foreground_gradient_one":"#3a5faa","foreground_gradient_two":"#324f88","background_color":"#FFFFFF","background_color_transparency":0,"custom_eyes_color":true,"eyes_inner_color":"#3a5faa","eyes_outer_color":"#324f88","qr_code_logo_size":25,"size":500,"margin":10,"ecc":"H","url":"https://work.dia.ci/pointage/web/7CgcecVBdsJ3qZAiAZO449zO9Gmt8SIJ"},"last_datetime":null,"datetime":"2025-06-10 09:49:57"}}} 
[2025-06-10 09:49:59] production.INFO: Requête de pointage physique reçue {"idno":"bdsXKz3uuLbLMo0mVE","token":"7CgcecVBdsJ3qZAiAZO449zO9Gmt8SIJ","methode_pointage":"qrcode_physique","pause":false,"lat":null,"lng":null} 
[2025-06-10 09:49:59] production.INFO: Pointage physique traité {"status":"error","message":"Identifiant employé non reconnu"} 
[2025-06-10 09:49:59] production.INFO: Pointage physique traité status {"status":"error"} 
[2025-06-10 09:50:04] production.INFO: Requête de pointage physique reçue {"idno":"ZQowNrFhlZ93YRbdsXKz3uuLbLMo0mVE","token":"7CgcecVBdsJ3qZAiAZO449zO9Gmt8SIJ","methode_pointage":"qrcode_physique","pause":false,"lat":null,"lng":null} 
[2025-06-10 09:50:04] production.INFO: Pointage physique traité {"status":"success","data":{"employee":"Ramatou Bamba","type":"entree","time":"09:50:04","date":"10/06/2025","site":"GENIUS GROUPS Bonoumin","voice":"Bonjour Ramatou, bonne journée !","info_supplementaire":"","retard":1,"minutes_retard":-110.0,"minutes_travaillees":0,"minutes_supplementaires":0,"minutes_pause":0}} 
[2025-06-10 09:50:04] production.INFO: Pointage physique traité status {"status":"success"} 
[2025-06-10 09:50:04] production.INFO: Voice message generated {"message":"Bonjour Ramatou, bonne journée !"} 
[2025-06-10 09:50:12] production.INFO: GeniusToolsService - Creating QR Code {"data":{"name":"Site-019751df-87c4-73bc-878a-0ac387df27bf-QR","type":"url","url":"https://work.dia.ci/pointage/web/HS3VGWQEjDzaJVNddK6BKUBZmdoahLEF","inner_eye_style":"square","outer_eye_style":"square","foreground_type":"gradient","foreground_gradient_style":"diagonal","foreground_gradient_one":"#3a5faa","foreground_gradient_two":"#324f88","background_color":"#FFFFFF","background_color_transparency":"0","custom_eyes_color":"1","eyes_inner_color":"#3a5faa","eyes_outer_color":"#324f88","size":"500","margin":"10","ecc":"H"}} 
[2025-06-10 09:50:12] production.INFO: GeniusToolsService - Create QR Code Response {"status":201,"body":{"data":{"id":672}}} 
[2025-06-10 09:50:12] production.INFO: GeniusToolsService - QR Code ID cached {"url":"https://work.dia.ci/pointage/web/HS3VGWQEjDzaJVNddK6BKUBZmdoahLEF","name":"Site-019751df-87c4-73bc-878a-0ac387df27bf-QR","qr_code_id":672} 
[2025-06-10 09:50:12] production.INFO: GeniusToolsService - Get QR Code Info {"qr_code_id":672,"status":200,"response":{"data":{"id":672,"name":"Site-019751df-87c4-73bc-878a-0ac387df27bf-QR","type":"url","qr_code":"https://linkqr.genius.ci/uploads/qr_code/4e6856fe398a8b8ccef538a3e84d7e28.svg","qr_code_logo":"https://linkqr.genius.ci/uploads/qr_code_logo/4e6856fe398a8b8ccef538a3e84d7e28.svg","settings":{"inner_eye_style":"square","outer_eye_style":"square","style":"square","foreground_type":"gradient","foreground_gradient_style":"diagonal","foreground_gradient_one":"#3a5faa","foreground_gradient_two":"#324f88","background_color":"#FFFFFF","background_color_transparency":0,"custom_eyes_color":true,"eyes_inner_color":"#3a5faa","eyes_outer_color":"#324f88","qr_code_logo_size":25,"size":500,"margin":10,"ecc":"H","url":"https://work.dia.ci/pointage/web/HS3VGWQEjDzaJVNddK6BKUBZmdoahLEF"},"last_datetime":null,"datetime":"2025-06-10 09:50:12"}}} 
[2025-06-10 09:50:13] production.INFO: Requête de pointage physique reçue {"idno":"5QF0btTitjNmKrpf54Q7WUt1Br","token":"HS3VGWQEjDzaJVNddK6BKUBZmdoahLEF","methode_pointage":"qrcode_physique","pause":false,"lat":null,"lng":null} 
[2025-06-10 09:50:13] production.INFO: Pointage physique traité {"status":"error","message":"Identifiant employé non reconnu"} 
[2025-06-10 09:50:13] production.INFO: Pointage physique traité status {"status":"error"} 
[2025-06-10 09:50:18] production.INFO: Requête de pointage physique reçue {"idno":"V27Ykx5QF0btTitjNmKrpf54Q7WUt1Br","token":"HS3VGWQEjDzaJVNddK6BKUBZmdoahLEF","methode_pointage":"qrcode_physique","pause":false,"lat":null,"lng":null} 
[2025-06-10 09:50:18] production.INFO: Pointage physique traité {"status":"success","data":{"employee":"Timothée Lacina","type":"entree","time":"09:50:18","date":"10/06/2025","site":"GENIUS GROUPS Bonoumin","voice":"Bonjour Timothée, bonne journée !","info_supplementaire":"","retard":1,"minutes_retard":-110.0,"minutes_travaillees":0,"minutes_supplementaires":0,"minutes_pause":0}} 
[2025-06-10 09:50:18] production.INFO: Pointage physique traité status {"status":"success"} 
[2025-06-10 09:50:18] production.INFO: Voice message generated {"message":"Bonjour Timothée, bonne journée !"} 
[2025-06-10 09:50:26] production.INFO: GeniusToolsService - Creating QR Code {"data":{"name":"Site-019751df-87c4-73bc-878a-0ac387df27bf-QR","type":"url","url":"https://work.dia.ci/pointage/web/rhJuEMIH4MEIXwqdBeXsJoJBhCEp1CWZ","inner_eye_style":"square","outer_eye_style":"square","foreground_type":"gradient","foreground_gradient_style":"diagonal","foreground_gradient_one":"#3a5faa","foreground_gradient_two":"#324f88","background_color":"#FFFFFF","background_color_transparency":"0","custom_eyes_color":"1","eyes_inner_color":"#3a5faa","eyes_outer_color":"#324f88","size":"500","margin":"10","ecc":"H"}} 
[2025-06-10 09:50:27] production.INFO: GeniusToolsService - Create QR Code Response {"status":201,"body":{"data":{"id":673}}} 
[2025-06-10 09:50:27] production.INFO: GeniusToolsService - QR Code ID cached {"url":"https://work.dia.ci/pointage/web/rhJuEMIH4MEIXwqdBeXsJoJBhCEp1CWZ","name":"Site-019751df-87c4-73bc-878a-0ac387df27bf-QR","qr_code_id":673} 
[2025-06-10 09:50:27] production.INFO: GeniusToolsService - Get QR Code Info {"qr_code_id":673,"status":200,"response":{"data":{"id":673,"name":"Site-019751df-87c4-73bc-878a-0ac387df27bf-QR","type":"url","qr_code":"https://linkqr.genius.ci/uploads/qr_code/3ef073b0ddbfb3c1572896652e8a8899.svg","qr_code_logo":"https://linkqr.genius.ci/uploads/qr_code_logo/3ef073b0ddbfb3c1572896652e8a8899.svg","settings":{"inner_eye_style":"square","outer_eye_style":"square","style":"square","foreground_type":"gradient","foreground_gradient_style":"diagonal","foreground_gradient_one":"#3a5faa","foreground_gradient_two":"#324f88","background_color":"#FFFFFF","background_color_transparency":0,"custom_eyes_color":true,"eyes_inner_color":"#3a5faa","eyes_outer_color":"#324f88","qr_code_logo_size":25,"size":500,"margin":10,"ecc":"H","url":"https://work.dia.ci/pointage/web/rhJuEMIH4MEIXwqdBeXsJoJBhCEp1CWZ"},"last_datetime":null,"datetime":"2025-06-10 09:50:27"}}} 
[2025-06-10 09:55:35] production.INFO: GeniusToolsService - Creating QR Code {"data":{"name":"Site-01974a32-e51f-7349-8eb0-91221a457b32-QR","type":"url","url":"https://work.dia.ci/pointage/web/f0nY939sGyMHoLRMSOUdwN4QQ00MMXpx","inner_eye_style":"square","outer_eye_style":"square","foreground_type":"gradient","foreground_gradient_style":"diagonal","foreground_gradient_one":"#3a5faa","foreground_gradient_two":"#324f88","background_color":"#FFFFFF","background_color_transparency":"0","custom_eyes_color":"1","eyes_inner_color":"#3a5faa","eyes_outer_color":"#324f88","size":"500","margin":"10","ecc":"H"}} 
[2025-06-10 09:55:36] production.INFO: GeniusToolsService - Create QR Code Response {"status":201,"body":{"data":{"id":674}}} 
[2025-06-10 09:55:36] production.INFO: GeniusToolsService - QR Code ID cached {"url":"https://work.dia.ci/pointage/web/f0nY939sGyMHoLRMSOUdwN4QQ00MMXpx","name":"Site-01974a32-e51f-7349-8eb0-91221a457b32-QR","qr_code_id":674} 
[2025-06-10 09:55:36] production.INFO: GeniusToolsService - Get QR Code Info {"qr_code_id":674,"status":200,"response":{"data":{"id":674,"name":"Site-01974a32-e51f-7349-8eb0-91221a457b32-QR","type":"url","qr_code":"https://linkqr.genius.ci/uploads/qr_code/2fc98d7c5f58db63a8d2245ef798c2cd.svg","qr_code_logo":"https://linkqr.genius.ci/uploads/qr_code_logo/2fc98d7c5f58db63a8d2245ef798c2cd.svg","settings":{"inner_eye_style":"square","outer_eye_style":"square","style":"square","foreground_type":"gradient","foreground_gradient_style":"diagonal","foreground_gradient_one":"#3a5faa","foreground_gradient_two":"#324f88","background_color":"#FFFFFF","background_color_transparency":0,"custom_eyes_color":true,"eyes_inner_color":"#3a5faa","eyes_outer_color":"#324f88","qr_code_logo_size":25,"size":500,"margin":10,"ecc":"H","url":"https://work.dia.ci/pointage/web/f0nY939sGyMHoLRMSOUdwN4QQ00MMXpx"},"last_datetime":null,"datetime":"2025-06-10 09:55:36"}}} 
[2025-06-10 09:55:39] production.INFO: Requête de pointage physique reçue {"idno":"Zy7wFvK","token":"f0nY939sGyMHoLRMSOUdwN4QQ00MMXpx","methode_pointage":"qrcode_physique","pause":false,"lat":null,"lng":null} 
[2025-06-10 09:55:39] production.INFO: Pointage physique traité {"status":"error","message":"Identifiant employé non reconnu"} 
[2025-06-10 09:55:39] production.INFO: Pointage physique traité status {"status":"error"} 
[2025-06-10 09:56:20] production.INFO: GeniusToolsService - Creating QR Code {"data":{"name":"Site-01974a32-e51f-7349-8eb0-91221a457b32-QR","type":"url","url":"https://work.dia.ci/pointage/web/TMWYFNxe7fK3hUicDKZ96ClPaMc2MODJ","inner_eye_style":"square","outer_eye_style":"square","foreground_type":"gradient","foreground_gradient_style":"diagonal","foreground_gradient_one":"#3a5faa","foreground_gradient_two":"#324f88","background_color":"#FFFFFF","background_color_transparency":"0","custom_eyes_color":"1","eyes_inner_color":"#3a5faa","eyes_outer_color":"#324f88","size":"500","margin":"10","ecc":"H"}} 
[2025-06-10 09:56:20] production.INFO: GeniusToolsService - Create QR Code Response {"status":201,"body":{"data":{"id":675}}} 
[2025-06-10 09:56:20] production.INFO: GeniusToolsService - QR Code ID cached {"url":"https://work.dia.ci/pointage/web/TMWYFNxe7fK3hUicDKZ96ClPaMc2MODJ","name":"Site-01974a32-e51f-7349-8eb0-91221a457b32-QR","qr_code_id":675} 
[2025-06-10 09:56:21] production.INFO: GeniusToolsService - Get QR Code Info {"qr_code_id":675,"status":200,"response":{"data":{"id":675,"name":"Site-01974a32-e51f-7349-8eb0-91221a457b32-QR","type":"url","qr_code":"https://linkqr.genius.ci/uploads/qr_code/2aeedfdf633f23a58671506db6d2001d.svg","qr_code_logo":"https://linkqr.genius.ci/uploads/qr_code_logo/2aeedfdf633f23a58671506db6d2001d.svg","settings":{"inner_eye_style":"square","outer_eye_style":"square","style":"square","foreground_type":"gradient","foreground_gradient_style":"diagonal","foreground_gradient_one":"#3a5faa","foreground_gradient_two":"#324f88","background_color":"#FFFFFF","background_color_transparency":0,"custom_eyes_color":true,"eyes_inner_color":"#3a5faa","eyes_outer_color":"#324f88","qr_code_logo_size":25,"size":500,"margin":10,"ecc":"H","url":"https://work.dia.ci/pointage/web/TMWYFNxe7fK3hUicDKZ96ClPaMc2MODJ"},"last_datetime":null,"datetime":"2025-06-10 09:56:20"}}} 
[2025-06-10 09:56:39] production.INFO: Requête de pointage physique reçue {"idno":"QYIxUDe5AZh1MeZ0LbyZy7wFvK","token":"TMWYFNxe7fK3hUicDKZ96ClPaMc2MODJ","methode_pointage":"qrcode_physique","pause":false,"lat":null,"lng":null} 
[2025-06-10 09:56:39] production.INFO: Pointage physique traité {"status":"error","message":"Identifiant employé non reconnu"} 
[2025-06-10 09:56:39] production.INFO: Pointage physique traité status {"status":"error"} 
[2025-06-10 09:57:27] production.INFO: GeniusToolsService - Creating QR Code {"data":{"name":"QR Code - Axel Diby","type":"url","url":"https://work.dia.ci/verification-employe/C2h4tF009sTzqEBHw3FROoJ4mWUpIXB9","inner_eye_style":"square","outer_eye_style":"square","foreground_type":"gradient","foreground_gradient_style":"diagonal","foreground_gradient_one":"#3a5faa","foreground_gradient_two":"#324f88","background_color":"#FFFFFF","background_color_transparency":"0","custom_eyes_color":"1","eyes_inner_color":"#3a5faa","eyes_outer_color":"#324f88","size":"500","margin":"10","ecc":"H"}} 
[2025-06-10 09:57:27] production.INFO: GeniusToolsService - Create QR Code Response {"status":201,"body":{"data":{"id":676}}} 
[2025-06-10 09:57:27] production.INFO: GeniusToolsService - QR Code ID cached {"url":"https://work.dia.ci/verification-employe/C2h4tF009sTzqEBHw3FROoJ4mWUpIXB9","name":"QR Code - Axel Diby","qr_code_id":676} 
[2025-06-10 09:57:27] production.INFO: Employeur - QR code mis à jour avec succès {"employeur_id":"01974a3f-6d68-71d8-bc8b-a4ed4389e381","qr_code_id":676} 
[2025-06-10 09:57:33] production.INFO: GeniusToolsService - Get QR Code Info {"qr_code_id":676,"status":200,"response":{"data":{"id":676,"name":"QR Code - Axel Diby","type":"url","qr_code":"https://linkqr.genius.ci/uploads/qr_code/fd7fa89c59234ab942e95a523c874459.svg","qr_code_logo":"https://linkqr.genius.ci/uploads/qr_code_logo/fd7fa89c59234ab942e95a523c874459.svg","settings":{"inner_eye_style":"square","outer_eye_style":"square","style":"square","foreground_type":"gradient","foreground_gradient_style":"diagonal","foreground_gradient_one":"#3a5faa","foreground_gradient_two":"#324f88","background_color":"#FFFFFF","background_color_transparency":0,"custom_eyes_color":true,"eyes_inner_color":"#3a5faa","eyes_outer_color":"#324f88","qr_code_logo_size":25,"size":500,"margin":10,"ecc":"H","url":"https://work.dia.ci/verification-employe/C2h4tF009sTzqEBHw3FROoJ4mWUpIXB9"},"last_datetime":null,"datetime":"2025-06-10 09:57:27"}}} 
[2025-06-10 09:57:34] production.INFO: GeniusToolsService - Get QR Code Info {"qr_code_id":676,"status":200,"response":{"data":{"id":676,"name":"QR Code - Axel Diby","type":"url","qr_code":"https://linkqr.genius.ci/uploads/qr_code/fd7fa89c59234ab942e95a523c874459.svg","qr_code_logo":"https://linkqr.genius.ci/uploads/qr_code_logo/fd7fa89c59234ab942e95a523c874459.svg","settings":{"inner_eye_style":"square","outer_eye_style":"square","style":"square","foreground_type":"gradient","foreground_gradient_style":"diagonal","foreground_gradient_one":"#3a5faa","foreground_gradient_two":"#324f88","background_color":"#FFFFFF","background_color_transparency":0,"custom_eyes_color":true,"eyes_inner_color":"#3a5faa","eyes_outer_color":"#324f88","qr_code_logo_size":25,"size":500,"margin":10,"ecc":"H","url":"https://work.dia.ci/verification-employe/C2h4tF009sTzqEBHw3FROoJ4mWUpIXB9"},"last_datetime":null,"datetime":"2025-06-10 09:57:27"}}} 
[2025-06-10 09:57:34] production.INFO: EmployeurCarteService - Using direct SVG URL for QR code {"employeur_id":"01974a3f-6d68-71d8-bc8b-a4ed4389e381","qr_code_svg_url":"https://linkqr.genius.ci/uploads/qr_code/fd7fa89c59234ab942e95a523c874459.svg"} 
[2025-06-10 09:57:34] production.WARNING: EmployeurCarteService - Failed to convert SVG to base64 {"employeur_id":"01974a3f-6d68-71d8-bc8b-a4ed4389e381","message":"file_get_contents(): https:// wrapper is disabled in the server configuration by allow_url_fopen=0"} 
[2025-06-10 09:57:34] production.INFO: EmployeurCarteService - QR code URL generated for employee {"employeur_id":"01974a3f-6d68-71d8-bc8b-a4ed4389e381","qr_code_url":"https://linkqr.genius.ci/uploads/qr_code/fd7fa89c59234ab942e95a523c874459.svg"} 
[2025-06-10 09:57:34] production.INFO: EmployeurCarteService - Carte HTML générée avec succès {"employeur_id":"01974a3f-6d68-71d8-bc8b-a4ed4389e381","filename":"carte-employe-axel-diby-1749549454.html"} 
[2025-06-10 09:57:40] production.INFO: GeniusToolsService - Creating QR Code {"data":{"name":"QR Code - Rokia Coulibaly","type":"url","url":"https://work.dia.ci/verification-employe/jQKPdswido8VDs48BeP4EHIVFEDzwrpj","inner_eye_style":"square","outer_eye_style":"square","foreground_type":"gradient","foreground_gradient_style":"diagonal","foreground_gradient_one":"#3a5faa","foreground_gradient_two":"#324f88","background_color":"#FFFFFF","background_color_transparency":"0","custom_eyes_color":"1","eyes_inner_color":"#3a5faa","eyes_outer_color":"#324f88","size":"500","margin":"10","ecc":"H"}} 
[2025-06-10 09:57:41] production.INFO: GeniusToolsService - Create QR Code Response {"status":201,"body":{"data":{"id":677}}} 
[2025-06-10 09:57:41] production.INFO: GeniusToolsService - QR Code ID cached {"url":"https://work.dia.ci/verification-employe/jQKPdswido8VDs48BeP4EHIVFEDzwrpj","name":"QR Code - Rokia Coulibaly","qr_code_id":677} 
[2025-06-10 09:57:41] production.INFO: Employeur - QR code mis à jour avec succès {"employeur_id":"01974a33-0036-7133-9ff0-872028973ff6","qr_code_id":677} 
[2025-06-10 09:57:43] production.INFO: GeniusToolsService - Get QR Code Info {"qr_code_id":677,"status":200,"response":{"data":{"id":677,"name":"QR Code - Rokia Coulibaly","type":"url","qr_code":"https://linkqr.genius.ci/uploads/qr_code/a0cfbc40536cec910409969de4f26cbb.svg","qr_code_logo":"https://linkqr.genius.ci/uploads/qr_code_logo/a0cfbc40536cec910409969de4f26cbb.svg","settings":{"inner_eye_style":"square","outer_eye_style":"square","style":"square","foreground_type":"gradient","foreground_gradient_style":"diagonal","foreground_gradient_one":"#3a5faa","foreground_gradient_two":"#324f88","background_color":"#FFFFFF","background_color_transparency":0,"custom_eyes_color":true,"eyes_inner_color":"#3a5faa","eyes_outer_color":"#324f88","qr_code_logo_size":25,"size":500,"margin":10,"ecc":"H","url":"https://work.dia.ci/verification-employe/jQKPdswido8VDs48BeP4EHIVFEDzwrpj"},"last_datetime":null,"datetime":"2025-06-10 09:57:41"}}} 
[2025-06-10 09:57:43] production.INFO: GeniusToolsService - Get QR Code Info {"qr_code_id":677,"status":200,"response":{"data":{"id":677,"name":"QR Code - Rokia Coulibaly","type":"url","qr_code":"https://linkqr.genius.ci/uploads/qr_code/a0cfbc40536cec910409969de4f26cbb.svg","qr_code_logo":"https://linkqr.genius.ci/uploads/qr_code_logo/a0cfbc40536cec910409969de4f26cbb.svg","settings":{"inner_eye_style":"square","outer_eye_style":"square","style":"square","foreground_type":"gradient","foreground_gradient_style":"diagonal","foreground_gradient_one":"#3a5faa","foreground_gradient_two":"#324f88","background_color":"#FFFFFF","background_color_transparency":0,"custom_eyes_color":true,"eyes_inner_color":"#3a5faa","eyes_outer_color":"#324f88","qr_code_logo_size":25,"size":500,"margin":10,"ecc":"H","url":"https://work.dia.ci/verification-employe/jQKPdswido8VDs48BeP4EHIVFEDzwrpj"},"last_datetime":null,"datetime":"2025-06-10 09:57:41"}}} 
[2025-06-10 09:57:43] production.INFO: EmployeurCarteService - Using direct SVG URL for QR code {"employeur_id":"01974a33-0036-7133-9ff0-872028973ff6","qr_code_svg_url":"https://linkqr.genius.ci/uploads/qr_code/a0cfbc40536cec910409969de4f26cbb.svg"} 
[2025-06-10 09:57:43] production.WARNING: EmployeurCarteService - Failed to convert SVG to base64 {"employeur_id":"01974a33-0036-7133-9ff0-872028973ff6","message":"file_get_contents(): https:// wrapper is disabled in the server configuration by allow_url_fopen=0"} 
[2025-06-10 09:57:43] production.INFO: EmployeurCarteService - QR code URL generated for employee {"employeur_id":"01974a33-0036-7133-9ff0-872028973ff6","qr_code_url":"https://linkqr.genius.ci/uploads/qr_code/a0cfbc40536cec910409969de4f26cbb.svg"} 
[2025-06-10 09:57:43] production.INFO: EmployeurCarteService - Carte HTML générée avec succès {"employeur_id":"01974a33-0036-7133-9ff0-872028973ff6","filename":"carte-employe-rokia-coulibaly-1749549463.html"} 
[2025-06-10 09:58:05] production.INFO: Requête de pointage physique reçue {"idno":"C2h4tF009sTzqEBHw3FROoJ4mWUpIXB9","token":"TMWYFNxe7fK3hUicDKZ96ClPaMc2MODJ","methode_pointage":"qrcode_physique","pause":false,"lat":null,"lng":null} 
[2025-06-10 09:58:06] production.INFO: Pointage physique traité {"status":"success","data":{"employee":"Axel Diby","type":"entree","time":"09:58:06","date":"10/06/2025","site":"Entrepôt Logistique","voice":"Bonjour Axel, bonne journée !","info_supplementaire":"","retard":1,"minutes_retard":-118.0,"minutes_travaillees":0,"minutes_supplementaires":0,"minutes_pause":0}} 
[2025-06-10 09:58:06] production.INFO: Pointage physique traité status {"status":"success"} 
[2025-06-10 09:58:06] production.INFO: Voice message generated {"message":"Bonjour Axel, bonne journée !"} 
[2025-06-10 09:58:14] production.INFO: GeniusToolsService - Creating QR Code {"data":{"name":"Site-01974a32-e51f-7349-8eb0-91221a457b32-QR","type":"url","url":"https://work.dia.ci/pointage/web/laNgyrrSaH4KxEtpZTzolQ6YCaVqAUa3","inner_eye_style":"square","outer_eye_style":"square","foreground_type":"gradient","foreground_gradient_style":"diagonal","foreground_gradient_one":"#3a5faa","foreground_gradient_two":"#324f88","background_color":"#FFFFFF","background_color_transparency":"0","custom_eyes_color":"1","eyes_inner_color":"#3a5faa","eyes_outer_color":"#324f88","size":"500","margin":"10","ecc":"H"}} 
[2025-06-10 09:58:16] production.INFO: GeniusToolsService - Create QR Code Response {"status":201,"body":{"data":{"id":678}}} 
[2025-06-10 09:58:16] production.INFO: GeniusToolsService - QR Code ID cached {"url":"https://work.dia.ci/pointage/web/laNgyrrSaH4KxEtpZTzolQ6YCaVqAUa3","name":"Site-01974a32-e51f-7349-8eb0-91221a457b32-QR","qr_code_id":678} 
[2025-06-10 09:58:16] production.INFO: GeniusToolsService - Get QR Code Info {"qr_code_id":678,"status":200,"response":{"data":{"id":678,"name":"Site-01974a32-e51f-7349-8eb0-91221a457b32-QR","type":"url","qr_code":"https://linkqr.genius.ci/uploads/qr_code/c4433ec06b7ec412691a86206171343c.svg","qr_code_logo":"https://linkqr.genius.ci/uploads/qr_code_logo/c4433ec06b7ec412691a86206171343c.svg","settings":{"inner_eye_style":"square","outer_eye_style":"square","style":"square","foreground_type":"gradient","foreground_gradient_style":"diagonal","foreground_gradient_one":"#3a5faa","foreground_gradient_two":"#324f88","background_color":"#FFFFFF","background_color_transparency":0,"custom_eyes_color":true,"eyes_inner_color":"#3a5faa","eyes_outer_color":"#324f88","qr_code_logo_size":25,"size":500,"margin":10,"ecc":"H","url":"https://work.dia.ci/pointage/web/laNgyrrSaH4KxEtpZTzolQ6YCaVqAUa3"},"last_datetime":null,"datetime":"2025-06-10 09:58:15"}}} 
[2025-06-10 09:59:01] production.INFO: Requête de pointage physique reçue {"idno":"C2h4tF009sTzqEBHw3FROoJ4mWUpIXB9","token":"laNgyrrSaH4KxEtpZTzolQ6YCaVqAUa3","methode_pointage":"qrcode_physique","pause":false,"lat":null,"lng":null} 
[2025-06-10 09:59:01] production.INFO: Pointage physique traité {"status":"success","data":{"employee":"Axel Diby","type":"sortie","time":"09:59:01","date":"10/06/2025","site":"Entrepôt Logistique","voice":"Au revoir Axel, bonne journée !","info_supplementaire":"Temps de travail: 0h0min","retard":1,"minutes_retard":-118,"minutes_travaillees":0.92689395000000007751594921501236967742443084716796875,"minutes_supplementaires":0,"minutes_pause":0}} 
[2025-06-10 09:59:01] production.INFO: Pointage physique traité status {"status":"success"} 
[2025-06-10 09:59:02] production.INFO: Voice message generated {"message":"Au revoir Axel, bonne journée !"} 
[2025-06-10 09:59:10] production.INFO: GeniusToolsService - Creating QR Code {"data":{"name":"Site-01974a32-e51f-7349-8eb0-91221a457b32-QR","type":"url","url":"https://work.dia.ci/pointage/web/X5R3X3d3NOTcIEKDidixuI7NiLQSDDnn","inner_eye_style":"square","outer_eye_style":"square","foreground_type":"gradient","foreground_gradient_style":"diagonal","foreground_gradient_one":"#3a5faa","foreground_gradient_two":"#324f88","background_color":"#FFFFFF","background_color_transparency":"0","custom_eyes_color":"1","eyes_inner_color":"#3a5faa","eyes_outer_color":"#324f88","size":"500","margin":"10","ecc":"H"}} 
[2025-06-10 09:59:10] production.INFO: GeniusToolsService - Create QR Code Response {"status":201,"body":{"data":{"id":679}}} 
[2025-06-10 09:59:10] production.INFO: GeniusToolsService - QR Code ID cached {"url":"https://work.dia.ci/pointage/web/X5R3X3d3NOTcIEKDidixuI7NiLQSDDnn","name":"Site-01974a32-e51f-7349-8eb0-91221a457b32-QR","qr_code_id":679} 
[2025-06-10 09:59:10] production.INFO: GeniusToolsService - Get QR Code Info {"qr_code_id":679,"status":200,"response":{"data":{"id":679,"name":"Site-01974a32-e51f-7349-8eb0-91221a457b32-QR","type":"url","qr_code":"https://linkqr.genius.ci/uploads/qr_code/48a96f69619998d02cceb65ddbacb327.svg","qr_code_logo":"https://linkqr.genius.ci/uploads/qr_code_logo/48a96f69619998d02cceb65ddbacb327.svg","settings":{"inner_eye_style":"square","outer_eye_style":"square","style":"square","foreground_type":"gradient","foreground_gradient_style":"diagonal","foreground_gradient_one":"#3a5faa","foreground_gradient_two":"#324f88","background_color":"#FFFFFF","background_color_transparency":0,"custom_eyes_color":true,"eyes_inner_color":"#3a5faa","eyes_outer_color":"#324f88","qr_code_logo_size":25,"size":500,"margin":10,"ecc":"H","url":"https://work.dia.ci/pointage/web/X5R3X3d3NOTcIEKDidixuI7NiLQSDDnn"},"last_datetime":null,"datetime":"2025-06-10 09:59:10"}}} 
[2025-06-10 10:00:17] production.INFO: GeniusToolsService - Creating QR Code {"data":{"name":"Site-01974a32-e51f-7349-8eb0-91221a457b32-QR","type":"url","url":"https://work.dia.ci/pointage/web/z2gn71SI0Yt0pKrbhZNRzHnjxqwMDby8","inner_eye_style":"square","outer_eye_style":"square","foreground_type":"gradient","foreground_gradient_style":"diagonal","foreground_gradient_one":"#3a5faa","foreground_gradient_two":"#324f88","background_color":"#FFFFFF","background_color_transparency":"0","custom_eyes_color":"1","eyes_inner_color":"#3a5faa","eyes_outer_color":"#324f88","size":"500","margin":"10","ecc":"H"}} 
[2025-06-10 10:00:17] production.INFO: GeniusToolsService - Create QR Code Response {"status":201,"body":{"data":{"id":680}}} 
[2025-06-10 10:00:17] production.INFO: GeniusToolsService - QR Code ID cached {"url":"https://work.dia.ci/pointage/web/z2gn71SI0Yt0pKrbhZNRzHnjxqwMDby8","name":"Site-01974a32-e51f-7349-8eb0-91221a457b32-QR","qr_code_id":680} 
[2025-06-10 10:00:17] production.INFO: GeniusToolsService - Get QR Code Info {"qr_code_id":680,"status":200,"response":{"data":{"id":680,"name":"Site-01974a32-e51f-7349-8eb0-91221a457b32-QR","type":"url","qr_code":"https://linkqr.genius.ci/uploads/qr_code/5cfa961d20bc0e1c8fd95f062f3094c3.svg","qr_code_logo":"https://linkqr.genius.ci/uploads/qr_code_logo/5cfa961d20bc0e1c8fd95f062f3094c3.svg","settings":{"inner_eye_style":"square","outer_eye_style":"square","style":"square","foreground_type":"gradient","foreground_gradient_style":"diagonal","foreground_gradient_one":"#3a5faa","foreground_gradient_two":"#324f88","background_color":"#FFFFFF","background_color_transparency":0,"custom_eyes_color":true,"eyes_inner_color":"#3a5faa","eyes_outer_color":"#324f88","qr_code_logo_size":25,"size":500,"margin":10,"ecc":"H","url":"https://work.dia.ci/pointage/web/z2gn71SI0Yt0pKrbhZNRzHnjxqwMDby8"},"last_datetime":null,"datetime":"2025-06-10 10:00:17"}}} 
[2025-06-10 10:00:20] production.INFO: Requête de pointage physique reçue {"idno":"jQKPdswido8VDs48BeP4EHIVFEDzwrpj","token":"z2gn71SI0Yt0pKrbhZNRzHnjxqwMDby8","methode_pointage":"qrcode_physique","pause":false,"lat":null,"lng":null} 
[2025-06-10 10:00:20] production.INFO: Pointage physique traité {"status":"success","data":{"employee":"Rokia Coulibaly","type":"entree","time":"10:00:20","date":"10/06/2025","site":"Entrepôt Logistique","voice":"Bonjour Rokia, bonne journée !","info_supplementaire":"","retard":1,"minutes_retard":-120.0,"minutes_travaillees":0,"minutes_supplementaires":0,"minutes_pause":0}} 
[2025-06-10 10:00:20] production.INFO: Pointage physique traité status {"status":"success"} 
[2025-06-10 10:00:21] production.INFO: Voice message generated {"message":"Bonjour Rokia, bonne journée !"} 
[2025-06-10 10:00:29] production.INFO: GeniusToolsService - Creating QR Code {"data":{"name":"Site-01974a32-e51f-7349-8eb0-91221a457b32-QR","type":"url","url":"https://work.dia.ci/pointage/web/TZVUPw5lVoTPiHoMIDTZYbq5T9qCWD76","inner_eye_style":"square","outer_eye_style":"square","foreground_type":"gradient","foreground_gradient_style":"diagonal","foreground_gradient_one":"#3a5faa","foreground_gradient_two":"#324f88","background_color":"#FFFFFF","background_color_transparency":"0","custom_eyes_color":"1","eyes_inner_color":"#3a5faa","eyes_outer_color":"#324f88","size":"500","margin":"10","ecc":"H"}} 
[2025-06-10 10:00:29] production.INFO: GeniusToolsService - Create QR Code Response {"status":201,"body":{"data":{"id":681}}} 
[2025-06-10 10:00:29] production.INFO: GeniusToolsService - QR Code ID cached {"url":"https://work.dia.ci/pointage/web/TZVUPw5lVoTPiHoMIDTZYbq5T9qCWD76","name":"Site-01974a32-e51f-7349-8eb0-91221a457b32-QR","qr_code_id":681} 
[2025-06-10 10:00:29] production.INFO: GeniusToolsService - Get QR Code Info {"qr_code_id":681,"status":200,"response":{"data":{"id":681,"name":"Site-01974a32-e51f-7349-8eb0-91221a457b32-QR","type":"url","qr_code":"https://linkqr.genius.ci/uploads/qr_code/0404c1a5f7b902cb0f1680ab5243700c.svg","qr_code_logo":"https://linkqr.genius.ci/uploads/qr_code_logo/0404c1a5f7b902cb0f1680ab5243700c.svg","settings":{"inner_eye_style":"square","outer_eye_style":"square","style":"square","foreground_type":"gradient","foreground_gradient_style":"diagonal","foreground_gradient_one":"#3a5faa","foreground_gradient_two":"#324f88","background_color":"#FFFFFF","background_color_transparency":0,"custom_eyes_color":true,"eyes_inner_color":"#3a5faa","eyes_outer_color":"#324f88","qr_code_logo_size":25,"size":500,"margin":10,"ecc":"H","url":"https://work.dia.ci/pointage/web/TZVUPw5lVoTPiHoMIDTZYbq5T9qCWD76"},"last_datetime":null,"datetime":"2025-06-10 10:00:29"}}} 
[2025-06-10 10:00:37] production.INFO: GeniusToolsService - Creating QR Code {"data":{"name":"QR Code - Aminata Konaté","type":"url","url":"https://work.dia.ci/verification-employe/3pIZQYFIfbGlmympSwaTfW4HzOXOQM0l","inner_eye_style":"square","outer_eye_style":"square","foreground_type":"gradient","foreground_gradient_style":"diagonal","foreground_gradient_one":"#3a5faa","foreground_gradient_two":"#324f88","background_color":"#FFFFFF","background_color_transparency":"0","custom_eyes_color":"1","eyes_inner_color":"#3a5faa","eyes_outer_color":"#324f88","size":"500","margin":"10","ecc":"H"}} 
[2025-06-10 10:00:38] production.INFO: GeniusToolsService - Create QR Code Response {"status":201,"body":{"data":{"id":682}}} 
[2025-06-10 10:00:38] production.INFO: GeniusToolsService - QR Code ID cached {"url":"https://work.dia.ci/verification-employe/3pIZQYFIfbGlmympSwaTfW4HzOXOQM0l","name":"QR Code - Aminata Konaté","qr_code_id":682} 
[2025-06-10 10:00:38] production.INFO: EmployeurCarteService - QR code ID updated for employee {"employeur_id":"01974a32-fe5e-700c-bb55-34dfcb68b154","qr_code_id":682} 
[2025-06-10 10:00:38] production.INFO: GeniusToolsService - Get QR Code Info {"qr_code_id":682,"status":200,"response":{"data":{"id":682,"name":"QR Code - Aminata Konaté","type":"url","qr_code":"https://linkqr.genius.ci/uploads/qr_code/c97f0cfd915ef55282b750dc5db2dab1.svg","qr_code_logo":"https://linkqr.genius.ci/uploads/qr_code_logo/c97f0cfd915ef55282b750dc5db2dab1.svg","settings":{"inner_eye_style":"square","outer_eye_style":"square","style":"square","foreground_type":"gradient","foreground_gradient_style":"diagonal","foreground_gradient_one":"#3a5faa","foreground_gradient_two":"#324f88","background_color":"#FFFFFF","background_color_transparency":0,"custom_eyes_color":true,"eyes_inner_color":"#3a5faa","eyes_outer_color":"#324f88","qr_code_logo_size":25,"size":500,"margin":10,"ecc":"H","url":"https://work.dia.ci/verification-employe/3pIZQYFIfbGlmympSwaTfW4HzOXOQM0l"},"last_datetime":null,"datetime":"2025-06-10 10:00:37"}}} 
[2025-06-10 10:00:38] production.INFO: EmployeurCarteService - Using direct SVG URL for QR code {"employeur_id":"01974a32-fe5e-700c-bb55-34dfcb68b154","qr_code_svg_url":"https://linkqr.genius.ci/uploads/qr_code/c97f0cfd915ef55282b750dc5db2dab1.svg"} 
[2025-06-10 10:00:38] production.WARNING: EmployeurCarteService - Failed to convert SVG to base64 {"employeur_id":"01974a32-fe5e-700c-bb55-34dfcb68b154","message":"file_get_contents(): https:// wrapper is disabled in the server configuration by allow_url_fopen=0"} 
[2025-06-10 10:00:38] production.INFO: EmployeurCarteService - QR code URL generated for employee {"employeur_id":"01974a32-fe5e-700c-bb55-34dfcb68b154","qr_code_url":"https://linkqr.genius.ci/uploads/qr_code/c97f0cfd915ef55282b750dc5db2dab1.svg"} 
[2025-06-10 10:00:38] production.INFO: EmployeurCarteService - Carte HTML générée avec succès {"employeur_id":"01974a32-fe5e-700c-bb55-34dfcb68b154","filename":"carte-employe-aminata-konate-1749549638.html"} 
[2025-06-10 10:01:16] production.INFO: GeniusToolsService - Creating QR Code {"data":{"name":"Site-01974a32-e51f-7349-8eb0-91221a457b32-QR","type":"url","url":"https://work.dia.ci/pointage/web/XMEZqHG5OsVqmcKEH9E2057TvfGDVhI2","inner_eye_style":"square","outer_eye_style":"square","foreground_type":"gradient","foreground_gradient_style":"diagonal","foreground_gradient_one":"#3a5faa","foreground_gradient_two":"#324f88","background_color":"#FFFFFF","background_color_transparency":"0","custom_eyes_color":"1","eyes_inner_color":"#3a5faa","eyes_outer_color":"#324f88","size":"500","margin":"10","ecc":"H"}} 
[2025-06-10 10:01:17] production.INFO: GeniusToolsService - Create QR Code Response {"status":201,"body":{"data":{"id":683}}} 
[2025-06-10 10:01:17] production.INFO: GeniusToolsService - QR Code ID cached {"url":"https://work.dia.ci/pointage/web/XMEZqHG5OsVqmcKEH9E2057TvfGDVhI2","name":"Site-01974a32-e51f-7349-8eb0-91221a457b32-QR","qr_code_id":683} 
[2025-06-10 10:01:17] production.INFO: GeniusToolsService - Get QR Code Info {"qr_code_id":683,"status":200,"response":{"data":{"id":683,"name":"Site-01974a32-e51f-7349-8eb0-91221a457b32-QR","type":"url","qr_code":"https://linkqr.genius.ci/uploads/qr_code/6f3dce1f0a1c6689c02f793a8c4e1abf.svg","qr_code_logo":"https://linkqr.genius.ci/uploads/qr_code_logo/6f3dce1f0a1c6689c02f793a8c4e1abf.svg","settings":{"inner_eye_style":"square","outer_eye_style":"square","style":"square","foreground_type":"gradient","foreground_gradient_style":"diagonal","foreground_gradient_one":"#3a5faa","foreground_gradient_two":"#324f88","background_color":"#FFFFFF","background_color_transparency":0,"custom_eyes_color":true,"eyes_inner_color":"#3a5faa","eyes_outer_color":"#324f88","qr_code_logo_size":25,"size":500,"margin":10,"ecc":"H","url":"https://work.dia.ci/pointage/web/XMEZqHG5OsVqmcKEH9E2057TvfGDVhI2"},"last_datetime":null,"datetime":"2025-06-10 10:01:17"}}} 
[2025-06-10 10:01:19] production.INFO: Requête de pointage physique reçue {"idno":"3pIZQYFIfbGlmympSwaTfW4HzOXOQM0l","token":"XMEZqHG5OsVqmcKEH9E2057TvfGDVhI2","methode_pointage":"qrcode_physique","pause":false,"lat":null,"lng":null} 
[2025-06-10 10:01:19] production.INFO: Pointage physique traité {"status":"success","data":{"employee":"Aminata Konaté","type":"entree","time":"10:01:19","date":"10/06/2025","site":"Entrepôt Logistique","voice":"Bonjour Aminata, bonne journée !","info_supplementaire":"","retard":1,"minutes_retard":-121.0,"minutes_travaillees":0,"minutes_supplementaires":0,"minutes_pause":0}} 
[2025-06-10 10:01:19] production.INFO: Pointage physique traité status {"status":"success"} 
[2025-06-10 10:01:20] production.INFO: Voice message generated {"message":"Bonjour Aminata, bonne journée !"} 
[2025-06-10 10:01:28] production.INFO: GeniusToolsService - Creating QR Code {"data":{"name":"Site-01974a32-e51f-7349-8eb0-91221a457b32-QR","type":"url","url":"https://work.dia.ci/pointage/web/sewgl7MPnKTqBjBkoTdIPCVX2jinAeih","inner_eye_style":"square","outer_eye_style":"square","foreground_type":"gradient","foreground_gradient_style":"diagonal","foreground_gradient_one":"#3a5faa","foreground_gradient_two":"#324f88","background_color":"#FFFFFF","background_color_transparency":"0","custom_eyes_color":"1","eyes_inner_color":"#3a5faa","eyes_outer_color":"#324f88","size":"500","margin":"10","ecc":"H"}} 
[2025-06-10 10:01:28] production.INFO: GeniusToolsService - Create QR Code Response {"status":201,"body":{"data":{"id":684}}} 
[2025-06-10 10:01:28] production.INFO: GeniusToolsService - QR Code ID cached {"url":"https://work.dia.ci/pointage/web/sewgl7MPnKTqBjBkoTdIPCVX2jinAeih","name":"Site-01974a32-e51f-7349-8eb0-91221a457b32-QR","qr_code_id":684} 
[2025-06-10 10:01:28] production.INFO: GeniusToolsService - Get QR Code Info {"qr_code_id":684,"status":200,"response":{"data":{"id":684,"name":"Site-01974a32-e51f-7349-8eb0-91221a457b32-QR","type":"url","qr_code":"https://linkqr.genius.ci/uploads/qr_code/74b2e5e18bcf6bc8f3636f364871414a.svg","qr_code_logo":"https://linkqr.genius.ci/uploads/qr_code_logo/74b2e5e18bcf6bc8f3636f364871414a.svg","settings":{"inner_eye_style":"square","outer_eye_style":"square","style":"square","foreground_type":"gradient","foreground_gradient_style":"diagonal","foreground_gradient_one":"#3a5faa","foreground_gradient_two":"#324f88","background_color":"#FFFFFF","background_color_transparency":0,"custom_eyes_color":true,"eyes_inner_color":"#3a5faa","eyes_outer_color":"#324f88","qr_code_logo_size":25,"size":500,"margin":10,"ecc":"H","url":"https://work.dia.ci/pointage/web/sewgl7MPnKTqBjBkoTdIPCVX2jinAeih"},"last_datetime":null,"datetime":"2025-06-10 10:01:28"}}} 
[2025-06-10 10:01:35] production.INFO: Requête de pointage physique reçue {"idno":"3pIZQYFIfbGlmympSwaTfW4HzOXOQM0l","token":"sewgl7MPnKTqBjBkoTdIPCVX2jinAeih","methode_pointage":"qrcode_physique","pause":false,"lat":null,"lng":null} 
[2025-06-10 10:01:35] production.INFO: Pointage physique traité {"status":"success","data":{"employee":"Aminata Konaté","type":"sortie","time":"10:01:35","date":"10/06/2025","site":"Entrepôt Logistique","voice":"Au revoir Aminata, bonne journée !","info_supplementaire":"Temps de travail: 0h0min","retard":1,"minutes_retard":-121,"minutes_travaillees":0.2796766166666666553197728717350400984287261962890625,"minutes_supplementaires":0,"minutes_pause":0}} 
[2025-06-10 10:01:35] production.INFO: Pointage physique traité status {"status":"success"} 
[2025-06-10 10:01:36] production.INFO: Voice message generated {"message":"Au revoir Aminata, bonne journée !"} 
[2025-06-10 10:01:44] production.INFO: GeniusToolsService - Creating QR Code {"data":{"name":"Site-01974a32-e51f-7349-8eb0-91221a457b32-QR","type":"url","url":"https://work.dia.ci/pointage/web/13jthqvZ20pIbQcEY512XEEbjRCANJ6U","inner_eye_style":"square","outer_eye_style":"square","foreground_type":"gradient","foreground_gradient_style":"diagonal","foreground_gradient_one":"#3a5faa","foreground_gradient_two":"#324f88","background_color":"#FFFFFF","background_color_transparency":"0","custom_eyes_color":"1","eyes_inner_color":"#3a5faa","eyes_outer_color":"#324f88","size":"500","margin":"10","ecc":"H"}} 
[2025-06-10 10:01:44] production.INFO: GeniusToolsService - Create QR Code Response {"status":201,"body":{"data":{"id":685}}} 
[2025-06-10 10:01:44] production.INFO: GeniusToolsService - QR Code ID cached {"url":"https://work.dia.ci/pointage/web/13jthqvZ20pIbQcEY512XEEbjRCANJ6U","name":"Site-01974a32-e51f-7349-8eb0-91221a457b32-QR","qr_code_id":685} 
[2025-06-10 10:01:44] production.INFO: GeniusToolsService - Get QR Code Info {"qr_code_id":685,"status":200,"response":{"data":{"id":685,"name":"Site-01974a32-e51f-7349-8eb0-91221a457b32-QR","type":"url","qr_code":"https://linkqr.genius.ci/uploads/qr_code/dd743b2599b81a1318af649e5d79194e.svg","qr_code_logo":"https://linkqr.genius.ci/uploads/qr_code_logo/dd743b2599b81a1318af649e5d79194e.svg","settings":{"inner_eye_style":"square","outer_eye_style":"square","style":"square","foreground_type":"gradient","foreground_gradient_style":"diagonal","foreground_gradient_one":"#3a5faa","foreground_gradient_two":"#324f88","background_color":"#FFFFFF","background_color_transparency":0,"custom_eyes_color":true,"eyes_inner_color":"#3a5faa","eyes_outer_color":"#324f88","qr_code_logo_size":25,"size":500,"margin":10,"ecc":"H","url":"https://work.dia.ci/pointage/web/13jthqvZ20pIbQcEY512XEEbjRCANJ6U"},"last_datetime":null,"datetime":"2025-06-10 10:01:44"}}} 
[2025-06-10 10:01:53] production.INFO: Début de l'exécution de la commande de backup {"entreprise_id":"019751d3-48b7-7038-8fb2-6b6ac1d300ad","user_id":"019751d2-61e7-71b4-b9bf-abfc43fafa4d","timestamp":"2025-06-10 10:01:53"} 
[2025-06-10 10:01:53] production.DEBUG: Appel de la commande Artisan {"commande":"entreprise:backup","params":{"entreprise_id":"019751d3-48b7-7038-8fb2-6b6ac1d300ad","--memory-only":true,"--api":true}} 
[2025-06-10 10:01:53] production.INFO: Démarrage de la sauvegarde {"entreprise_id":"019751d3-48b7-7038-8fb2-6b6ac1d300ad","entreprise_nom":"GENIUS GROUPS SAS","storeFile":false,"memory_only":true,"api":true} 
[2025-06-10 10:01:53] production.INFO: Contenu SQL généré {"entreprise_id":"019751d3-48b7-7038-8fb2-6b6ac1d300ad","size_bytes":37825,"size_mb":"0.04 MB","filename":"genius-groups-sas_2025-06-10_100153.sql"} 
[2025-06-10 10:01:53] production.DEBUG: Backup API: Résultat stocké dans le conteneur {"entreprise_id":"019751d3-48b7-7038-8fb2-6b6ac1d300ad","success":true,"filename":"genius-groups-sas_2025-06-10_100153.sql","size":37825,"content_length":37825} 
[2025-06-10 10:01:53] production.DEBUG: Résultat de la commande Artisan {"exit_code":0} 
[2025-06-10 10:01:53] production.DEBUG: Vérification de la présence du résultat dans le conteneur {"has_result":true} 
[2025-06-10 10:01:53] production.DEBUG: Résultat récupéré depuis le conteneur {"has_success_key":true,"success":true,"has_content":true,"content_length":37825,"filename":"genius-groups-sas_2025-06-10_100153.sql","size":37825} 
[2025-06-10 10:01:53] production.INFO: Backup réussi, prêt pour le téléchargement {"file_name":"genius-groups-sas_2025-06-10_100153.sql","file_size_mb":0.040000000000000000832667268468867405317723751068115234375} 
[2025-06-10 10:01:54] production.DEBUG: Clés de session disponibles {"has_backup_content":true,"has_backup_filename":true,"has_backup_size":true,"session_keys":["_token","_flash","url","_previous","login_web_59ba36addc2b2f9401580f014c7f58ea4e30989d","password_hash_web","filament","backup_content","backup_filename","backup_size"]} 
[2025-06-10 10:01:54] production.INFO: Préparation du téléchargement du fichier de sauvegarde {"filename":"genius-groups-sas_2025-06-10_100153.sql","size":"0.04 MB","content_length":37825} 
[2025-06-10 10:02:17] production.INFO: GeniusToolsService - Creating QR Code {"data":{"name":"Site-01974eff-6efa-704f-9d62-13f850d702f9-QR","type":"url","url":"https://work.dia.ci/pointage/web/RMRtWWt4fPEkpwJl9qBhBgZTfurknjz7","inner_eye_style":"square","outer_eye_style":"square","foreground_type":"gradient","foreground_gradient_style":"diagonal","foreground_gradient_one":"#3a5faa","foreground_gradient_two":"#324f88","background_color":"#FFFFFF","background_color_transparency":"0","custom_eyes_color":"1","eyes_inner_color":"#3a5faa","eyes_outer_color":"#324f88","size":"500","margin":"10","ecc":"H"}} 
[2025-06-10 10:02:18] production.INFO: GeniusToolsService - Create QR Code Response {"status":201,"body":{"data":{"id":686}}} 
[2025-06-10 10:02:18] production.INFO: GeniusToolsService - QR Code ID cached {"url":"https://work.dia.ci/pointage/web/RMRtWWt4fPEkpwJl9qBhBgZTfurknjz7","name":"Site-01974eff-6efa-704f-9d62-13f850d702f9-QR","qr_code_id":686} 
[2025-06-10 10:02:18] production.INFO: GeniusToolsService - Get QR Code Info {"qr_code_id":686,"status":200,"response":{"data":{"id":686,"name":"Site-01974eff-6efa-704f-9d62-13f850d702f9-QR","type":"url","qr_code":"https://linkqr.genius.ci/uploads/qr_code/bed11e7f79530d9aaee61fb11796a07d.svg","qr_code_logo":"https://linkqr.genius.ci/uploads/qr_code_logo/bed11e7f79530d9aaee61fb11796a07d.svg","settings":{"inner_eye_style":"square","outer_eye_style":"square","style":"square","foreground_type":"gradient","foreground_gradient_style":"diagonal","foreground_gradient_one":"#3a5faa","foreground_gradient_two":"#324f88","background_color":"#FFFFFF","background_color_transparency":0,"custom_eyes_color":true,"eyes_inner_color":"#3a5faa","eyes_outer_color":"#324f88","qr_code_logo_size":25,"size":500,"margin":10,"ecc":"H","url":"https://work.dia.ci/pointage/web/RMRtWWt4fPEkpwJl9qBhBgZTfurknjz7"},"last_datetime":null,"datetime":"2025-06-10 10:02:17"}}} 
[2025-06-10 10:02:33] production.INFO: GeniusToolsService - Creating QR Code {"data":{"name":"Site-01974a32-e511-7319-a965-4ecc70c04d31-QR","type":"url","url":"https://work.dia.ci/pointage/web/CHrEClapNoMkMx3gsgRx7GAuvfCgAPl0","inner_eye_style":"square","outer_eye_style":"square","foreground_type":"gradient","foreground_gradient_style":"diagonal","foreground_gradient_one":"#3a5faa","foreground_gradient_two":"#324f88","background_color":"#FFFFFF","background_color_transparency":"0","custom_eyes_color":"1","eyes_inner_color":"#3a5faa","eyes_outer_color":"#324f88","size":"500","margin":"10","ecc":"H"}} 
[2025-06-10 10:02:33] production.INFO: GeniusToolsService - Create QR Code Response {"status":201,"body":{"data":{"id":687}}} 
[2025-06-10 10:02:33] production.INFO: GeniusToolsService - QR Code ID cached {"url":"https://work.dia.ci/pointage/web/CHrEClapNoMkMx3gsgRx7GAuvfCgAPl0","name":"Site-01974a32-e511-7319-a965-4ecc70c04d31-QR","qr_code_id":687} 
[2025-06-10 10:02:33] production.INFO: GeniusToolsService - Get QR Code Info {"qr_code_id":687,"status":200,"response":{"data":{"id":687,"name":"Site-01974a32-e511-7319-a965-4ecc70c04d31-QR","type":"url","qr_code":"https://linkqr.genius.ci/uploads/qr_code/573413e4228e4de7c2e31dbec8f71885.svg","qr_code_logo":"https://linkqr.genius.ci/uploads/qr_code_logo/573413e4228e4de7c2e31dbec8f71885.svg","settings":{"inner_eye_style":"square","outer_eye_style":"square","style":"square","foreground_type":"gradient","foreground_gradient_style":"diagonal","foreground_gradient_one":"#3a5faa","foreground_gradient_two":"#324f88","background_color":"#FFFFFF","background_color_transparency":0,"custom_eyes_color":true,"eyes_inner_color":"#3a5faa","eyes_outer_color":"#324f88","qr_code_logo_size":25,"size":500,"margin":10,"ecc":"H","url":"https://work.dia.ci/pointage/web/CHrEClapNoMkMx3gsgRx7GAuvfCgAPl0"},"last_datetime":null,"datetime":"2025-06-10 10:02:33"}}} 
[2025-06-10 10:02:37] production.INFO: Requête de pointage physique reçue {"idno":"3pIZQYFIfbGlmympSwaTfW4HzOXOQM0l","token":"CHrEClapNoMkMx3gsgRx7GAuvfCgAPl0","methode_pointage":"qrcode_physique","pause":false,"lat":null,"lng":null} 
[2025-06-10 10:02:37] production.INFO: Pointage physique traité {"status":"success","data":{"employee":"Aminata Konaté","type":"entree","time":"10:02:37","date":"10/06/2025","site":"Siège Principal","voice":"Bonjour Aminata, bonne journée !","info_supplementaire":"","retard":1,"minutes_retard":-121,"minutes_travaillees":0,"minutes_supplementaires":0,"minutes_pause":1}} 
[2025-06-10 10:02:37] production.INFO: Pointage physique traité status {"status":"success"} 
[2025-06-10 10:02:37] production.INFO: Voice message generated {"message":"Bonjour Aminata, bonne journée !"} 
[2025-06-10 10:02:45] production.INFO: GeniusToolsService - Creating QR Code {"data":{"name":"Site-01974a32-e511-7319-a965-4ecc70c04d31-QR","type":"url","url":"https://work.dia.ci/pointage/web/UKAbaLFGDCL5CmoKuR4NQdqYJxJ9ECav","inner_eye_style":"square","outer_eye_style":"square","foreground_type":"gradient","foreground_gradient_style":"diagonal","foreground_gradient_one":"#3a5faa","foreground_gradient_two":"#324f88","background_color":"#FFFFFF","background_color_transparency":"0","custom_eyes_color":"1","eyes_inner_color":"#3a5faa","eyes_outer_color":"#324f88","size":"500","margin":"10","ecc":"H"}} 
[2025-06-10 10:02:46] production.INFO: GeniusToolsService - Create QR Code Response {"status":201,"body":{"data":{"id":688}}} 
[2025-06-10 10:02:46] production.INFO: GeniusToolsService - QR Code ID cached {"url":"https://work.dia.ci/pointage/web/UKAbaLFGDCL5CmoKuR4NQdqYJxJ9ECav","name":"Site-01974a32-e511-7319-a965-4ecc70c04d31-QR","qr_code_id":688} 
[2025-06-10 10:02:46] production.INFO: GeniusToolsService - Get QR Code Info {"qr_code_id":688,"status":200,"response":{"data":{"id":688,"name":"Site-01974a32-e511-7319-a965-4ecc70c04d31-QR","type":"url","qr_code":"https://linkqr.genius.ci/uploads/qr_code/7465daa8c38606727255aee924242425.svg","qr_code_logo":"https://linkqr.genius.ci/uploads/qr_code_logo/7465daa8c38606727255aee924242425.svg","settings":{"inner_eye_style":"square","outer_eye_style":"square","style":"square","foreground_type":"gradient","foreground_gradient_style":"diagonal","foreground_gradient_one":"#3a5faa","foreground_gradient_two":"#324f88","background_color":"#FFFFFF","background_color_transparency":0,"custom_eyes_color":true,"eyes_inner_color":"#3a5faa","eyes_outer_color":"#324f88","qr_code_logo_size":25,"size":500,"margin":10,"ecc":"H","url":"https://work.dia.ci/pointage/web/UKAbaLFGDCL5CmoKuR4NQdqYJxJ9ECav"},"last_datetime":null,"datetime":"2025-06-10 10:02:46"}}} 
[2025-06-10 10:02:48] production.INFO: Requête de pointage physique reçue {"idno":"3pIZQYFIfbGlmympSwaTfW4HzOXOQM0l","token":"UKAbaLFGDCL5CmoKuR4NQdqYJxJ9ECav","methode_pointage":"qrcode_physique","pause":false,"lat":null,"lng":null} 
[2025-06-10 10:02:48] production.INFO: Pointage physique traité {"status":"success","data":{"employee":"Aminata Konaté","type":"sortie","time":"10:02:48","date":"10/06/2025","site":"Siège Principal","voice":"Au revoir Aminata, bonne journée !","info_supplementaire":"Temps de travail: 0h0min, Temps de pause: 0h1min","retard":1,"minutes_retard":-121,"minutes_travaillees":0.498549766666666727132906089536845684051513671875,"minutes_supplementaires":0,"minutes_pause":1}} 
[2025-06-10 10:02:48] production.INFO: Pointage physique traité status {"status":"success"} 
[2025-06-10 10:02:49] production.INFO: Voice message generated {"message":"Au revoir Aminata, bonne journée !"} 
[2025-06-10 10:02:57] production.INFO: GeniusToolsService - Creating QR Code {"data":{"name":"Site-01974a32-e511-7319-a965-4ecc70c04d31-QR","type":"url","url":"https://work.dia.ci/pointage/web/VokvmHNqR2vN3hpqjQbFkgVMnI3KVbOJ","inner_eye_style":"square","outer_eye_style":"square","foreground_type":"gradient","foreground_gradient_style":"diagonal","foreground_gradient_one":"#3a5faa","foreground_gradient_two":"#324f88","background_color":"#FFFFFF","background_color_transparency":"0","custom_eyes_color":"1","eyes_inner_color":"#3a5faa","eyes_outer_color":"#324f88","size":"500","margin":"10","ecc":"H"}} 
[2025-06-10 10:02:57] production.INFO: GeniusToolsService - Create QR Code Response {"status":201,"body":{"data":{"id":689}}} 
[2025-06-10 10:02:57] production.INFO: GeniusToolsService - QR Code ID cached {"url":"https://work.dia.ci/pointage/web/VokvmHNqR2vN3hpqjQbFkgVMnI3KVbOJ","name":"Site-01974a32-e511-7319-a965-4ecc70c04d31-QR","qr_code_id":689} 
[2025-06-10 10:02:57] production.INFO: GeniusToolsService - Get QR Code Info {"qr_code_id":689,"status":200,"response":{"data":{"id":689,"name":"Site-01974a32-e511-7319-a965-4ecc70c04d31-QR","type":"url","qr_code":"https://linkqr.genius.ci/uploads/qr_code/54b893b3c04ffd78669152912223b157.svg","qr_code_logo":"https://linkqr.genius.ci/uploads/qr_code_logo/54b893b3c04ffd78669152912223b157.svg","settings":{"inner_eye_style":"square","outer_eye_style":"square","style":"square","foreground_type":"gradient","foreground_gradient_style":"diagonal","foreground_gradient_one":"#3a5faa","foreground_gradient_two":"#324f88","background_color":"#FFFFFF","background_color_transparency":0,"custom_eyes_color":true,"eyes_inner_color":"#3a5faa","eyes_outer_color":"#324f88","qr_code_logo_size":25,"size":500,"margin":10,"ecc":"H","url":"https://work.dia.ci/pointage/web/VokvmHNqR2vN3hpqjQbFkgVMnI3KVbOJ"},"last_datetime":null,"datetime":"2025-06-10 10:02:57"}}} 
[2025-06-10 10:03:31] production.INFO: GeniusToolsService - Creating QR Code {"data":{"name":"Site-01974a32-e511-7319-a965-4ecc70c04d31-QR","type":"url","url":"https://work.dia.ci/pointage/web/z0rcuDwzD4kWOH1XWw6YvQTG8FgoQ5NF","inner_eye_style":"square","outer_eye_style":"square","foreground_type":"gradient","foreground_gradient_style":"diagonal","foreground_gradient_one":"#3a5faa","foreground_gradient_two":"#324f88","background_color":"#FFFFFF","background_color_transparency":"0","custom_eyes_color":"1","eyes_inner_color":"#3a5faa","eyes_outer_color":"#324f88","size":"500","margin":"10","ecc":"H"}} 
[2025-06-10 10:03:32] production.INFO: GeniusToolsService - Create QR Code Response {"status":201,"body":{"data":{"id":690}}} 
[2025-06-10 10:03:32] production.INFO: GeniusToolsService - QR Code ID cached {"url":"https://work.dia.ci/pointage/web/z0rcuDwzD4kWOH1XWw6YvQTG8FgoQ5NF","name":"Site-01974a32-e511-7319-a965-4ecc70c04d31-QR","qr_code_id":690} 
[2025-06-10 10:03:32] production.INFO: GeniusToolsService - Get QR Code Info {"qr_code_id":690,"status":200,"response":{"data":{"id":690,"name":"Site-01974a32-e511-7319-a965-4ecc70c04d31-QR","type":"url","qr_code":"https://linkqr.genius.ci/uploads/qr_code/a05a38324165f161c93f8ff26e580f93.svg","qr_code_logo":"https://linkqr.genius.ci/uploads/qr_code_logo/a05a38324165f161c93f8ff26e580f93.svg","settings":{"inner_eye_style":"square","outer_eye_style":"square","style":"square","foreground_type":"gradient","foreground_gradient_style":"diagonal","foreground_gradient_one":"#3a5faa","foreground_gradient_two":"#324f88","background_color":"#FFFFFF","background_color_transparency":0,"custom_eyes_color":true,"eyes_inner_color":"#3a5faa","eyes_outer_color":"#324f88","qr_code_logo_size":25,"size":500,"margin":10,"ecc":"H","url":"https://work.dia.ci/pointage/web/z0rcuDwzD4kWOH1XWw6YvQTG8FgoQ5NF"},"last_datetime":null,"datetime":"2025-06-10 10:03:31"}}} 
[2025-06-10 10:03:44] production.INFO: Requête de pointage physique reçue {"idno":"C2h4tF009sTzqEBHw3FROoJ4mWUpIXB9","token":"z0rcuDwzD4kWOH1XWw6YvQTG8FgoQ5NF","methode_pointage":"qrcode_physique","pause":false,"lat":null,"lng":null} 
[2025-06-10 10:03:44] production.INFO: Pointage physique traité {"status":"success","data":{"employee":"Axel Diby","type":"entree","time":"10:03:44","date":"10/06/2025","site":"Siège Principal","voice":"Bonjour Axel, bonne journée !","info_supplementaire":"","retard":1,"minutes_retard":-118,"minutes_travaillees":1,"minutes_supplementaires":0,"minutes_pause":4}} 
[2025-06-10 10:03:44] production.INFO: Pointage physique traité status {"status":"success"} 
[2025-06-10 10:03:44] production.INFO: Voice message generated {"message":"Bonjour Axel, bonne journée !"} 
[2025-06-10 10:03:53] production.INFO: GeniusToolsService - Creating QR Code {"data":{"name":"Site-01974a32-e511-7319-a965-4ecc70c04d31-QR","type":"url","url":"https://work.dia.ci/pointage/web/sGCE0RfaKQXzZigthdYj1NEBKitD8I7u","inner_eye_style":"square","outer_eye_style":"square","foreground_type":"gradient","foreground_gradient_style":"diagonal","foreground_gradient_one":"#3a5faa","foreground_gradient_two":"#324f88","background_color":"#FFFFFF","background_color_transparency":"0","custom_eyes_color":"1","eyes_inner_color":"#3a5faa","eyes_outer_color":"#324f88","size":"500","margin":"10","ecc":"H"}} 
[2025-06-10 10:03:53] production.INFO: GeniusToolsService - Create QR Code Response {"status":201,"body":{"data":{"id":691}}} 
[2025-06-10 10:03:53] production.INFO: GeniusToolsService - QR Code ID cached {"url":"https://work.dia.ci/pointage/web/sGCE0RfaKQXzZigthdYj1NEBKitD8I7u","name":"Site-01974a32-e511-7319-a965-4ecc70c04d31-QR","qr_code_id":691} 
[2025-06-10 10:03:53] production.INFO: GeniusToolsService - Get QR Code Info {"qr_code_id":691,"status":200,"response":{"data":{"id":691,"name":"Site-01974a32-e511-7319-a965-4ecc70c04d31-QR","type":"url","qr_code":"https://linkqr.genius.ci/uploads/qr_code/1cc65b2fb4e95bb6e81295b8e7f6d0bb.svg","qr_code_logo":"https://linkqr.genius.ci/uploads/qr_code_logo/1cc65b2fb4e95bb6e81295b8e7f6d0bb.svg","settings":{"inner_eye_style":"square","outer_eye_style":"square","style":"square","foreground_type":"gradient","foreground_gradient_style":"diagonal","foreground_gradient_one":"#3a5faa","foreground_gradient_two":"#324f88","background_color":"#FFFFFF","background_color_transparency":0,"custom_eyes_color":true,"eyes_inner_color":"#3a5faa","eyes_outer_color":"#324f88","qr_code_logo_size":25,"size":500,"margin":10,"ecc":"H","url":"https://work.dia.ci/pointage/web/sGCE0RfaKQXzZigthdYj1NEBKitD8I7u"},"last_datetime":null,"datetime":"2025-06-10 10:03:53"}}} 
[2025-06-10 10:04:09] production.INFO: GeniusToolsService - Creating QR Code {"data":{"name":"QR Code - Marie Aka","type":"url","url":"https://work.dia.ci/verification-employe/G4yf2OFXKr5EMebP1xAVqGjjcM9diY8Z","inner_eye_style":"square","outer_eye_style":"square","foreground_type":"gradient","foreground_gradient_style":"diagonal","foreground_gradient_one":"#3a5faa","foreground_gradient_two":"#324f88","background_color":"#FFFFFF","background_color_transparency":"0","custom_eyes_color":"1","eyes_inner_color":"#3a5faa","eyes_outer_color":"#324f88","size":"500","margin":"10","ecc":"H"}} 
[2025-06-10 10:04:10] production.INFO: GeniusToolsService - Create QR Code Response {"status":201,"body":{"data":{"id":692}}} 
[2025-06-10 10:04:10] production.INFO: GeniusToolsService - QR Code ID cached {"url":"https://work.dia.ci/verification-employe/G4yf2OFXKr5EMebP1xAVqGjjcM9diY8Z","name":"QR Code - Marie Aka","qr_code_id":692} 
[2025-06-10 10:04:10] production.INFO: EmployeurCarteService - QR code ID updated for employee {"employeur_id":"01974f4e-cdf9-707f-9bb4-384eab4e5b43","qr_code_id":692} 
[2025-06-10 10:04:10] production.INFO: GeniusToolsService - Get QR Code Info {"qr_code_id":692,"status":200,"response":{"data":{"id":692,"name":"QR Code - Marie Aka","type":"url","qr_code":"https://linkqr.genius.ci/uploads/qr_code/c88c984ed81785bfe6974c6126c411da.svg","qr_code_logo":"https://linkqr.genius.ci/uploads/qr_code_logo/c88c984ed81785bfe6974c6126c411da.svg","settings":{"inner_eye_style":"square","outer_eye_style":"square","style":"square","foreground_type":"gradient","foreground_gradient_style":"diagonal","foreground_gradient_one":"#3a5faa","foreground_gradient_two":"#324f88","background_color":"#FFFFFF","background_color_transparency":0,"custom_eyes_color":true,"eyes_inner_color":"#3a5faa","eyes_outer_color":"#324f88","qr_code_logo_size":25,"size":500,"margin":10,"ecc":"H","url":"https://work.dia.ci/verification-employe/G4yf2OFXKr5EMebP1xAVqGjjcM9diY8Z"},"last_datetime":null,"datetime":"2025-06-10 10:04:10"}}} 
[2025-06-10 10:04:10] production.INFO: EmployeurCarteService - Using direct SVG URL for QR code {"employeur_id":"01974f4e-cdf9-707f-9bb4-384eab4e5b43","qr_code_svg_url":"https://linkqr.genius.ci/uploads/qr_code/c88c984ed81785bfe6974c6126c411da.svg"} 
[2025-06-10 10:04:10] production.WARNING: EmployeurCarteService - Failed to convert SVG to base64 {"employeur_id":"01974f4e-cdf9-707f-9bb4-384eab4e5b43","message":"file_get_contents(): https:// wrapper is disabled in the server configuration by allow_url_fopen=0"} 
[2025-06-10 10:04:10] production.INFO: EmployeurCarteService - QR code URL generated for employee {"employeur_id":"01974f4e-cdf9-707f-9bb4-384eab4e5b43","qr_code_url":"https://linkqr.genius.ci/uploads/qr_code/c88c984ed81785bfe6974c6126c411da.svg"} 
[2025-06-10 10:04:10] production.INFO: EmployeurCarteService - Carte HTML générée avec succès {"employeur_id":"01974f4e-cdf9-707f-9bb4-384eab4e5b43","filename":"carte-employe-marie-aka-1749549850.html"} 
[2025-06-10 10:04:23] production.INFO: GeniusToolsService - Creating QR Code {"data":{"name":"Site-01974a32-e511-7319-a965-4ecc70c04d31-QR","type":"url","url":"https://work.dia.ci/pointage/web/atfAlKcC0zdtDIoFiOglKIGalMDoW2kz","inner_eye_style":"square","outer_eye_style":"square","foreground_type":"gradient","foreground_gradient_style":"diagonal","foreground_gradient_one":"#3a5faa","foreground_gradient_two":"#324f88","background_color":"#FFFFFF","background_color_transparency":"0","custom_eyes_color":"1","eyes_inner_color":"#3a5faa","eyes_outer_color":"#324f88","size":"500","margin":"10","ecc":"H"}} 
[2025-06-10 10:04:24] production.INFO: GeniusToolsService - Create QR Code Response {"status":201,"body":{"data":{"id":693}}} 
[2025-06-10 10:04:24] production.INFO: GeniusToolsService - QR Code ID cached {"url":"https://work.dia.ci/pointage/web/atfAlKcC0zdtDIoFiOglKIGalMDoW2kz","name":"Site-01974a32-e511-7319-a965-4ecc70c04d31-QR","qr_code_id":693} 
[2025-06-10 10:04:24] production.INFO: GeniusToolsService - Get QR Code Info {"qr_code_id":693,"status":200,"response":{"data":{"id":693,"name":"Site-01974a32-e511-7319-a965-4ecc70c04d31-QR","type":"url","qr_code":"https://linkqr.genius.ci/uploads/qr_code/516b7fd7b50002a80b45613676fe7807.svg","qr_code_logo":"https://linkqr.genius.ci/uploads/qr_code_logo/516b7fd7b50002a80b45613676fe7807.svg","settings":{"inner_eye_style":"square","outer_eye_style":"square","style":"square","foreground_type":"gradient","foreground_gradient_style":"diagonal","foreground_gradient_one":"#3a5faa","foreground_gradient_two":"#324f88","background_color":"#FFFFFF","background_color_transparency":0,"custom_eyes_color":true,"eyes_inner_color":"#3a5faa","eyes_outer_color":"#324f88","qr_code_logo_size":25,"size":500,"margin":10,"ecc":"H","url":"https://work.dia.ci/pointage/web/atfAlKcC0zdtDIoFiOglKIGalMDoW2kz"},"last_datetime":null,"datetime":"2025-06-10 10:04:24"}}} 
[2025-06-10 10:04:28] production.INFO: Requête de pointage physique reçue {"idno":"jQKPdswido8VDs48BeP4EHIVFEDzwrpj","token":"atfAlKcC0zdtDIoFiOglKIGalMDoW2kz","methode_pointage":"qrcode_physique","pause":false,"lat":null,"lng":null} 
[2025-06-10 10:04:28] production.INFO: Pointage physique traité {"status":"success","data":{"employee":"Rokia Coulibaly","type":"sortie","time":"10:04:28","date":"10/06/2025","site":"Siège Principal","voice":"Au revoir Rokia, bonne journée !","info_supplementaire":"Temps de travail: 0h4min","retard":1,"minutes_retard":-120,"minutes_travaillees":4.1487536333333334681583437486551702022552490234375,"minutes_supplementaires":0,"minutes_pause":0}} 
[2025-06-10 10:04:28] production.INFO: Pointage physique traité status {"status":"success"} 
[2025-06-10 10:04:29] production.INFO: Voice message generated {"message":"Au revoir Rokia, bonne journée !"} 
[2025-06-10 10:04:37] production.INFO: GeniusToolsService - Creating QR Code {"data":{"name":"Site-01974a32-e511-7319-a965-4ecc70c04d31-QR","type":"url","url":"https://work.dia.ci/pointage/web/bxlbALTBri4eJX5p5UWUBbUwgaGrBYOc","inner_eye_style":"square","outer_eye_style":"square","foreground_type":"gradient","foreground_gradient_style":"diagonal","foreground_gradient_one":"#3a5faa","foreground_gradient_two":"#324f88","background_color":"#FFFFFF","background_color_transparency":"0","custom_eyes_color":"1","eyes_inner_color":"#3a5faa","eyes_outer_color":"#324f88","size":"500","margin":"10","ecc":"H"}} 
[2025-06-10 10:04:37] production.INFO: GeniusToolsService - Create QR Code Response {"status":201,"body":{"data":{"id":694}}} 
[2025-06-10 10:04:37] production.INFO: GeniusToolsService - QR Code ID cached {"url":"https://work.dia.ci/pointage/web/bxlbALTBri4eJX5p5UWUBbUwgaGrBYOc","name":"Site-01974a32-e511-7319-a965-4ecc70c04d31-QR","qr_code_id":694} 
[2025-06-10 10:04:37] production.INFO: GeniusToolsService - Get QR Code Info {"qr_code_id":694,"status":200,"response":{"data":{"id":694,"name":"Site-01974a32-e511-7319-a965-4ecc70c04d31-QR","type":"url","qr_code":"https://linkqr.genius.ci/uploads/qr_code/4cfbedc5618127c27f57471a951345ad.svg","qr_code_logo":"https://linkqr.genius.ci/uploads/qr_code_logo/4cfbedc5618127c27f57471a951345ad.svg","settings":{"inner_eye_style":"square","outer_eye_style":"square","style":"square","foreground_type":"gradient","foreground_gradient_style":"diagonal","foreground_gradient_one":"#3a5faa","foreground_gradient_two":"#324f88","background_color":"#FFFFFF","background_color_transparency":0,"custom_eyes_color":true,"eyes_inner_color":"#3a5faa","eyes_outer_color":"#324f88","qr_code_logo_size":25,"size":500,"margin":10,"ecc":"H","url":"https://work.dia.ci/pointage/web/bxlbALTBri4eJX5p5UWUBbUwgaGrBYOc"},"last_datetime":null,"datetime":"2025-06-10 10:04:37"}}} 
[2025-06-10 10:04:45] production.INFO: Requête de pointage physique reçue {"idno":"jQKPdswido8VDs48BeP4EHIVFEDzwrpj","token":"bxlbALTBri4eJX5p5UWUBbUwgaGrBYOc","methode_pointage":"qrcode_physique","pause":false,"lat":null,"lng":null} 
[2025-06-10 10:04:45] production.INFO: Pointage physique traité {"status":"success","data":{"employee":"Rokia Coulibaly","type":"entree","time":"10:04:45","date":"10/06/2025","site":"Siège Principal","voice":"Bonjour Rokia, bonne journée !","info_supplementaire":"","retard":1,"minutes_retard":-120,"minutes_travaillees":4,"minutes_supplementaires":0,"minutes_pause":0}} 
[2025-06-10 10:04:45] production.INFO: Pointage physique traité status {"status":"success"} 
[2025-06-10 10:04:45] production.INFO: Voice message generated {"message":"Bonjour Rokia, bonne journée !"} 
[2025-06-10 10:04:54] production.INFO: GeniusToolsService - Creating QR Code {"data":{"name":"Site-01974a32-e511-7319-a965-4ecc70c04d31-QR","type":"url","url":"https://work.dia.ci/pointage/web/6FoUoxFEuBqLhb6DNLPyI0MqYc5UMubI","inner_eye_style":"square","outer_eye_style":"square","foreground_type":"gradient","foreground_gradient_style":"diagonal","foreground_gradient_one":"#3a5faa","foreground_gradient_two":"#324f88","background_color":"#FFFFFF","background_color_transparency":"0","custom_eyes_color":"1","eyes_inner_color":"#3a5faa","eyes_outer_color":"#324f88","size":"500","margin":"10","ecc":"H"}} 
[2025-06-10 10:04:54] production.INFO: GeniusToolsService - Create QR Code Response {"status":201,"body":{"data":{"id":695}}} 
[2025-06-10 10:04:54] production.INFO: GeniusToolsService - QR Code ID cached {"url":"https://work.dia.ci/pointage/web/6FoUoxFEuBqLhb6DNLPyI0MqYc5UMubI","name":"Site-01974a32-e511-7319-a965-4ecc70c04d31-QR","qr_code_id":695} 
[2025-06-10 10:04:54] production.INFO: GeniusToolsService - Get QR Code Info {"qr_code_id":695,"status":200,"response":{"data":{"id":695,"name":"Site-01974a32-e511-7319-a965-4ecc70c04d31-QR","type":"url","qr_code":"https://linkqr.genius.ci/uploads/qr_code/33a3b5e3eb63892751664ef26a5de323.svg","qr_code_logo":"https://linkqr.genius.ci/uploads/qr_code_logo/33a3b5e3eb63892751664ef26a5de323.svg","settings":{"inner_eye_style":"square","outer_eye_style":"square","style":"square","foreground_type":"gradient","foreground_gradient_style":"diagonal","foreground_gradient_one":"#3a5faa","foreground_gradient_two":"#324f88","background_color":"#FFFFFF","background_color_transparency":0,"custom_eyes_color":true,"eyes_inner_color":"#3a5faa","eyes_outer_color":"#324f88","qr_code_logo_size":25,"size":500,"margin":10,"ecc":"H","url":"https://work.dia.ci/pointage/web/6FoUoxFEuBqLhb6DNLPyI0MqYc5UMubI"},"last_datetime":null,"datetime":"2025-06-10 10:04:54"}}} 
[2025-06-10 10:05:08] production.INFO: GeniusToolsService - Creating QR Code {"data":{"name":"Site-01974a32-e511-7319-a965-4ecc70c04d31-QR","type":"url","url":"https://work.dia.ci/pointage/web/QUyNsxzz2UZ2qg3ZIjTRoplbfHfRKAsk","inner_eye_style":"square","outer_eye_style":"square","foreground_type":"gradient","foreground_gradient_style":"diagonal","foreground_gradient_one":"#3a5faa","foreground_gradient_two":"#324f88","background_color":"#FFFFFF","background_color_transparency":"0","custom_eyes_color":"1","eyes_inner_color":"#3a5faa","eyes_outer_color":"#324f88","size":"500","margin":"10","ecc":"H"}} 
[2025-06-10 10:05:08] production.INFO: GeniusToolsService - Create QR Code Response {"status":201,"body":{"data":{"id":696}}} 
[2025-06-10 10:05:08] production.INFO: GeniusToolsService - QR Code ID cached {"url":"https://work.dia.ci/pointage/web/QUyNsxzz2UZ2qg3ZIjTRoplbfHfRKAsk","name":"Site-01974a32-e511-7319-a965-4ecc70c04d31-QR","qr_code_id":696} 
[2025-06-10 10:05:08] production.INFO: GeniusToolsService - Get QR Code Info {"qr_code_id":696,"status":200,"response":{"data":{"id":696,"name":"Site-01974a32-e511-7319-a965-4ecc70c04d31-QR","type":"url","qr_code":"https://linkqr.genius.ci/uploads/qr_code/fbbcbd64cf66fd858eb66887854f8e6e.svg","qr_code_logo":"https://linkqr.genius.ci/uploads/qr_code_logo/fbbcbd64cf66fd858eb66887854f8e6e.svg","settings":{"inner_eye_style":"square","outer_eye_style":"square","style":"square","foreground_type":"gradient","foreground_gradient_style":"diagonal","foreground_gradient_one":"#3a5faa","foreground_gradient_two":"#324f88","background_color":"#FFFFFF","background_color_transparency":0,"custom_eyes_color":true,"eyes_inner_color":"#3a5faa","eyes_outer_color":"#324f88","qr_code_logo_size":25,"size":500,"margin":10,"ecc":"H","url":"https://work.dia.ci/pointage/web/QUyNsxzz2UZ2qg3ZIjTRoplbfHfRKAsk"},"last_datetime":null,"datetime":"2025-06-10 10:05:08"}}} 
[2025-06-10 10:05:46] production.INFO: GeniusToolsService - Creating QR Code {"data":{"name":"Site-01974a32-e52c-7237-b1a4-6e6d4a982a3c-QR","type":"url","url":"https://work.dia.ci/pointage/web/7NnyhNdae5To3Q0ihEAWV2QC3upaWnyF","inner_eye_style":"square","outer_eye_style":"square","foreground_type":"gradient","foreground_gradient_style":"diagonal","foreground_gradient_one":"#3a5faa","foreground_gradient_two":"#324f88","background_color":"#FFFFFF","background_color_transparency":"0","custom_eyes_color":"1","eyes_inner_color":"#3a5faa","eyes_outer_color":"#324f88","size":"500","margin":"10","ecc":"H"}} 
[2025-06-10 10:05:47] production.INFO: GeniusToolsService - Create QR Code Response {"status":201,"body":{"data":{"id":697}}} 
[2025-06-10 10:05:47] production.INFO: GeniusToolsService - QR Code ID cached {"url":"https://work.dia.ci/pointage/web/7NnyhNdae5To3Q0ihEAWV2QC3upaWnyF","name":"Site-01974a32-e52c-7237-b1a4-6e6d4a982a3c-QR","qr_code_id":697} 
[2025-06-10 10:05:47] production.INFO: GeniusToolsService - Get QR Code Info {"qr_code_id":697,"status":200,"response":{"data":{"id":697,"name":"Site-01974a32-e52c-7237-b1a4-6e6d4a982a3c-QR","type":"url","qr_code":"https://linkqr.genius.ci/uploads/qr_code/5e020e06f123493f597560b9066c5b4e.svg","qr_code_logo":"https://linkqr.genius.ci/uploads/qr_code_logo/5e020e06f123493f597560b9066c5b4e.svg","settings":{"inner_eye_style":"square","outer_eye_style":"square","style":"square","foreground_type":"gradient","foreground_gradient_style":"diagonal","foreground_gradient_one":"#3a5faa","foreground_gradient_two":"#324f88","background_color":"#FFFFFF","background_color_transparency":0,"custom_eyes_color":true,"eyes_inner_color":"#3a5faa","eyes_outer_color":"#324f88","qr_code_logo_size":25,"size":500,"margin":10,"ecc":"H","url":"https://work.dia.ci/pointage/web/7NnyhNdae5To3Q0ihEAWV2QC3upaWnyF"},"last_datetime":null,"datetime":"2025-06-10 10:05:47"}}} 
[2025-06-10 10:05:54] production.INFO: Requête de pointage physique reçue {"idno":"jQKPdswido8VDs48BeP4EHIVFEDzwrpj","token":"7NnyhNdae5To3Q0ihEAWV2QC3upaWnyF","methode_pointage":"qrcode_physique","pause":false,"lat":null,"lng":null} 
[2025-06-10 10:05:54] production.INFO: Pointage physique traité {"status":"success","data":{"employee":"Rokia Coulibaly","type":"sortie","time":"10:05:54","date":"10/06/2025","site":"Centre de Formation","voice":"Au revoir Rokia, bonne journée !","info_supplementaire":"Temps de travail: 0h5min","retard":1,"minutes_retard":-120,"minutes_travaillees":5.581041916666666935498142265714704990386962890625,"minutes_supplementaires":0,"minutes_pause":0}} 
[2025-06-10 10:05:54] production.INFO: Pointage physique traité status {"status":"success"} 
[2025-06-10 10:05:55] production.INFO: Voice message generated {"message":"Au revoir Rokia, bonne journée !"} 
[2025-06-10 10:06:03] production.INFO: GeniusToolsService - Creating QR Code {"data":{"name":"Site-01974a32-e52c-7237-b1a4-6e6d4a982a3c-QR","type":"url","url":"https://work.dia.ci/pointage/web/13S1f91mPNaVkWUi6IqlYFp9vMHsXAxk","inner_eye_style":"square","outer_eye_style":"square","foreground_type":"gradient","foreground_gradient_style":"diagonal","foreground_gradient_one":"#3a5faa","foreground_gradient_two":"#324f88","background_color":"#FFFFFF","background_color_transparency":"0","custom_eyes_color":"1","eyes_inner_color":"#3a5faa","eyes_outer_color":"#324f88","size":"500","margin":"10","ecc":"H"}} 
[2025-06-10 10:06:04] production.INFO: GeniusToolsService - Create QR Code Response {"status":201,"body":{"data":{"id":698}}} 
[2025-06-10 10:06:04] production.INFO: GeniusToolsService - QR Code ID cached {"url":"https://work.dia.ci/pointage/web/13S1f91mPNaVkWUi6IqlYFp9vMHsXAxk","name":"Site-01974a32-e52c-7237-b1a4-6e6d4a982a3c-QR","qr_code_id":698} 
[2025-06-10 10:06:05] production.INFO: GeniusToolsService - Get QR Code Info {"qr_code_id":698,"status":200,"response":{"data":{"id":698,"name":"Site-01974a32-e52c-7237-b1a4-6e6d4a982a3c-QR","type":"url","qr_code":"https://linkqr.genius.ci/uploads/qr_code/b4cbd964f1e61c3eb86e3e698b26e6e4.svg","qr_code_logo":"https://linkqr.genius.ci/uploads/qr_code_logo/b4cbd964f1e61c3eb86e3e698b26e6e4.svg","settings":{"inner_eye_style":"square","outer_eye_style":"square","style":"square","foreground_type":"gradient","foreground_gradient_style":"diagonal","foreground_gradient_one":"#3a5faa","foreground_gradient_two":"#324f88","background_color":"#FFFFFF","background_color_transparency":0,"custom_eyes_color":true,"eyes_inner_color":"#3a5faa","eyes_outer_color":"#324f88","qr_code_logo_size":25,"size":500,"margin":10,"ecc":"H","url":"https://work.dia.ci/pointage/web/13S1f91mPNaVkWUi6IqlYFp9vMHsXAxk"},"last_datetime":null,"datetime":"2025-06-10 10:06:04"}}} 
[2025-06-10 10:08:10] production.INFO: Requête de pointage physique reçue {"idno":"G4yf2OFXKr5EMebP1xAVqGjjcM9diY8Z","token":"RMRtWWt4fPEkpwJl9qBhBgZTfurknjz7","methode_pointage":"qrcode_physique","pause":false,"lat":null,"lng":null} 
[2025-06-10 10:08:10] production.INFO: Pointage physique traité {"status":"success","data":{"employee":"Marie Aka","type":"entree","time":"10:08:10","date":"10/06/2025","site":"Kenza Bonoumin","voice":"Bonjour Marie, bonne journée !","info_supplementaire":"","retard":1,"minutes_retard":-128.0,"minutes_travaillees":0,"minutes_supplementaires":0,"minutes_pause":0}} 
[2025-06-10 10:08:10] production.INFO: Pointage physique traité status {"status":"success"} 
[2025-06-10 10:08:10] production.INFO: Voice message generated {"message":"Bonjour Marie, bonne journée !"} 
[2025-06-10 10:08:24] production.INFO: GeniusToolsService - Creating QR Code {"data":{"name":"Site-01974eff-6efa-704f-9d62-13f850d702f9-QR","type":"url","url":"https://work.dia.ci/pointage/web/qq05ZgEGHztHJEdQzOmHa6q6TSyDp4Nt","inner_eye_style":"square","outer_eye_style":"square","foreground_type":"gradient","foreground_gradient_style":"diagonal","foreground_gradient_one":"#3a5faa","foreground_gradient_two":"#324f88","background_color":"#FFFFFF","background_color_transparency":"0","custom_eyes_color":"1","eyes_inner_color":"#3a5faa","eyes_outer_color":"#324f88","size":"500","margin":"10","ecc":"H"}} 
[2025-06-10 10:08:25] production.INFO: GeniusToolsService - Create QR Code Response {"status":201,"body":{"data":{"id":699}}} 
[2025-06-10 10:08:25] production.INFO: GeniusToolsService - QR Code ID cached {"url":"https://work.dia.ci/pointage/web/qq05ZgEGHztHJEdQzOmHa6q6TSyDp4Nt","name":"Site-01974eff-6efa-704f-9d62-13f850d702f9-QR","qr_code_id":699} 
[2025-06-10 10:08:25] production.INFO: GeniusToolsService - Get QR Code Info {"qr_code_id":699,"status":200,"response":{"data":{"id":699,"name":"Site-01974eff-6efa-704f-9d62-13f850d702f9-QR","type":"url","qr_code":"https://linkqr.genius.ci/uploads/qr_code/2aa8f5362802b7e4743f43a782c53e01.svg","qr_code_logo":"https://linkqr.genius.ci/uploads/qr_code_logo/2aa8f5362802b7e4743f43a782c53e01.svg","settings":{"inner_eye_style":"square","outer_eye_style":"square","style":"square","foreground_type":"gradient","foreground_gradient_style":"diagonal","foreground_gradient_one":"#3a5faa","foreground_gradient_two":"#324f88","background_color":"#FFFFFF","background_color_transparency":0,"custom_eyes_color":true,"eyes_inner_color":"#3a5faa","eyes_outer_color":"#324f88","qr_code_logo_size":25,"size":500,"margin":10,"ecc":"H","url":"https://work.dia.ci/pointage/web/qq05ZgEGHztHJEdQzOmHa6q6TSyDp4Nt"},"last_datetime":null,"datetime":"2025-06-10 10:08:24"}}} 
[2025-06-10 10:09:13] production.INFO: GeniusToolsService - Creating QR Code {"data":{"name":"QR Code - Jeanne Yapo","type":"url","url":"https://work.dia.ci/verification-employe/BJ66p7k6BIiMsOr4hgzxPjMTMbTAJJTg","inner_eye_style":"square","outer_eye_style":"square","foreground_type":"gradient","foreground_gradient_style":"diagonal","foreground_gradient_one":"#3a5faa","foreground_gradient_two":"#324f88","background_color":"#FFFFFF","background_color_transparency":"0","custom_eyes_color":"1","eyes_inner_color":"#3a5faa","eyes_outer_color":"#324f88","size":"500","margin":"10","ecc":"H"}} 
[2025-06-10 10:09:13] production.INFO: GeniusToolsService - Create QR Code Response {"status":201,"body":{"data":{"id":700}}} 
[2025-06-10 10:09:13] production.INFO: GeniusToolsService - QR Code ID cached {"url":"https://work.dia.ci/verification-employe/BJ66p7k6BIiMsOr4hgzxPjMTMbTAJJTg","name":"QR Code - Jeanne Yapo","qr_code_id":700} 
[2025-06-10 10:09:13] production.INFO: EmployeurCarteService - QR code ID updated for employee {"employeur_id":"01974f4b-06d2-70ce-993a-d1bca604cc5a","qr_code_id":700} 
[2025-06-10 10:09:13] production.INFO: GeniusToolsService - Get QR Code Info {"qr_code_id":700,"status":200,"response":{"data":{"id":700,"name":"QR Code - Jeanne Yapo","type":"url","qr_code":"https://linkqr.genius.ci/uploads/qr_code/e4ef9b7a6145cf527fafc4c3afeb2fe3.svg","qr_code_logo":"https://linkqr.genius.ci/uploads/qr_code_logo/e4ef9b7a6145cf527fafc4c3afeb2fe3.svg","settings":{"inner_eye_style":"square","outer_eye_style":"square","style":"square","foreground_type":"gradient","foreground_gradient_style":"diagonal","foreground_gradient_one":"#3a5faa","foreground_gradient_two":"#324f88","background_color":"#FFFFFF","background_color_transparency":0,"custom_eyes_color":true,"eyes_inner_color":"#3a5faa","eyes_outer_color":"#324f88","qr_code_logo_size":25,"size":500,"margin":10,"ecc":"H","url":"https://work.dia.ci/verification-employe/BJ66p7k6BIiMsOr4hgzxPjMTMbTAJJTg"},"last_datetime":null,"datetime":"2025-06-10 10:09:13"}}} 
[2025-06-10 10:09:13] production.INFO: EmployeurCarteService - Using direct SVG URL for QR code {"employeur_id":"01974f4b-06d2-70ce-993a-d1bca604cc5a","qr_code_svg_url":"https://linkqr.genius.ci/uploads/qr_code/e4ef9b7a6145cf527fafc4c3afeb2fe3.svg"} 
[2025-06-10 10:09:13] production.WARNING: EmployeurCarteService - Failed to convert SVG to base64 {"employeur_id":"01974f4b-06d2-70ce-993a-d1bca604cc5a","message":"file_get_contents(): https:// wrapper is disabled in the server configuration by allow_url_fopen=0"} 
[2025-06-10 10:09:13] production.INFO: EmployeurCarteService - QR code URL generated for employee {"employeur_id":"01974f4b-06d2-70ce-993a-d1bca604cc5a","qr_code_url":"https://linkqr.genius.ci/uploads/qr_code/e4ef9b7a6145cf527fafc4c3afeb2fe3.svg"} 
[2025-06-10 10:09:13] production.INFO: EmployeurCarteService - Carte HTML générée avec succès {"employeur_id":"01974f4b-06d2-70ce-993a-d1bca604cc5a","filename":"carte-employe-jeanne-yapo-1749550153.html"} 
[2025-06-10 10:09:56] production.INFO: Requête de pointage physique reçue {"idno":"MTMbTAJJTg","token":"qq05ZgEGHztHJEdQzOmHa6q6TSyDp4Nt","methode_pointage":"qrcode_physique","pause":false,"lat":null,"lng":null} 
[2025-06-10 10:09:56] production.INFO: Pointage physique traité {"status":"error","message":"Identifiant employé non reconnu"} 
[2025-06-10 10:09:56] production.INFO: Pointage physique traité status {"status":"error"} 
[2025-06-10 10:10:07] production.INFO: Requête de pointage physique reçue {"idno":"BJ66p7k6BIiMsOr4hgzxPjMTMbTAJJTg","token":"qq05ZgEGHztHJEdQzOmHa6q6TSyDp4Nt","methode_pointage":"qrcode_physique","pause":false,"lat":null,"lng":null} 
[2025-06-10 10:10:07] production.INFO: Pointage physique traité {"status":"success","data":{"employee":"Jeanne Yapo","type":"entree","time":"10:10:07","date":"10/06/2025","site":"Kenza Bonoumin","voice":"Bonjour Jeanne, bonne journée !","info_supplementaire":"","retard":1,"minutes_retard":-130.0,"minutes_travaillees":0,"minutes_supplementaires":0,"minutes_pause":0}} 
[2025-06-10 10:10:07] production.INFO: Pointage physique traité status {"status":"success"} 
[2025-06-10 10:10:07] production.INFO: Voice message generated {"message":"Bonjour Jeanne, bonne journée !"} 
[2025-06-10 10:10:19] production.INFO: GeniusToolsService - Creating QR Code {"data":{"name":"Site-01974eff-6efa-704f-9d62-13f850d702f9-QR","type":"url","url":"https://work.dia.ci/pointage/web/JHMljOFixxbyMZkMpp0lirSw6rU7RuDY","inner_eye_style":"square","outer_eye_style":"square","foreground_type":"gradient","foreground_gradient_style":"diagonal","foreground_gradient_one":"#3a5faa","foreground_gradient_two":"#324f88","background_color":"#FFFFFF","background_color_transparency":"0","custom_eyes_color":"1","eyes_inner_color":"#3a5faa","eyes_outer_color":"#324f88","size":"500","margin":"10","ecc":"H"}} 
[2025-06-10 10:10:19] production.INFO: GeniusToolsService - Create QR Code Response {"status":201,"body":{"data":{"id":701}}} 
[2025-06-10 10:10:19] production.INFO: GeniusToolsService - QR Code ID cached {"url":"https://work.dia.ci/pointage/web/JHMljOFixxbyMZkMpp0lirSw6rU7RuDY","name":"Site-01974eff-6efa-704f-9d62-13f850d702f9-QR","qr_code_id":701} 
[2025-06-10 10:10:19] production.INFO: GeniusToolsService - Get QR Code Info {"qr_code_id":701,"status":200,"response":{"data":{"id":701,"name":"Site-01974eff-6efa-704f-9d62-13f850d702f9-QR","type":"url","qr_code":"https://linkqr.genius.ci/uploads/qr_code/2e3ad084d630945bb80d2867b570edad.svg","qr_code_logo":"https://linkqr.genius.ci/uploads/qr_code_logo/2e3ad084d630945bb80d2867b570edad.svg","settings":{"inner_eye_style":"square","outer_eye_style":"square","style":"square","foreground_type":"gradient","foreground_gradient_style":"diagonal","foreground_gradient_one":"#3a5faa","foreground_gradient_two":"#324f88","background_color":"#FFFFFF","background_color_transparency":0,"custom_eyes_color":true,"eyes_inner_color":"#3a5faa","eyes_outer_color":"#324f88","qr_code_logo_size":25,"size":500,"margin":10,"ecc":"H","url":"https://work.dia.ci/pointage/web/JHMljOFixxbyMZkMpp0lirSw6rU7RuDY"},"last_datetime":null,"datetime":"2025-06-10 10:10:19"}}} 
[2025-06-10 10:10:33] production.INFO: GeniusToolsService - Creating QR Code {"data":{"name":"QR Code - Enock Yao","type":"url","url":"https://work.dia.ci/verification-employe/rt8ZHhfJ9Frf8BlqamvO1uwcF7r8qMFq","inner_eye_style":"square","outer_eye_style":"square","foreground_type":"gradient","foreground_gradient_style":"diagonal","foreground_gradient_one":"#3a5faa","foreground_gradient_two":"#324f88","background_color":"#FFFFFF","background_color_transparency":"0","custom_eyes_color":"1","eyes_inner_color":"#3a5faa","eyes_outer_color":"#324f88","size":"500","margin":"10","ecc":"H"}} 
[2025-06-10 10:10:33] production.INFO: GeniusToolsService - Create QR Code Response {"status":201,"body":{"data":{"id":702}}} 
[2025-06-10 10:10:33] production.INFO: GeniusToolsService - QR Code ID cached {"url":"https://work.dia.ci/verification-employe/rt8ZHhfJ9Frf8BlqamvO1uwcF7r8qMFq","name":"QR Code - Enock Yao","qr_code_id":702} 
[2025-06-10 10:10:33] production.INFO: EmployeurCarteService - QR code ID updated for employee {"employeur_id":"01974f52-53cf-714f-9986-617ffe87099e","qr_code_id":702} 
[2025-06-10 10:10:33] production.INFO: GeniusToolsService - Get QR Code Info {"qr_code_id":702,"status":200,"response":{"data":{"id":702,"name":"QR Code - Enock Yao","type":"url","qr_code":"https://linkqr.genius.ci/uploads/qr_code/1d23f363e8b2d834f9125e303792e774.svg","qr_code_logo":"https://linkqr.genius.ci/uploads/qr_code_logo/1d23f363e8b2d834f9125e303792e774.svg","settings":{"inner_eye_style":"square","outer_eye_style":"square","style":"square","foreground_type":"gradient","foreground_gradient_style":"diagonal","foreground_gradient_one":"#3a5faa","foreground_gradient_two":"#324f88","background_color":"#FFFFFF","background_color_transparency":0,"custom_eyes_color":true,"eyes_inner_color":"#3a5faa","eyes_outer_color":"#324f88","qr_code_logo_size":25,"size":500,"margin":10,"ecc":"H","url":"https://work.dia.ci/verification-employe/rt8ZHhfJ9Frf8BlqamvO1uwcF7r8qMFq"},"last_datetime":null,"datetime":"2025-06-10 10:10:33"}}} 
[2025-06-10 10:10:33] production.INFO: EmployeurCarteService - Using direct SVG URL for QR code {"employeur_id":"01974f52-53cf-714f-9986-617ffe87099e","qr_code_svg_url":"https://linkqr.genius.ci/uploads/qr_code/1d23f363e8b2d834f9125e303792e774.svg"} 
[2025-06-10 10:10:33] production.WARNING: EmployeurCarteService - Failed to convert SVG to base64 {"employeur_id":"01974f52-53cf-714f-9986-617ffe87099e","message":"file_get_contents(): https:// wrapper is disabled in the server configuration by allow_url_fopen=0"} 
[2025-06-10 10:10:33] production.INFO: EmployeurCarteService - QR code URL generated for employee {"employeur_id":"01974f52-53cf-714f-9986-617ffe87099e","qr_code_url":"https://linkqr.genius.ci/uploads/qr_code/1d23f363e8b2d834f9125e303792e774.svg"} 
[2025-06-10 10:10:33] production.INFO: EmployeurCarteService - Carte HTML générée avec succès {"employeur_id":"01974f52-53cf-714f-9986-617ffe87099e","filename":"carte-employe-enock-yao-1749550233.html"} 
[2025-06-10 10:11:07] production.INFO: Requête de pointage physique reçue {"idno":"rt8ZHhfJ9Frf8BlqamvO1uwcF7r8qMFq","token":"JHMljOFixxbyMZkMpp0lirSw6rU7RuDY","methode_pointage":"qrcode_physique","pause":false,"lat":null,"lng":null} 
[2025-06-10 10:11:07] production.INFO: Pointage physique traité {"status":"success","data":{"employee":"Enock Yao","type":"entree","time":"10:11:07","date":"10/06/2025","site":"Kenza Bonoumin","voice":"Bonjour Enock, bonne journée !","info_supplementaire":"","retard":1,"minutes_retard":-131.0,"minutes_travaillees":0,"minutes_supplementaires":0,"minutes_pause":0}} 
[2025-06-10 10:11:07] production.INFO: Pointage physique traité status {"status":"success"} 
[2025-06-10 10:11:07] production.INFO: Voice message generated {"message":"Bonjour Enock, bonne journée !"} 
[2025-06-10 10:11:17] production.INFO: GeniusToolsService - Creating QR Code {"data":{"name":"Site-01974eff-6efa-704f-9d62-13f850d702f9-QR","type":"url","url":"https://work.dia.ci/pointage/web/16GXo2xwv6lc4d3EYsiKjbKyTtzrpmRr","inner_eye_style":"square","outer_eye_style":"square","foreground_type":"gradient","foreground_gradient_style":"diagonal","foreground_gradient_one":"#3a5faa","foreground_gradient_two":"#324f88","background_color":"#FFFFFF","background_color_transparency":"0","custom_eyes_color":"1","eyes_inner_color":"#3a5faa","eyes_outer_color":"#324f88","size":"500","margin":"10","ecc":"H"}} 
[2025-06-10 10:11:17] production.INFO: GeniusToolsService - Create QR Code Response {"status":201,"body":{"data":{"id":703}}} 
[2025-06-10 10:11:17] production.INFO: GeniusToolsService - QR Code ID cached {"url":"https://work.dia.ci/pointage/web/16GXo2xwv6lc4d3EYsiKjbKyTtzrpmRr","name":"Site-01974eff-6efa-704f-9d62-13f850d702f9-QR","qr_code_id":703} 
[2025-06-10 10:11:17] production.INFO: GeniusToolsService - Get QR Code Info {"qr_code_id":703,"status":200,"response":{"data":{"id":703,"name":"Site-01974eff-6efa-704f-9d62-13f850d702f9-QR","type":"url","qr_code":"https://linkqr.genius.ci/uploads/qr_code/e2916cfc1dfbff35bb85e4dfb5062f38.svg","qr_code_logo":"https://linkqr.genius.ci/uploads/qr_code_logo/e2916cfc1dfbff35bb85e4dfb5062f38.svg","settings":{"inner_eye_style":"square","outer_eye_style":"square","style":"square","foreground_type":"gradient","foreground_gradient_style":"diagonal","foreground_gradient_one":"#3a5faa","foreground_gradient_two":"#324f88","background_color":"#FFFFFF","background_color_transparency":0,"custom_eyes_color":true,"eyes_inner_color":"#3a5faa","eyes_outer_color":"#324f88","qr_code_logo_size":25,"size":500,"margin":10,"ecc":"H","url":"https://work.dia.ci/pointage/web/16GXo2xwv6lc4d3EYsiKjbKyTtzrpmRr"},"last_datetime":null,"datetime":"2025-06-10 10:11:17"}}} 
[2025-06-10 10:14:42] production.INFO: Requête de pointage physique reçue {"idno":"Ea308hp3ZoFk0GNMacR3d4IKZmWwbihG","token":"rhJuEMIH4MEIXwqdBeXsJoJBhCEp1CWZ","methode_pointage":"qrcode_physique","pause":false,"lat":null,"lng":null} 
[2025-06-10 10:14:42] production.INFO: Pointage physique traité {"status":"success","data":{"employee":"Jérémie N'da","type":"sortie","time":"10:14:42","date":"10/06/2025","site":"GENIUS GROUPS Bonoumin","voice":"Au revoir Jérémie, bonne journée !","info_supplementaire":"Temps de travail: 0h25min","retard":1,"minutes_retard":-109,"minutes_travaillees":25.277583233333334788994761765934526920318603515625,"minutes_supplementaires":0,"minutes_pause":0}} 
[2025-06-10 10:14:42] production.INFO: Pointage physique traité status {"status":"success"} 
[2025-06-10 10:14:43] production.INFO: Voice message generated {"message":"Au revoir Jérémie, bonne journée !"} 
[2025-06-10 10:14:51] production.INFO: GeniusToolsService - Creating QR Code {"data":{"name":"Site-019751df-87c4-73bc-878a-0ac387df27bf-QR","type":"url","url":"https://work.dia.ci/pointage/web/oBMhv0JqUOGZWzBZhekLpxXN3b7zVzaq","inner_eye_style":"square","outer_eye_style":"square","foreground_type":"gradient","foreground_gradient_style":"diagonal","foreground_gradient_one":"#3a5faa","foreground_gradient_two":"#324f88","background_color":"#FFFFFF","background_color_transparency":"0","custom_eyes_color":"1","eyes_inner_color":"#3a5faa","eyes_outer_color":"#324f88","size":"500","margin":"10","ecc":"H"}} 
[2025-06-10 10:14:52] production.INFO: GeniusToolsService - Create QR Code Response {"status":201,"body":{"data":{"id":704}}} 
[2025-06-10 10:14:52] production.INFO: GeniusToolsService - QR Code ID cached {"url":"https://work.dia.ci/pointage/web/oBMhv0JqUOGZWzBZhekLpxXN3b7zVzaq","name":"Site-019751df-87c4-73bc-878a-0ac387df27bf-QR","qr_code_id":704} 
[2025-06-10 10:14:52] production.INFO: GeniusToolsService - Get QR Code Info {"qr_code_id":704,"status":200,"response":{"data":{"id":704,"name":"Site-019751df-87c4-73bc-878a-0ac387df27bf-QR","type":"url","qr_code":"https://linkqr.genius.ci/uploads/qr_code/1e260042ad05f2c441685f0423b633cc.svg","qr_code_logo":"https://linkqr.genius.ci/uploads/qr_code_logo/1e260042ad05f2c441685f0423b633cc.svg","settings":{"inner_eye_style":"square","outer_eye_style":"square","style":"square","foreground_type":"gradient","foreground_gradient_style":"diagonal","foreground_gradient_one":"#3a5faa","foreground_gradient_two":"#324f88","background_color":"#FFFFFF","background_color_transparency":0,"custom_eyes_color":true,"eyes_inner_color":"#3a5faa","eyes_outer_color":"#324f88","qr_code_logo_size":25,"size":500,"margin":10,"ecc":"H","url":"https://work.dia.ci/pointage/web/oBMhv0JqUOGZWzBZhekLpxXN3b7zVzaq"},"last_datetime":null,"datetime":"2025-06-10 10:14:52"}}} 
[2025-06-10 10:14:55] production.INFO: Requête de pointage physique reçue {"idno":"cane0OeXaiqijsSOoOyLk5xJYxZr3uo6","token":"oBMhv0JqUOGZWzBZhekLpxXN3b7zVzaq","methode_pointage":"qrcode_physique","pause":false,"lat":null,"lng":null} 
[2025-06-10 10:14:55] production.INFO: Pointage physique traité {"status":"success","data":{"employee":"Roxane Modjo","type":"sortie","time":"10:14:55","date":"10/06/2025","site":"GENIUS GROUPS Bonoumin","voice":"Au revoir Roxane, bonne journée !","info_supplementaire":"Temps de travail: 0h25min","retard":1,"minutes_retard":-109,"minutes_travaillees":25.311216783333332358552070218138396739959716796875,"minutes_supplementaires":0,"minutes_pause":0}} 
[2025-06-10 10:14:55] production.INFO: Pointage physique traité status {"status":"success"} 
[2025-06-10 10:14:56] production.INFO: Voice message generated {"message":"Au revoir Roxane, bonne journée !"} 
[2025-06-10 10:15:03] production.INFO: GeniusToolsService - Creating QR Code {"data":{"name":"Site-019751df-87c4-73bc-878a-0ac387df27bf-QR","type":"url","url":"https://work.dia.ci/pointage/web/AP11MeRqY83hK86GKTXntRhAVZ7rJGBc","inner_eye_style":"square","outer_eye_style":"square","foreground_type":"gradient","foreground_gradient_style":"diagonal","foreground_gradient_one":"#3a5faa","foreground_gradient_two":"#324f88","background_color":"#FFFFFF","background_color_transparency":"0","custom_eyes_color":"1","eyes_inner_color":"#3a5faa","eyes_outer_color":"#324f88","size":"500","margin":"10","ecc":"H"}} 
[2025-06-10 10:15:05] production.INFO: GeniusToolsService - Create QR Code Response {"status":201,"body":{"data":{"id":705}}} 
[2025-06-10 10:15:05] production.INFO: GeniusToolsService - QR Code ID cached {"url":"https://work.dia.ci/pointage/web/AP11MeRqY83hK86GKTXntRhAVZ7rJGBc","name":"Site-019751df-87c4-73bc-878a-0ac387df27bf-QR","qr_code_id":705} 
[2025-06-10 10:15:05] production.INFO: GeniusToolsService - Get QR Code Info {"qr_code_id":705,"status":200,"response":{"data":{"id":705,"name":"Site-019751df-87c4-73bc-878a-0ac387df27bf-QR","type":"url","qr_code":"https://linkqr.genius.ci/uploads/qr_code/7d7348bae6980ded57567c1395cb276d.svg","qr_code_logo":"https://linkqr.genius.ci/uploads/qr_code_logo/7d7348bae6980ded57567c1395cb276d.svg","settings":{"inner_eye_style":"square","outer_eye_style":"square","style":"square","foreground_type":"gradient","foreground_gradient_style":"diagonal","foreground_gradient_one":"#3a5faa","foreground_gradient_two":"#324f88","background_color":"#FFFFFF","background_color_transparency":0,"custom_eyes_color":true,"eyes_inner_color":"#3a5faa","eyes_outer_color":"#324f88","qr_code_logo_size":25,"size":500,"margin":10,"ecc":"H","url":"https://work.dia.ci/pointage/web/AP11MeRqY83hK86GKTXntRhAVZ7rJGBc"},"last_datetime":null,"datetime":"2025-06-10 10:15:04"}}} 
[2025-06-10 10:15:18] production.INFO: GeniusToolsService - Creating QR Code {"data":{"name":"Site-01975312-165a-7199-aec5-d91ba4bba837-QR","type":"url","url":"https://work.dia.ci/pointage/web/maC8aGHLFLQ7URUT2TeoVr9xQnMr8qWc","inner_eye_style":"square","outer_eye_style":"square","foreground_type":"gradient","foreground_gradient_style":"diagonal","foreground_gradient_one":"#3a5faa","foreground_gradient_two":"#324f88","background_color":"#FFFFFF","background_color_transparency":"0","custom_eyes_color":"1","eyes_inner_color":"#3a5faa","eyes_outer_color":"#324f88","size":"500","margin":"10","ecc":"H"}} 
[2025-06-10 10:15:18] production.INFO: GeniusToolsService - Create QR Code Response {"status":201,"body":{"data":{"id":706}}} 
[2025-06-10 10:15:18] production.INFO: GeniusToolsService - QR Code ID cached {"url":"https://work.dia.ci/pointage/web/maC8aGHLFLQ7URUT2TeoVr9xQnMr8qWc","name":"Site-01975312-165a-7199-aec5-d91ba4bba837-QR","qr_code_id":706} 
[2025-06-10 10:15:18] production.INFO: GeniusToolsService - Get QR Code Info {"qr_code_id":706,"status":200,"response":{"data":{"id":706,"name":"Site-01975312-165a-7199-aec5-d91ba4bba837-QR","type":"url","qr_code":"https://linkqr.genius.ci/uploads/qr_code/d0bf4cada35addd60c07faec96aca02b.svg","qr_code_logo":"https://linkqr.genius.ci/uploads/qr_code_logo/d0bf4cada35addd60c07faec96aca02b.svg","settings":{"inner_eye_style":"square","outer_eye_style":"square","style":"square","foreground_type":"gradient","foreground_gradient_style":"diagonal","foreground_gradient_one":"#3a5faa","foreground_gradient_two":"#324f88","background_color":"#FFFFFF","background_color_transparency":0,"custom_eyes_color":true,"eyes_inner_color":"#3a5faa","eyes_outer_color":"#324f88","qr_code_logo_size":25,"size":500,"margin":10,"ecc":"H","url":"https://work.dia.ci/pointage/web/maC8aGHLFLQ7URUT2TeoVr9xQnMr8qWc"},"last_datetime":null,"datetime":"2025-06-10 10:15:18"}}} 
[2025-06-10 10:15:25] production.INFO: Requête de pointage physique reçue {"idno":"cane0OeXaiqijsSOoOyLk5xJYxZr3uo6","token":"maC8aGHLFLQ7URUT2TeoVr9xQnMr8qWc","methode_pointage":"qrcode_physique","pause":false,"lat":null,"lng":null} 
[2025-06-10 10:15:25] production.INFO: Pointage physique traité {"status":"success","data":{"employee":"Roxane Modjo","type":"entree","time":"10:15:25","date":"10/06/2025","site":"Siège Principal","voice":"Bonjour Roxane, bonne journée !","info_supplementaire":"","retard":1,"minutes_retard":-109,"minutes_travaillees":25,"minutes_supplementaires":0,"minutes_pause":0}} 
[2025-06-10 10:15:25] production.INFO: Pointage physique traité status {"status":"success"} 
[2025-06-10 10:15:25] production.INFO: Voice message generated {"message":"Bonjour Roxane, bonne journée !"} 
[2025-06-10 10:15:33] production.INFO: GeniusToolsService - Creating QR Code {"data":{"name":"Site-01975312-165a-7199-aec5-d91ba4bba837-QR","type":"url","url":"https://work.dia.ci/pointage/web/jVwjA0R8jtm03Q230ps1rUoNC9G2U57r","inner_eye_style":"square","outer_eye_style":"square","foreground_type":"gradient","foreground_gradient_style":"diagonal","foreground_gradient_one":"#3a5faa","foreground_gradient_two":"#324f88","background_color":"#FFFFFF","background_color_transparency":"0","custom_eyes_color":"1","eyes_inner_color":"#3a5faa","eyes_outer_color":"#324f88","size":"500","margin":"10","ecc":"H"}} 
[2025-06-10 10:15:33] production.INFO: GeniusToolsService - Create QR Code Response {"status":201,"body":{"data":{"id":707}}} 
[2025-06-10 10:15:33] production.INFO: GeniusToolsService - QR Code ID cached {"url":"https://work.dia.ci/pointage/web/jVwjA0R8jtm03Q230ps1rUoNC9G2U57r","name":"Site-01975312-165a-7199-aec5-d91ba4bba837-QR","qr_code_id":707} 
[2025-06-10 10:15:33] production.INFO: GeniusToolsService - Get QR Code Info {"qr_code_id":707,"status":200,"response":{"data":{"id":707,"name":"Site-01975312-165a-7199-aec5-d91ba4bba837-QR","type":"url","qr_code":"https://linkqr.genius.ci/uploads/qr_code/72bd1d9bdc6a2437cca628194503a046.svg","qr_code_logo":"https://linkqr.genius.ci/uploads/qr_code_logo/72bd1d9bdc6a2437cca628194503a046.svg","settings":{"inner_eye_style":"square","outer_eye_style":"square","style":"square","foreground_type":"gradient","foreground_gradient_style":"diagonal","foreground_gradient_one":"#3a5faa","foreground_gradient_two":"#324f88","background_color":"#FFFFFF","background_color_transparency":0,"custom_eyes_color":true,"eyes_inner_color":"#3a5faa","eyes_outer_color":"#324f88","qr_code_logo_size":25,"size":500,"margin":10,"ecc":"H","url":"https://work.dia.ci/pointage/web/jVwjA0R8jtm03Q230ps1rUoNC9G2U57r"},"last_datetime":null,"datetime":"2025-06-10 10:15:33"}}} 
[2025-06-10 10:15:55] production.INFO: Requête de pointage physique reçue {"idno":"cane0OeXaiqijsSOoOyLk5xJYxZr3uo6","token":"AP11MeRqY83hK86GKTXntRhAVZ7rJGBc","methode_pointage":"qrcode_physique","pause":false,"lat":null,"lng":null} 
[2025-06-10 10:15:55] production.INFO: Pointage physique traité {"status":"success","data":{"employee":"Roxane Modjo","type":"sortie","time":"10:15:55","date":"10/06/2025","site":"GENIUS GROUPS Bonoumin","voice":"Au revoir Roxane, bonne journée !","info_supplementaire":"Temps de travail: 0h25min, Temps de pause: 0h1min","retard":1,"minutes_retard":-109,"minutes_travaillees":25.3078945500000003221430233679711818695068359375,"minutes_supplementaires":0,"minutes_pause":1}} 
[2025-06-10 10:15:55] production.INFO: Pointage physique traité status {"status":"success"} 
[2025-06-10 10:15:55] production.INFO: Voice message generated {"message":"Au revoir Roxane, bonne journée !"} 
[2025-06-10 10:16:04] production.INFO: GeniusToolsService - Creating QR Code {"data":{"name":"Site-01975312-165a-7199-aec5-d91ba4bba837-QR","type":"url","url":"https://work.dia.ci/pointage/web/ZZ4af1GdNgfulh98KSRkLIvaZZEw70qQ","inner_eye_style":"square","outer_eye_style":"square","foreground_type":"gradient","foreground_gradient_style":"diagonal","foreground_gradient_one":"#3a5faa","foreground_gradient_two":"#324f88","background_color":"#FFFFFF","background_color_transparency":"0","custom_eyes_color":"1","eyes_inner_color":"#3a5faa","eyes_outer_color":"#324f88","size":"500","margin":"10","ecc":"H"}} 
[2025-06-10 10:16:04] production.INFO: GeniusToolsService - Create QR Code Response {"status":201,"body":{"data":{"id":708}}} 
[2025-06-10 10:16:04] production.INFO: GeniusToolsService - QR Code ID cached {"url":"https://work.dia.ci/pointage/web/ZZ4af1GdNgfulh98KSRkLIvaZZEw70qQ","name":"Site-01975312-165a-7199-aec5-d91ba4bba837-QR","qr_code_id":708} 
[2025-06-10 10:16:04] production.INFO: GeniusToolsService - Get QR Code Info {"qr_code_id":708,"status":200,"response":{"data":{"id":708,"name":"Site-01975312-165a-7199-aec5-d91ba4bba837-QR","type":"url","qr_code":"https://linkqr.genius.ci/uploads/qr_code/12bd58822ca38f4dfe6bdeb673ed1a51.svg","qr_code_logo":"https://linkqr.genius.ci/uploads/qr_code_logo/12bd58822ca38f4dfe6bdeb673ed1a51.svg","settings":{"inner_eye_style":"square","outer_eye_style":"square","style":"square","foreground_type":"gradient","foreground_gradient_style":"diagonal","foreground_gradient_one":"#3a5faa","foreground_gradient_two":"#324f88","background_color":"#FFFFFF","background_color_transparency":0,"custom_eyes_color":true,"eyes_inner_color":"#3a5faa","eyes_outer_color":"#324f88","qr_code_logo_size":25,"size":500,"margin":10,"ecc":"H","url":"https://work.dia.ci/pointage/web/ZZ4af1GdNgfulh98KSRkLIvaZZEw70qQ"},"last_datetime":null,"datetime":"2025-06-10 10:16:04"}}} 
[2025-06-10 10:19:02] production.INFO: Requête de pointage physique reçue {"idno":"Ea308hp3ZoFk0GNMacR3d4IKZmWwbihG","token":"ZZ4af1GdNgfulh98KSRkLIvaZZEw70qQ","methode_pointage":"qrcode_physique","pause":false,"lat":null,"lng":null} 
[2025-06-10 10:19:02] production.INFO: Pointage physique traité {"status":"success","data":{"employee":"Jérémie N'da","type":"entree","time":"10:19:02","date":"10/06/2025","site":"Siège Principal","voice":"Bonjour Jérémie, bonne journée !","info_supplementaire":"","retard":1,"minutes_retard":-109,"minutes_travaillees":25,"minutes_supplementaires":0,"minutes_pause":4}} 
[2025-06-10 10:19:02] production.INFO: Pointage physique traité status {"status":"success"} 
[2025-06-10 10:19:02] production.INFO: Voice message generated {"message":"Bonjour Jérémie, bonne journée !"} 
[2025-06-10 10:19:11] production.INFO: GeniusToolsService - Creating QR Code {"data":{"name":"Site-01975312-165a-7199-aec5-d91ba4bba837-QR","type":"url","url":"https://work.dia.ci/pointage/web/nN0Oqp65qKdTKVYhwhqGR1ny0PqwtPAt","inner_eye_style":"square","outer_eye_style":"square","foreground_type":"gradient","foreground_gradient_style":"diagonal","foreground_gradient_one":"#3a5faa","foreground_gradient_two":"#324f88","background_color":"#FFFFFF","background_color_transparency":"0","custom_eyes_color":"1","eyes_inner_color":"#3a5faa","eyes_outer_color":"#324f88","size":"500","margin":"10","ecc":"H"}} 
[2025-06-10 10:19:11] production.INFO: GeniusToolsService - Create QR Code Response {"status":201,"body":{"data":{"id":709}}} 
[2025-06-10 10:19:11] production.INFO: GeniusToolsService - QR Code ID cached {"url":"https://work.dia.ci/pointage/web/nN0Oqp65qKdTKVYhwhqGR1ny0PqwtPAt","name":"Site-01975312-165a-7199-aec5-d91ba4bba837-QR","qr_code_id":709} 
[2025-06-10 10:19:11] production.INFO: GeniusToolsService - Get QR Code Info {"qr_code_id":709,"status":200,"response":{"data":{"id":709,"name":"Site-01975312-165a-7199-aec5-d91ba4bba837-QR","type":"url","qr_code":"https://linkqr.genius.ci/uploads/qr_code/cbc41d2bfd564e0cb3f4f5e6f06512dd.svg","qr_code_logo":"https://linkqr.genius.ci/uploads/qr_code_logo/cbc41d2bfd564e0cb3f4f5e6f06512dd.svg","settings":{"inner_eye_style":"square","outer_eye_style":"square","style":"square","foreground_type":"gradient","foreground_gradient_style":"diagonal","foreground_gradient_one":"#3a5faa","foreground_gradient_two":"#324f88","background_color":"#FFFFFF","background_color_transparency":0,"custom_eyes_color":true,"eyes_inner_color":"#3a5faa","eyes_outer_color":"#324f88","qr_code_logo_size":25,"size":500,"margin":10,"ecc":"H","url":"https://work.dia.ci/pointage/web/nN0Oqp65qKdTKVYhwhqGR1ny0PqwtPAt"},"last_datetime":null,"datetime":"2025-06-10 10:19:11"}}} 
[2025-06-10 10:19:56] production.INFO: Requête de pointage physique reçue {"idno":"Ea308hp3ZoFk0GNMacR3d4IKZmWwbihG","token":"nN0Oqp65qKdTKVYhwhqGR1ny0PqwtPAt","methode_pointage":"qrcode_physique","pause":false,"lat":null,"lng":null} 
[2025-06-10 10:19:56] production.INFO: Pointage physique traité {"status":"success","data":{"employee":"Jérémie N'da","type":"sortie","time":"10:19:56","date":"10/06/2025","site":"Siège Principal","voice":"Au revoir Jérémie, bonne journée !","info_supplementaire":"Temps de travail: 0h26min, Temps de pause: 0h4min","retard":1,"minutes_retard":-109,"minutes_travaillees":26.502655933333333138079979107715189456939697265625,"minutes_supplementaires":0,"minutes_pause":4}} 
[2025-06-10 10:19:56] production.INFO: Pointage physique traité status {"status":"success"} 
[2025-06-10 10:19:56] production.INFO: Voice message generated {"message":"Au revoir Jérémie, bonne journée !"} 
[2025-06-10 10:20:04] production.INFO: GeniusToolsService - Creating QR Code {"data":{"name":"Site-01975312-165a-7199-aec5-d91ba4bba837-QR","type":"url","url":"https://work.dia.ci/pointage/web/ZXK9dVwgzONITfynMCxetjlUvpdXlGnL","inner_eye_style":"square","outer_eye_style":"square","foreground_type":"gradient","foreground_gradient_style":"diagonal","foreground_gradient_one":"#3a5faa","foreground_gradient_two":"#324f88","background_color":"#FFFFFF","background_color_transparency":"0","custom_eyes_color":"1","eyes_inner_color":"#3a5faa","eyes_outer_color":"#324f88","size":"500","margin":"10","ecc":"H"}} 
[2025-06-10 10:20:05] production.INFO: GeniusToolsService - Create QR Code Response {"status":201,"body":{"data":{"id":710}}} 
[2025-06-10 10:20:05] production.INFO: GeniusToolsService - QR Code ID cached {"url":"https://work.dia.ci/pointage/web/ZXK9dVwgzONITfynMCxetjlUvpdXlGnL","name":"Site-01975312-165a-7199-aec5-d91ba4bba837-QR","qr_code_id":710} 
[2025-06-10 10:20:05] production.INFO: GeniusToolsService - Get QR Code Info {"qr_code_id":710,"status":200,"response":{"data":{"id":710,"name":"Site-01975312-165a-7199-aec5-d91ba4bba837-QR","type":"url","qr_code":"https://linkqr.genius.ci/uploads/qr_code/4dd72ce75ac34b1f883f7f84fba4fdf8.svg","qr_code_logo":"https://linkqr.genius.ci/uploads/qr_code_logo/4dd72ce75ac34b1f883f7f84fba4fdf8.svg","settings":{"inner_eye_style":"square","outer_eye_style":"square","style":"square","foreground_type":"gradient","foreground_gradient_style":"diagonal","foreground_gradient_one":"#3a5faa","foreground_gradient_two":"#324f88","background_color":"#FFFFFF","background_color_transparency":0,"custom_eyes_color":true,"eyes_inner_color":"#3a5faa","eyes_outer_color":"#324f88","qr_code_logo_size":25,"size":500,"margin":10,"ecc":"H","url":"https://work.dia.ci/pointage/web/ZXK9dVwgzONITfynMCxetjlUvpdXlGnL"},"last_datetime":null,"datetime":"2025-06-10 10:20:05"}}} 
[2025-06-10 10:21:22] production.INFO: Requête de pointage physique reçue {"idno":"cane0OeXaiqijsSOoOyLk5xJYxZr3uo6","token":"ZXK9dVwgzONITfynMCxetjlUvpdXlGnL","methode_pointage":"qrcode_physique","pause":false,"lat":null,"lng":null} 
[2025-06-10 10:21:22] production.INFO: Pointage physique traité {"status":"success","data":{"employee":"Roxane Modjo","type":"entree","time":"10:21:22","date":"10/06/2025","site":"Siège Principal","voice":"Bonjour Roxane, bonne journée !","info_supplementaire":"","retard":1,"minutes_retard":-109,"minutes_travaillees":25,"minutes_supplementaires":0,"minutes_pause":6}} 
[2025-06-10 10:21:22] production.INFO: Pointage physique traité status {"status":"success"} 
[2025-06-10 10:21:22] production.INFO: Voice message generated {"message":"Bonjour Roxane, bonne journée !"} 
[2025-06-10 10:21:30] production.INFO: GeniusToolsService - Creating QR Code {"data":{"name":"Site-01975312-165a-7199-aec5-d91ba4bba837-QR","type":"url","url":"https://work.dia.ci/pointage/web/7gqyyWKggGX4Ol6wjsQZcDzjSiuO1yFj","inner_eye_style":"square","outer_eye_style":"square","foreground_type":"gradient","foreground_gradient_style":"diagonal","foreground_gradient_one":"#3a5faa","foreground_gradient_two":"#324f88","background_color":"#FFFFFF","background_color_transparency":"0","custom_eyes_color":"1","eyes_inner_color":"#3a5faa","eyes_outer_color":"#324f88","size":"500","margin":"10","ecc":"H"}} 
[2025-06-10 10:21:31] production.INFO: GeniusToolsService - Create QR Code Response {"status":201,"body":{"data":{"id":711}}} 
[2025-06-10 10:21:31] production.INFO: GeniusToolsService - QR Code ID cached {"url":"https://work.dia.ci/pointage/web/7gqyyWKggGX4Ol6wjsQZcDzjSiuO1yFj","name":"Site-01975312-165a-7199-aec5-d91ba4bba837-QR","qr_code_id":711} 
[2025-06-10 10:21:31] production.INFO: GeniusToolsService - Get QR Code Info {"qr_code_id":711,"status":200,"response":{"data":{"id":711,"name":"Site-01975312-165a-7199-aec5-d91ba4bba837-QR","type":"url","qr_code":"https://linkqr.genius.ci/uploads/qr_code/64865980373e8f9985f2dad731acf9d1.svg","qr_code_logo":"https://linkqr.genius.ci/uploads/qr_code_logo/64865980373e8f9985f2dad731acf9d1.svg","settings":{"inner_eye_style":"square","outer_eye_style":"square","style":"square","foreground_type":"gradient","foreground_gradient_style":"diagonal","foreground_gradient_one":"#3a5faa","foreground_gradient_two":"#324f88","background_color":"#FFFFFF","background_color_transparency":0,"custom_eyes_color":true,"eyes_inner_color":"#3a5faa","eyes_outer_color":"#324f88","qr_code_logo_size":25,"size":500,"margin":10,"ecc":"H","url":"https://work.dia.ci/pointage/web/7gqyyWKggGX4Ol6wjsQZcDzjSiuO1yFj"},"last_datetime":null,"datetime":"2025-06-10 10:21:31"}}} 
[2025-06-10 10:22:14] production.INFO: GeniusToolsService - Creating QR Code {"data":{"name":"Site-019751df-87c4-73bc-878a-0ac387df27bf-QR","type":"url","url":"https://work.dia.ci/pointage/web/EAFKklV9TlzkHjqdiWlBfTUEmPquU2pn","inner_eye_style":"square","outer_eye_style":"square","foreground_type":"gradient","foreground_gradient_style":"diagonal","foreground_gradient_one":"#3a5faa","foreground_gradient_two":"#324f88","background_color":"#FFFFFF","background_color_transparency":"0","custom_eyes_color":"1","eyes_inner_color":"#3a5faa","eyes_outer_color":"#324f88","size":"500","margin":"10","ecc":"H"}} 
[2025-06-10 10:22:16] production.INFO: GeniusToolsService - Create QR Code Response {"status":201,"body":{"data":{"id":712}}} 
[2025-06-10 10:22:16] production.INFO: GeniusToolsService - QR Code ID cached {"url":"https://work.dia.ci/pointage/web/EAFKklV9TlzkHjqdiWlBfTUEmPquU2pn","name":"Site-019751df-87c4-73bc-878a-0ac387df27bf-QR","qr_code_id":712} 
[2025-06-10 10:22:16] production.INFO: GeniusToolsService - Get QR Code Info {"qr_code_id":712,"status":200,"response":{"data":{"id":712,"name":"Site-019751df-87c4-73bc-878a-0ac387df27bf-QR","type":"url","qr_code":"https://linkqr.genius.ci/uploads/qr_code/563ba0f631a08949415d3da95e2643b5.svg","qr_code_logo":"https://linkqr.genius.ci/uploads/qr_code_logo/563ba0f631a08949415d3da95e2643b5.svg","settings":{"inner_eye_style":"square","outer_eye_style":"square","style":"square","foreground_type":"gradient","foreground_gradient_style":"diagonal","foreground_gradient_one":"#3a5faa","foreground_gradient_two":"#324f88","background_color":"#FFFFFF","background_color_transparency":0,"custom_eyes_color":true,"eyes_inner_color":"#3a5faa","eyes_outer_color":"#324f88","qr_code_logo_size":25,"size":500,"margin":10,"ecc":"H","url":"https://work.dia.ci/pointage/web/EAFKklV9TlzkHjqdiWlBfTUEmPquU2pn"},"last_datetime":null,"datetime":"2025-06-10 10:22:15"}}} 
[2025-06-10 10:22:23] production.INFO: Requête de pointage physique reçue {"idno":"cane0OeXaiqijsSOoOyLk5xJYxZr3uo6","token":"EAFKklV9TlzkHjqdiWlBfTUEmPquU2pn","methode_pointage":"qrcode_physique","pause":false,"lat":null,"lng":null} 
[2025-06-10 10:22:23] production.INFO: Pointage physique traité {"status":"success","data":{"employee":"Roxane Modjo","type":"sortie","time":"10:22:23","date":"10/06/2025","site":"GENIUS GROUPS Bonoumin","voice":"Au revoir Roxane, bonne journée !","info_supplementaire":"Temps de travail: 0h26min, Temps de pause: 0h6min","retard":1,"minutes_retard":-109,"minutes_travaillees":26.78227568333333152850173064507544040679931640625,"minutes_supplementaires":0,"minutes_pause":6}} 
[2025-06-10 10:22:23] production.INFO: Pointage physique traité status {"status":"success"} 
[2025-06-10 10:22:24] production.INFO: Voice message generated {"message":"Au revoir Roxane, bonne journée !"} 
[2025-06-10 10:22:32] production.INFO: GeniusToolsService - Creating QR Code {"data":{"name":"Site-019751df-87c4-73bc-878a-0ac387df27bf-QR","type":"url","url":"https://work.dia.ci/pointage/web/EMqtLNvGytIaB1NW6yLGjOnAkgSttw1M","inner_eye_style":"square","outer_eye_style":"square","foreground_type":"gradient","foreground_gradient_style":"diagonal","foreground_gradient_one":"#3a5faa","foreground_gradient_two":"#324f88","background_color":"#FFFFFF","background_color_transparency":"0","custom_eyes_color":"1","eyes_inner_color":"#3a5faa","eyes_outer_color":"#324f88","size":"500","margin":"10","ecc":"H"}} 
[2025-06-10 10:22:32] production.INFO: GeniusToolsService - Create QR Code Response {"status":201,"body":{"data":{"id":713}}} 
[2025-06-10 10:22:32] production.INFO: GeniusToolsService - QR Code ID cached {"url":"https://work.dia.ci/pointage/web/EMqtLNvGytIaB1NW6yLGjOnAkgSttw1M","name":"Site-019751df-87c4-73bc-878a-0ac387df27bf-QR","qr_code_id":713} 
[2025-06-10 10:22:32] production.INFO: GeniusToolsService - Get QR Code Info {"qr_code_id":713,"status":200,"response":{"data":{"id":713,"name":"Site-019751df-87c4-73bc-878a-0ac387df27bf-QR","type":"url","qr_code":"https://linkqr.genius.ci/uploads/qr_code/559e454c48ad6b03a0de87ba3b9dc549.svg","qr_code_logo":"https://linkqr.genius.ci/uploads/qr_code_logo/559e454c48ad6b03a0de87ba3b9dc549.svg","settings":{"inner_eye_style":"square","outer_eye_style":"square","style":"square","foreground_type":"gradient","foreground_gradient_style":"diagonal","foreground_gradient_one":"#3a5faa","foreground_gradient_two":"#324f88","background_color":"#FFFFFF","background_color_transparency":0,"custom_eyes_color":true,"eyes_inner_color":"#3a5faa","eyes_outer_color":"#324f88","qr_code_logo_size":25,"size":500,"margin":10,"ecc":"H","url":"https://work.dia.ci/pointage/web/EMqtLNvGytIaB1NW6yLGjOnAkgSttw1M"},"last_datetime":null,"datetime":"2025-06-10 10:22:32"}}} 
[2025-06-10 10:41:06] production.ERROR: App\Filament\Resources\PlanAbonnementResource::App\Filament\Resources\{closure}(): Return value must be of type string, null returned (View: /home3/elngbpzd/work.dia.ci/vendor/filament/tables/resources/views/columns/text-column.blade.php) (View: /home3/elngbpzd/work.dia.ci/vendor/filament/tables/resources/views/columns/text-column.blade.php) (View: /home3/elngbpzd/work.dia.ci/vendor/filament/tables/resources/views/columns/text-column.blade.php) (View: /home3/elngbpzd/work.dia.ci/vendor/filament/tables/resources/views/columns/text-column.blade.php) {"userId":"01973f93-044a-73c2-b850-6771287d52a8","exception":"[object] (Illuminate\\View\\ViewException(code: 0): App\\Filament\\Resources\\PlanAbonnementResource::App\\Filament\\Resources\\{closure}(): Return value must be of type string, null returned (View: /home3/elngbpzd/work.dia.ci/vendor/filament/tables/resources/views/columns/text-column.blade.php) (View: /home3/elngbpzd/work.dia.ci/vendor/filament/tables/resources/views/columns/text-column.blade.php) (View: /home3/elngbpzd/work.dia.ci/vendor/filament/tables/resources/views/columns/text-column.blade.php) (View: /home3/elngbpzd/work.dia.ci/vendor/filament/tables/resources/views/columns/text-column.blade.php) at /home3/elngbpzd/work.dia.ci/app/Filament/Resources/PlanAbonnementResource.php:137)
[stacktrace]
#0 /home3/elngbpzd/work.dia.ci/vendor/livewire/livewire/src/Mechanisms/ExtendBlade/ExtendedCompilerEngine.php(58): Illuminate\\View\\Engines\\CompilerEngine->handleViewException(Object(Illuminate\\View\\ViewException), 0)
#1 /home3/elngbpzd/work.dia.ci/vendor/livewire/livewire/src/Mechanisms/ExtendBlade/ExtendedCompilerEngine.php(40): Livewire\\Mechanisms\\ExtendBlade\\ExtendedCompilerEngine->handleViewException(Object(Illuminate\\View\\ViewException), 0)
#2 /home3/elngbpzd/work.dia.ci/vendor/laravel/framework/src/Illuminate/View/Engines/CompilerEngine.php(74): Livewire\\Mechanisms\\ExtendBlade\\ExtendedCompilerEngine->evaluatePath('/home3/elngbpzd...', Array)
#3 /home3/elngbpzd/work.dia.ci/vendor/livewire/livewire/src/Mechanisms/ExtendBlade/ExtendedCompilerEngine.php(16): Illuminate\\View\\Engines\\CompilerEngine->get('/home3/elngbpzd...', Array)
#4 /home3/elngbpzd/work.dia.ci/vendor/laravel/framework/src/Illuminate/View/View.php(208): Livewire\\Mechanisms\\ExtendBlade\\ExtendedCompilerEngine->get('/home3/elngbpzd...', Array)
#5 /home3/elngbpzd/work.dia.ci/vendor/laravel/framework/src/Illuminate/View/View.php(191): Illuminate\\View\\View->getContents()
#6 /home3/elngbpzd/work.dia.ci/vendor/laravel/framework/src/Illuminate/View/View.php(160): Illuminate\\View\\View->renderContents()
#7 /home3/elngbpzd/work.dia.ci/vendor/livewire/livewire/src/Mechanisms/HandleComponents/HandleComponents.php(241): Illuminate\\View\\View->render(Object(Closure))
#8 /home3/elngbpzd/work.dia.ci/vendor/livewire/livewire/src/Mechanisms/HandleComponents/HandleComponents.php(285): Livewire\\Mechanisms\\HandleComponents\\HandleComponents->Livewire\\Mechanisms\\HandleComponents\\{closure}()
#9 /home3/elngbpzd/work.dia.ci/vendor/livewire/livewire/src/Mechanisms/HandleComponents/HandleComponents.php(233): Livewire\\Mechanisms\\HandleComponents\\HandleComponents->trackInRenderStack(Object(App\\Filament\\Resources\\PlanAbonnementResource\\Pages\\ListPlanAbonnements), Object(Closure))
#10 /home3/elngbpzd/work.dia.ci/vendor/livewire/livewire/src/Mechanisms/HandleComponents/HandleComponents.php(54): Livewire\\Mechanisms\\HandleComponents\\HandleComponents->render(Object(App\\Filament\\Resources\\PlanAbonnementResource\\Pages\\ListPlanAbonnements), '<div></div>')
#11 /home3/elngbpzd/work.dia.ci/vendor/livewire/livewire/src/LivewireManager.php(73): Livewire\\Mechanisms\\HandleComponents\\HandleComponents->mount('App\\\\Filament\\\\Re...', Array, NULL)
#12 /home3/elngbpzd/work.dia.ci/vendor/livewire/livewire/src/Features/SupportPageComponents/HandlesPageComponents.php(17): Livewire\\LivewireManager->mount('App\\\\Filament\\\\Re...', Array)
#13 /home3/elngbpzd/work.dia.ci/vendor/livewire/livewire/src/Features/SupportPageComponents/SupportPageComponents.php(117): Livewire\\Component->Livewire\\Features\\SupportPageComponents\\{closure}()
#14 /home3/elngbpzd/work.dia.ci/vendor/livewire/livewire/src/Features/SupportPageComponents/HandlesPageComponents.php(14): Livewire\\Features\\SupportPageComponents\\SupportPageComponents::interceptTheRenderOfTheComponentAndRetreiveTheLayoutConfiguration(Object(Closure))
#15 /home3/elngbpzd/work.dia.ci/vendor/laravel/framework/src/Illuminate/Routing/ControllerDispatcher.php(46): Livewire\\Component->__invoke()
#16 /home3/elngbpzd/work.dia.ci/vendor/laravel/framework/src/Illuminate/Routing/Route.php(265): Illuminate\\Routing\\ControllerDispatcher->dispatch(Object(Illuminate\\Routing\\Route), Object(App\\Filament\\Resources\\PlanAbonnementResource\\Pages\\ListPlanAbonnements), '__invoke')
#17 /home3/elngbpzd/work.dia.ci/vendor/laravel/framework/src/Illuminate/Routing/Route.php(211): Illuminate\\Routing\\Route->runController()
#18 /home3/elngbpzd/work.dia.ci/vendor/laravel/framework/src/Illuminate/Routing/Router.php(808): Illuminate\\Routing\\Route->run()
#19 /home3/elngbpzd/work.dia.ci/vendor/laravel/framework/src/Illuminate/Pipeline/Pipeline.php(169): Illuminate\\Routing\\Router->Illuminate\\Routing\\{closure}(Object(Illuminate\\Http\\Request))
#20 /home3/elngbpzd/work.dia.ci/vendor/laravel/framework/src/Illuminate/Auth/Middleware/EnsureEmailIsVerified.php(41): Illuminate\\Pipeline\\Pipeline->Illuminate\\Pipeline\\{closure}(Object(Illuminate\\Http\\Request))
#21 /home3/elngbpzd/work.dia.ci/vendor/laravel/framework/src/Illuminate/Pipeline/Pipeline.php(208): Illuminate\\Auth\\Middleware\\EnsureEmailIsVerified->handle(Object(Illuminate\\Http\\Request), Object(Closure), 'filament.admin....')
#22 /home3/elngbpzd/work.dia.ci/app/Http/Middleware/HasEntreprise.php(28): Illuminate\\Pipeline\\Pipeline->Illuminate\\Pipeline\\{closure}(Object(Illuminate\\Http\\Request))
#23 /home3/elngbpzd/work.dia.ci/vendor/laravel/framework/src/Illuminate/Pipeline/Pipeline.php(208): App\\Http\\Middleware\\HasEntreprise->handle(Object(Illuminate\\Http\\Request), Object(Closure))
#24 /home3/elngbpzd/work.dia.ci/app/Http/Middleware/RedirectIfUnpaidInvoice.php(27): Illuminate\\Pipeline\\Pipeline->Illuminate\\Pipeline\\{closure}(Object(Illuminate\\Http\\Request))
#25 /home3/elngbpzd/work.dia.ci/vendor/laravel/framework/src/Illuminate/Pipeline/Pipeline.php(208): App\\Http\\Middleware\\RedirectIfUnpaidInvoice->handle(Object(Illuminate\\Http\\Request), Object(Closure))
#26 /home3/elngbpzd/work.dia.ci/vendor/filament/filament/src/Http/Middleware/DispatchServingFilamentEvent.php(15): Illuminate\\Pipeline\\Pipeline->Illuminate\\Pipeline\\{closure}(Object(Illuminate\\Http\\Request))
#27 /home3/elngbpzd/work.dia.ci/vendor/laravel/framework/src/Illuminate/Pipeline/Pipeline.php(208): Filament\\Http\\Middleware\\DispatchServingFilamentEvent->handle(Object(Illuminate\\Http\\Request), Object(Closure))
#28 /home3/elngbpzd/work.dia.ci/vendor/filament/filament/src/Http/Middleware/DisableBladeIconComponents.php(14): Illuminate\\Pipeline\\Pipeline->Illuminate\\Pipeline\\{closure}(Object(Illuminate\\Http\\Request))
#29 /home3/elngbpzd/work.dia.ci/vendor/laravel/framework/src/Illuminate/Pipeline/Pipeline.php(208): Filament\\Http\\Middleware\\DisableBladeIconComponents->handle(Object(Illuminate\\Http\\Request), Object(Closure))
#30 /home3/elngbpzd/work.dia.ci/vendor/laravel/framework/src/Illuminate/Routing/Middleware/SubstituteBindings.php(50): Illuminate\\Pipeline\\Pipeline->Illuminate\\Pipeline\\{closure}(Object(Illuminate\\Http\\Request))
#31 /home3/elngbpzd/work.dia.ci/vendor/laravel/framework/src/Illuminate/Pipeline/Pipeline.php(208): Illuminate\\Routing\\Middleware\\SubstituteBindings->handle(Object(Illuminate\\Http\\Request), Object(Closure))
#32 /home3/elngbpzd/work.dia.ci/vendor/laravel/framework/src/Illuminate/Foundation/Http/Middleware/VerifyCsrfToken.php(87): Illuminate\\Pipeline\\Pipeline->Illuminate\\Pipeline\\{closure}(Object(Illuminate\\Http\\Request))
#33 /home3/elngbpzd/work.dia.ci/vendor/laravel/framework/src/Illuminate/Pipeline/Pipeline.php(208): Illuminate\\Foundation\\Http\\Middleware\\VerifyCsrfToken->handle(Object(Illuminate\\Http\\Request), Object(Closure))
#34 /home3/elngbpzd/work.dia.ci/vendor/laravel/framework/src/Illuminate/Session/Middleware/AuthenticateSession.php(66): Illuminate\\Pipeline\\Pipeline->Illuminate\\Pipeline\\{closure}(Object(Illuminate\\Http\\Request))
#35 /home3/elngbpzd/work.dia.ci/vendor/laravel/framework/src/Illuminate/Pipeline/Pipeline.php(208): Illuminate\\Session\\Middleware\\AuthenticateSession->handle(Object(Illuminate\\Http\\Request), Object(Closure))
#36 /home3/elngbpzd/work.dia.ci/vendor/laravel/framework/src/Illuminate/Auth/Middleware/Authenticate.php(63): Illuminate\\Pipeline\\Pipeline->Illuminate\\Pipeline\\{closure}(Object(Illuminate\\Http\\Request))
#37 /home3/elngbpzd/work.dia.ci/vendor/laravel/framework/src/Illuminate/Pipeline/Pipeline.php(208): Illuminate\\Auth\\Middleware\\Authenticate->handle(Object(Illuminate\\Http\\Request), Object(Closure))
#38 /home3/elngbpzd/work.dia.ci/vendor/laravel/framework/src/Illuminate/View/Middleware/ShareErrorsFromSession.php(48): Illuminate\\Pipeline\\Pipeline->Illuminate\\Pipeline\\{closure}(Object(Illuminate\\Http\\Request))
#39 /home3/elngbpzd/work.dia.ci/vendor/laravel/framework/src/Illuminate/Pipeline/Pipeline.php(208): Illuminate\\View\\Middleware\\ShareErrorsFromSession->handle(Object(Illuminate\\Http\\Request), Object(Closure))
#40 /home3/elngbpzd/work.dia.ci/vendor/laravel/framework/src/Illuminate/Session/Middleware/StartSession.php(120): Illuminate\\Pipeline\\Pipeline->Illuminate\\Pipeline\\{closure}(Object(Illuminate\\Http\\Request))
#41 /home3/elngbpzd/work.dia.ci/vendor/laravel/framework/src/Illuminate/Session/Middleware/StartSession.php(63): Illuminate\\Session\\Middleware\\StartSession->handleStatefulRequest(Object(Illuminate\\Http\\Request), Object(Illuminate\\Session\\Store), Object(Closure))
#42 /home3/elngbpzd/work.dia.ci/vendor/laravel/framework/src/Illuminate/Pipeline/Pipeline.php(208): Illuminate\\Session\\Middleware\\StartSession->handle(Object(Illuminate\\Http\\Request), Object(Closure))
#43 /home3/elngbpzd/work.dia.ci/vendor/laravel/framework/src/Illuminate/Cookie/Middleware/AddQueuedCookiesToResponse.php(36): Illuminate\\Pipeline\\Pipeline->Illuminate\\Pipeline\\{closure}(Object(Illuminate\\Http\\Request))
#44 /home3/elngbpzd/work.dia.ci/vendor/laravel/framework/src/Illuminate/Pipeline/Pipeline.php(208): Illuminate\\Cookie\\Middleware\\AddQueuedCookiesToResponse->handle(Object(Illuminate\\Http\\Request), Object(Closure))
#45 /home3/elngbpzd/work.dia.ci/vendor/laravel/framework/src/Illuminate/Cookie/Middleware/EncryptCookies.php(74): Illuminate\\Pipeline\\Pipeline->Illuminate\\Pipeline\\{closure}(Object(Illuminate\\Http\\Request))
#46 /home3/elngbpzd/work.dia.ci/vendor/laravel/framework/src/Illuminate/Pipeline/Pipeline.php(208): Illuminate\\Cookie\\Middleware\\EncryptCookies->handle(Object(Illuminate\\Http\\Request), Object(Closure))
#47 /home3/elngbpzd/work.dia.ci/vendor/filament/filament/src/Http/Middleware/SetUpPanel.php(19): Illuminate\\Pipeline\\Pipeline->Illuminate\\Pipeline\\{closure}(Object(Illuminate\\Http\\Request))
#48 /home3/elngbpzd/work.dia.ci/vendor/laravel/framework/src/Illuminate/Pipeline/Pipeline.php(208): Filament\\Http\\Middleware\\SetUpPanel->handle(Object(Illuminate\\Http\\Request), Object(Closure), Object(Filament\\Panel))
#49 /home3/elngbpzd/work.dia.ci/vendor/laravel/framework/src/Illuminate/Pipeline/Pipeline.php(126): Illuminate\\Pipeline\\Pipeline->Illuminate\\Pipeline\\{closure}(Object(Illuminate\\Http\\Request))
#50 /home3/elngbpzd/work.dia.ci/vendor/laravel/framework/src/Illuminate/Routing/Router.php(807): Illuminate\\Pipeline\\Pipeline->then(Object(Closure))
#51 /home3/elngbpzd/work.dia.ci/vendor/laravel/framework/src/Illuminate/Routing/Router.php(786): Illuminate\\Routing\\Router->runRouteWithinStack(Object(Illuminate\\Routing\\Route), Object(Illuminate\\Http\\Request))
#52 /home3/elngbpzd/work.dia.ci/vendor/laravel/framework/src/Illuminate/Routing/Router.php(750): Illuminate\\Routing\\Router->runRoute(Object(Illuminate\\Http\\Request), Object(Illuminate\\Routing\\Route))
#53 /home3/elngbpzd/work.dia.ci/vendor/laravel/framework/src/Illuminate/Routing/Router.php(739): Illuminate\\Routing\\Router->dispatchToRoute(Object(Illuminate\\Http\\Request))
#54 /home3/elngbpzd/work.dia.ci/vendor/laravel/framework/src/Illuminate/Foundation/Http/Kernel.php(200): Illuminate\\Routing\\Router->dispatch(Object(Illuminate\\Http\\Request))
#55 /home3/elngbpzd/work.dia.ci/vendor/laravel/framework/src/Illuminate/Pipeline/Pipeline.php(169): Illuminate\\Foundation\\Http\\Kernel->Illuminate\\Foundation\\Http\\{closure}(Object(Illuminate\\Http\\Request))
#56 /home3/elngbpzd/work.dia.ci/vendor/livewire/livewire/src/Features/SupportDisablingBackButtonCache/DisableBackButtonCacheMiddleware.php(19): Illuminate\\Pipeline\\Pipeline->Illuminate\\Pipeline\\{closure}(Object(Illuminate\\Http\\Request))
#57 /home3/elngbpzd/work.dia.ci/vendor/laravel/framework/src/Illuminate/Pipeline/Pipeline.php(208): Livewire\\Features\\SupportDisablingBackButtonCache\\DisableBackButtonCacheMiddleware->handle(Object(Illuminate\\Http\\Request), Object(Closure))
#58 /home3/elngbpzd/work.dia.ci/vendor/laravel/framework/src/Illuminate/Foundation/Http/Middleware/TransformsRequest.php(21): Illuminate\\Pipeline\\Pipeline->Illuminate\\Pipeline\\{closure}(Object(Illuminate\\Http\\Request))
#59 /home3/elngbpzd/work.dia.ci/vendor/laravel/framework/src/Illuminate/Foundation/Http/Middleware/ConvertEmptyStringsToNull.php(31): Illuminate\\Foundation\\Http\\Middleware\\TransformsRequest->handle(Object(Illuminate\\Http\\Request), Object(Closure))
#60 /home3/elngbpzd/work.dia.ci/vendor/laravel/framework/src/Illuminate/Pipeline/Pipeline.php(208): Illuminate\\Foundation\\Http\\Middleware\\ConvertEmptyStringsToNull->handle(Object(Illuminate\\Http\\Request), Object(Closure))
#61 /home3/elngbpzd/work.dia.ci/vendor/laravel/framework/src/Illuminate/Foundation/Http/Middleware/TransformsRequest.php(21): Illuminate\\Pipeline\\Pipeline->Illuminate\\Pipeline\\{closure}(Object(Illuminate\\Http\\Request))
#62 /home3/elngbpzd/work.dia.ci/vendor/laravel/framework/src/Illuminate/Foundation/Http/Middleware/TrimStrings.php(51): Illuminate\\Foundation\\Http\\Middleware\\TransformsRequest->handle(Object(Illuminate\\Http\\Request), Object(Closure))
#63 /home3/elngbpzd/work.dia.ci/vendor/laravel/framework/src/Illuminate/Pipeline/Pipeline.php(208): Illuminate\\Foundation\\Http\\Middleware\\TrimStrings->handle(Object(Illuminate\\Http\\Request), Object(Closure))
#64 /home3/elngbpzd/work.dia.ci/vendor/laravel/framework/src/Illuminate/Http/Middleware/ValidatePostSize.php(27): Illuminate\\Pipeline\\Pipeline->Illuminate\\Pipeline\\{closure}(Object(Illuminate\\Http\\Request))
#65 /home3/elngbpzd/work.dia.ci/vendor/laravel/framework/src/Illuminate/Pipeline/Pipeline.php(208): Illuminate\\Http\\Middleware\\ValidatePostSize->handle(Object(Illuminate\\Http\\Request), Object(Closure))
#66 /home3/elngbpzd/work.dia.ci/vendor/laravel/framework/src/Illuminate/Foundation/Http/Middleware/PreventRequestsDuringMaintenance.php(109): Illuminate\\Pipeline\\Pipeline->Illuminate\\Pipeline\\{closure}(Object(Illuminate\\Http\\Request))
#67 /home3/elngbpzd/work.dia.ci/vendor/laravel/framework/src/Illuminate/Pipeline/Pipeline.php(208): Illuminate\\Foundation\\Http\\Middleware\\PreventRequestsDuringMaintenance->handle(Object(Illuminate\\Http\\Request), Object(Closure))
#68 /home3/elngbpzd/work.dia.ci/vendor/laravel/framework/src/Illuminate/Http/Middleware/HandleCors.php(48): Illuminate\\Pipeline\\Pipeline->Illuminate\\Pipeline\\{closure}(Object(Illuminate\\Http\\Request))
#69 /home3/elngbpzd/work.dia.ci/vendor/laravel/framework/src/Illuminate/Pipeline/Pipeline.php(208): Illuminate\\Http\\Middleware\\HandleCors->handle(Object(Illuminate\\Http\\Request), Object(Closure))
#70 /home3/elngbpzd/work.dia.ci/vendor/laravel/framework/src/Illuminate/Http/Middleware/TrustProxies.php(58): Illuminate\\Pipeline\\Pipeline->Illuminate\\Pipeline\\{closure}(Object(Illuminate\\Http\\Request))
#71 /home3/elngbpzd/work.dia.ci/vendor/laravel/framework/src/Illuminate/Pipeline/Pipeline.php(208): Illuminate\\Http\\Middleware\\TrustProxies->handle(Object(Illuminate\\Http\\Request), Object(Closure))
#72 /home3/elngbpzd/work.dia.ci/vendor/laravel/framework/src/Illuminate/Foundation/Http/Middleware/InvokeDeferredCallbacks.php(22): Illuminate\\Pipeline\\Pipeline->Illuminate\\Pipeline\\{closure}(Object(Illuminate\\Http\\Request))
#73 /home3/elngbpzd/work.dia.ci/vendor/laravel/framework/src/Illuminate/Pipeline/Pipeline.php(208): Illuminate\\Foundation\\Http\\Middleware\\InvokeDeferredCallbacks->handle(Object(Illuminate\\Http\\Request), Object(Closure))
#74 /home3/elngbpzd/work.dia.ci/vendor/laravel/framework/src/Illuminate/Http/Middleware/ValidatePathEncoding.php(26): Illuminate\\Pipeline\\Pipeline->Illuminate\\Pipeline\\{closure}(Object(Illuminate\\Http\\Request))
#75 /home3/elngbpzd/work.dia.ci/vendor/laravel/framework/src/Illuminate/Pipeline/Pipeline.php(208): Illuminate\\Http\\Middleware\\ValidatePathEncoding->handle(Object(Illuminate\\Http\\Request), Object(Closure))
#76 /home3/elngbpzd/work.dia.ci/vendor/laravel/framework/src/Illuminate/Pipeline/Pipeline.php(126): Illuminate\\Pipeline\\Pipeline->Illuminate\\Pipeline\\{closure}(Object(Illuminate\\Http\\Request))
#77 /home3/elngbpzd/work.dia.ci/vendor/laravel/framework/src/Illuminate/Foundation/Http/Kernel.php(175): Illuminate\\Pipeline\\Pipeline->then(Object(Closure))
#78 /home3/elngbpzd/work.dia.ci/vendor/laravel/framework/src/Illuminate/Foundation/Http/Kernel.php(144): Illuminate\\Foundation\\Http\\Kernel->sendRequestThroughRouter(Object(Illuminate\\Http\\Request))
#79 /home3/elngbpzd/work.dia.ci/vendor/laravel/framework/src/Illuminate/Foundation/Application.php(1219): Illuminate\\Foundation\\Http\\Kernel->handle(Object(Illuminate\\Http\\Request))
#80 /home3/elngbpzd/work.dia.ci/index.php(20): Illuminate\\Foundation\\Application->handleRequest(Object(Illuminate\\Http\\Request))
#81 {main}

[previous exception] [object] (Illuminate\\View\\ViewException(code: 0): App\\Filament\\Resources\\PlanAbonnementResource::App\\Filament\\Resources\\{closure}(): Return value must be of type string, null returned (View: /home3/elngbpzd/work.dia.ci/vendor/filament/tables/resources/views/columns/text-column.blade.php) (View: /home3/elngbpzd/work.dia.ci/vendor/filament/tables/resources/views/columns/text-column.blade.php) (View: /home3/elngbpzd/work.dia.ci/vendor/filament/tables/resources/views/columns/text-column.blade.php) at /home3/elngbpzd/work.dia.ci/app/Filament/Resources/PlanAbonnementResource.php:137)
[stacktrace]
#0 /home3/elngbpzd/work.dia.ci/vendor/livewire/livewire/src/Mechanisms/ExtendBlade/ExtendedCompilerEngine.php(58): Illuminate\\View\\Engines\\CompilerEngine->handleViewException(Object(Illuminate\\View\\ViewException), 2)
#1 /home3/elngbpzd/work.dia.ci/vendor/livewire/livewire/src/Mechanisms/ExtendBlade/ExtendedCompilerEngine.php(40): Livewire\\Mechanisms\\ExtendBlade\\ExtendedCompilerEngine->handleViewException(Object(Illuminate\\View\\ViewException), 2)
#2 /home3/elngbpzd/work.dia.ci/vendor/laravel/framework/src/Illuminate/View/Engines/CompilerEngine.php(74): Livewire\\Mechanisms\\ExtendBlade\\ExtendedCompilerEngine->evaluatePath('/home3/elngbpzd...', Array)
#3 /home3/elngbpzd/work.dia.ci/vendor/livewire/livewire/src/Mechanisms/ExtendBlade/ExtendedCompilerEngine.php(16): Illuminate\\View\\Engines\\CompilerEngine->get('/home3/elngbpzd...', Array)
#4 /home3/elngbpzd/work.dia.ci/vendor/laravel/framework/src/Illuminate/View/View.php(208): Livewire\\Mechanisms\\ExtendBlade\\ExtendedCompilerEngine->get('/home3/elngbpzd...', Array)
#5 /home3/elngbpzd/work.dia.ci/vendor/laravel/framework/src/Illuminate/View/View.php(191): Illuminate\\View\\View->getContents()
#6 /home3/elngbpzd/work.dia.ci/vendor/laravel/framework/src/Illuminate/View/View.php(160): Illuminate\\View\\View->renderContents()
#7 /home3/elngbpzd/work.dia.ci/vendor/filament/support/src/Components/ViewComponent.php(115): Illuminate\\View\\View->render()
#8 /home3/elngbpzd/work.dia.ci/vendor/laravel/framework/src/Illuminate/Support/helpers.php(134): Filament\\Support\\Components\\ViewComponent->toHtml()
#9 /home3/elngbpzd/work.dia.ci/storage/framework/views/997005b9a04b8fc3954abb3e497ab51c.php(42): e(Object(Filament\\Tables\\Table))
#10 /home3/elngbpzd/work.dia.ci/vendor/livewire/livewire/src/Mechanisms/ExtendBlade/ExtendedCompilerEngine.php(37): include('/home3/elngbpzd...')
#11 /home3/elngbpzd/work.dia.ci/vendor/livewire/livewire/src/Mechanisms/ExtendBlade/ExtendedCompilerEngine.php(38): App\\Filament\\Resources\\PlanAbonnementResource\\Pages\\ListPlanAbonnements->Livewire\\Mechanisms\\ExtendBlade\\{closure}()
#12 /home3/elngbpzd/work.dia.ci/vendor/laravel/framework/src/Illuminate/View/Engines/CompilerEngine.php(74): Livewire\\Mechanisms\\ExtendBlade\\ExtendedCompilerEngine->evaluatePath('/home3/elngbpzd...', Array)
#13 /home3/elngbpzd/work.dia.ci/vendor/livewire/livewire/src/Mechanisms/ExtendBlade/ExtendedCompilerEngine.php(16): Illuminate\\View\\Engines\\CompilerEngine->get('/home3/elngbpzd...', Array)
#14 /home3/elngbpzd/work.dia.ci/vendor/laravel/framework/src/Illuminate/View/View.php(208): Livewire\\Mechanisms\\ExtendBlade\\ExtendedCompilerEngine->get('/home3/elngbpzd...', Array)
#15 /home3/elngbpzd/work.dia.ci/vendor/laravel/framework/src/Illuminate/View/View.php(191): Illuminate\\View\\View->getContents()
#16 /home3/elngbpzd/work.dia.ci/vendor/laravel/framework/src/Illuminate/View/View.php(160): Illuminate\\View\\View->renderContents()
#17 /home3/elngbpzd/work.dia.ci/vendor/livewire/livewire/src/Mechanisms/HandleComponents/HandleComponents.php(241): Illuminate\\View\\View->render(Object(Closure))
#18 /home3/elngbpzd/work.dia.ci/vendor/livewire/livewire/src/Mechanisms/HandleComponents/HandleComponents.php(285): Livewire\\Mechanisms\\HandleComponents\\HandleComponents->Livewire\\Mechanisms\\HandleComponents\\{closure}()
#19 /home3/elngbpzd/work.dia.ci/vendor/livewire/livewire/src/Mechanisms/HandleComponents/HandleComponents.php(233): Livewire\\Mechanisms\\HandleComponents\\HandleComponents->trackInRenderStack(Object(App\\Filament\\Resources\\PlanAbonnementResource\\Pages\\ListPlanAbonnements), Object(Closure))
#20 /home3/elngbpzd/work.dia.ci/vendor/livewire/livewire/src/Mechanisms/HandleComponents/HandleComponents.php(54): Livewire\\Mechanisms\\HandleComponents\\HandleComponents->render(Object(App\\Filament\\Resources\\PlanAbonnementResource\\Pages\\ListPlanAbonnements), '<div></div>')
#21 /home3/elngbpzd/work.dia.ci/vendor/livewire/livewire/src/LivewireManager.php(73): Livewire\\Mechanisms\\HandleComponents\\HandleComponents->mount('App\\\\Filament\\\\Re...', Array, NULL)
#22 /home3/elngbpzd/work.dia.ci/vendor/livewire/livewire/src/Features/SupportPageComponents/HandlesPageComponents.php(17): Livewire\\LivewireManager->mount('App\\\\Filament\\\\Re...', Array)
#23 /home3/elngbpzd/work.dia.ci/vendor/livewire/livewire/src/Features/SupportPageComponents/SupportPageComponents.php(117): Livewire\\Component->Livewire\\Features\\SupportPageComponents\\{closure}()
#24 /home3/elngbpzd/work.dia.ci/vendor/livewire/livewire/src/Features/SupportPageComponents/HandlesPageComponents.php(14): Livewire\\Features\\SupportPageComponents\\SupportPageComponents::interceptTheRenderOfTheComponentAndRetreiveTheLayoutConfiguration(Object(Closure))
#25 /home3/elngbpzd/work.dia.ci/vendor/laravel/framework/src/Illuminate/Routing/ControllerDispatcher.php(46): Livewire\\Component->__invoke()
#26 /home3/elngbpzd/work.dia.ci/vendor/laravel/framework/src/Illuminate/Routing/Route.php(265): Illuminate\\Routing\\ControllerDispatcher->dispatch(Object(Illuminate\\Routing\\Route), Object(App\\Filament\\Resources\\PlanAbonnementResource\\Pages\\ListPlanAbonnements), '__invoke')
#27 /home3/elngbpzd/work.dia.ci/vendor/laravel/framework/src/Illuminate/Routing/Route.php(211): Illuminate\\Routing\\Route->runController()
#28 /home3/elngbpzd/work.dia.ci/vendor/laravel/framework/src/Illuminate/Routing/Router.php(808): Illuminate\\Routing\\Route->run()
#29 /home3/elngbpzd/work.dia.ci/vendor/laravel/framework/src/Illuminate/Pipeline/Pipeline.php(169): Illuminate\\Routing\\Router->Illuminate\\Routing\\{closure}(Object(Illuminate\\Http\\Request))
#30 /home3/elngbpzd/work.dia.ci/vendor/laravel/framework/src/Illuminate/Auth/Middleware/EnsureEmailIsVerified.php(41): Illuminate\\Pipeline\\Pipeline->Illuminate\\Pipeline\\{closure}(Object(Illuminate\\Http\\Request))
#31 /home3/elngbpzd/work.dia.ci/vendor/laravel/framework/src/Illuminate/Pipeline/Pipeline.php(208): Illuminate\\Auth\\Middleware\\EnsureEmailIsVerified->handle(Object(Illuminate\\Http\\Request), Object(Closure), 'filament.admin....')
#32 /home3/elngbpzd/work.dia.ci/app/Http/Middleware/HasEntreprise.php(28): Illuminate\\Pipeline\\Pipeline->Illuminate\\Pipeline\\{closure}(Object(Illuminate\\Http\\Request))
#33 /home3/elngbpzd/work.dia.ci/vendor/laravel/framework/src/Illuminate/Pipeline/Pipeline.php(208): App\\Http\\Middleware\\HasEntreprise->handle(Object(Illuminate\\Http\\Request), Object(Closure))
#34 /home3/elngbpzd/work.dia.ci/app/Http/Middleware/RedirectIfUnpaidInvoice.php(27): Illuminate\\Pipeline\\Pipeline->Illuminate\\Pipeline\\{closure}(Object(Illuminate\\Http\\Request))
#35 /home3/elngbpzd/work.dia.ci/vendor/laravel/framework/src/Illuminate/Pipeline/Pipeline.php(208): App\\Http\\Middleware\\RedirectIfUnpaidInvoice->handle(Object(Illuminate\\Http\\Request), Object(Closure))
#36 /home3/elngbpzd/work.dia.ci/vendor/filament/filament/src/Http/Middleware/DispatchServingFilamentEvent.php(15): Illuminate\\Pipeline\\Pipeline->Illuminate\\Pipeline\\{closure}(Object(Illuminate\\Http\\Request))
#37 /home3/elngbpzd/work.dia.ci/vendor/laravel/framework/src/Illuminate/Pipeline/Pipeline.php(208): Filament\\Http\\Middleware\\DispatchServingFilamentEvent->handle(Object(Illuminate\\Http\\Request), Object(Closure))
#38 /home3/elngbpzd/work.dia.ci/vendor/filament/filament/src/Http/Middleware/DisableBladeIconComponents.php(14): Illuminate\\Pipeline\\Pipeline->Illuminate\\Pipeline\\{closure}(Object(Illuminate\\Http\\Request))
#39 /home3/elngbpzd/work.dia.ci/vendor/laravel/framework/src/Illuminate/Pipeline/Pipeline.php(208): Filament\\Http\\Middleware\\DisableBladeIconComponents->handle(Object(Illuminate\\Http\\Request), Object(Closure))
#40 /home3/elngbpzd/work.dia.ci/vendor/laravel/framework/src/Illuminate/Routing/Middleware/SubstituteBindings.php(50): Illuminate\\Pipeline\\Pipeline->Illuminate\\Pipeline\\{closure}(Object(Illuminate\\Http\\Request))
#41 /home3/elngbpzd/work.dia.ci/vendor/laravel/framework/src/Illuminate/Pipeline/Pipeline.php(208): Illuminate\\Routing\\Middleware\\SubstituteBindings->handle(Object(Illuminate\\Http\\Request), Object(Closure))
#42 /home3/elngbpzd/work.dia.ci/vendor/laravel/framework/src/Illuminate/Foundation/Http/Middleware/VerifyCsrfToken.php(87): Illuminate\\Pipeline\\Pipeline->Illuminate\\Pipeline\\{closure}(Object(Illuminate\\Http\\Request))
#43 /home3/elngbpzd/work.dia.ci/vendor/laravel/framework/src/Illuminate/Pipeline/Pipeline.php(208): Illuminate\\Foundation\\Http\\Middleware\\VerifyCsrfToken->handle(Object(Illuminate\\Http\\Request), Object(Closure))
#44 /home3/elngbpzd/work.dia.ci/vendor/laravel/framework/src/Illuminate/Session/Middleware/AuthenticateSession.php(66): Illuminate\\Pipeline\\Pipeline->Illuminate\\Pipeline\\{closure}(Object(Illuminate\\Http\\Request))
#45 /home3/elngbpzd/work.dia.ci/vendor/laravel/framework/src/Illuminate/Pipeline/Pipeline.php(208): Illuminate\\Session\\Middleware\\AuthenticateSession->handle(Object(Illuminate\\Http\\Request), Object(Closure))
#46 /home3/elngbpzd/work.dia.ci/vendor/laravel/framework/src/Illuminate/Auth/Middleware/Authenticate.php(63): Illuminate\\Pipeline\\Pipeline->Illuminate\\Pipeline\\{closure}(Object(Illuminate\\Http\\Request))
#47 /home3/elngbpzd/work.dia.ci/vendor/laravel/framework/src/Illuminate/Pipeline/Pipeline.php(208): Illuminate\\Auth\\Middleware\\Authenticate->handle(Object(Illuminate\\Http\\Request), Object(Closure))
#48 /home3/elngbpzd/work.dia.ci/vendor/laravel/framework/src/Illuminate/View/Middleware/ShareErrorsFromSession.php(48): Illuminate\\Pipeline\\Pipeline->Illuminate\\Pipeline\\{closure}(Object(Illuminate\\Http\\Request))
#49 /home3/elngbpzd/work.dia.ci/vendor/laravel/framework/src/Illuminate/Pipeline/Pipeline.php(208): Illuminate\\View\\Middleware\\ShareErrorsFromSession->handle(Object(Illuminate\\Http\\Request), Object(Closure))
#50 /home3/elngbpzd/work.dia.ci/vendor/laravel/framework/src/Illuminate/Session/Middleware/StartSession.php(120): Illuminate\\Pipeline\\Pipeline->Illuminate\\Pipeline\\{closure}(Object(Illuminate\\Http\\Request))
#51 /home3/elngbpzd/work.dia.ci/vendor/laravel/framework/src/Illuminate/Session/Middleware/StartSession.php(63): Illuminate\\Session\\Middleware\\StartSession->handleStatefulRequest(Object(Illuminate\\Http\\Request), Object(Illuminate\\Session\\Store), Object(Closure))
#52 /home3/elngbpzd/work.dia.ci/vendor/laravel/framework/src/Illuminate/Pipeline/Pipeline.php(208): Illuminate\\Session\\Middleware\\StartSession->handle(Object(Illuminate\\Http\\Request), Object(Closure))
#53 /home3/elngbpzd/work.dia.ci/vendor/laravel/framework/src/Illuminate/Cookie/Middleware/AddQueuedCookiesToResponse.php(36): Illuminate\\Pipeline\\Pipeline->Illuminate\\Pipeline\\{closure}(Object(Illuminate\\Http\\Request))
#54 /home3/elngbpzd/work.dia.ci/vendor/laravel/framework/src/Illuminate/Pipeline/Pipeline.php(208): Illuminate\\Cookie\\Middleware\\AddQueuedCookiesToResponse->handle(Object(Illuminate\\Http\\Request), Object(Closure))
#55 /home3/elngbpzd/work.dia.ci/vendor/laravel/framework/src/Illuminate/Cookie/Middleware/EncryptCookies.php(74): Illuminate\\Pipeline\\Pipeline->Illuminate\\Pipeline\\{closure}(Object(Illuminate\\Http\\Request))
#56 /home3/elngbpzd/work.dia.ci/vendor/laravel/framework/src/Illuminate/Pipeline/Pipeline.php(208): Illuminate\\Cookie\\Middleware\\EncryptCookies->handle(Object(Illuminate\\Http\\Request), Object(Closure))
#57 /home3/elngbpzd/work.dia.ci/vendor/filament/filament/src/Http/Middleware/SetUpPanel.php(19): Illuminate\\Pipeline\\Pipeline->Illuminate\\Pipeline\\{closure}(Object(Illuminate\\Http\\Request))
#58 /home3/elngbpzd/work.dia.ci/vendor/laravel/framework/src/Illuminate/Pipeline/Pipeline.php(208): Filament\\Http\\Middleware\\SetUpPanel->handle(Object(Illuminate\\Http\\Request), Object(Closure), Object(Filament\\Panel))
#59 /home3/elngbpzd/work.dia.ci/vendor/laravel/framework/src/Illuminate/Pipeline/Pipeline.php(126): Illuminate\\Pipeline\\Pipeline->Illuminate\\Pipeline\\{closure}(Object(Illuminate\\Http\\Request))
#60 /home3/elngbpzd/work.dia.ci/vendor/laravel/framework/src/Illuminate/Routing/Router.php(807): Illuminate\\Pipeline\\Pipeline->then(Object(Closure))
#61 /home3/elngbpzd/work.dia.ci/vendor/laravel/framework/src/Illuminate/Routing/Router.php(786): Illuminate\\Routing\\Router->runRouteWithinStack(Object(Illuminate\\Routing\\Route), Object(Illuminate\\Http\\Request))
#62 /home3/elngbpzd/work.dia.ci/vendor/laravel/framework/src/Illuminate/Routing/Router.php(750): Illuminate\\Routing\\Router->runRoute(Object(Illuminate\\Http\\Request), Object(Illuminate\\Routing\\Route))
#63 /home3/elngbpzd/work.dia.ci/vendor/laravel/framework/src/Illuminate/Routing/Router.php(739): Illuminate\\Routing\\Router->dispatchToRoute(Object(Illuminate\\Http\\Request))
#64 /home3/elngbpzd/work.dia.ci/vendor/laravel/framework/src/Illuminate/Foundation/Http/Kernel.php(200): Illuminate\\Routing\\Router->dispatch(Object(Illuminate\\Http\\Request))
#65 /home3/elngbpzd/work.dia.ci/vendor/laravel/framework/src/Illuminate/Pipeline/Pipeline.php(169): Illuminate\\Foundation\\Http\\Kernel->Illuminate\\Foundation\\Http\\{closure}(Object(Illuminate\\Http\\Request))
#66 /home3/elngbpzd/work.dia.ci/vendor/livewire/livewire/src/Features/SupportDisablingBackButtonCache/DisableBackButtonCacheMiddleware.php(19): Illuminate\\Pipeline\\Pipeline->Illuminate\\Pipeline\\{closure}(Object(Illuminate\\Http\\Request))
#67 /home3/elngbpzd/work.dia.ci/vendor/laravel/framework/src/Illuminate/Pipeline/Pipeline.php(208): Livewire\\Features\\SupportDisablingBackButtonCache\\DisableBackButtonCacheMiddleware->handle(Object(Illuminate\\Http\\Request), Object(Closure))
#68 /home3/elngbpzd/work.dia.ci/vendor/laravel/framework/src/Illuminate/Foundation/Http/Middleware/TransformsRequest.php(21): Illuminate\\Pipeline\\Pipeline->Illuminate\\Pipeline\\{closure}(Object(Illuminate\\Http\\Request))
#69 /home3/elngbpzd/work.dia.ci/vendor/laravel/framework/src/Illuminate/Foundation/Http/Middleware/ConvertEmptyStringsToNull.php(31): Illuminate\\Foundation\\Http\\Middleware\\TransformsRequest->handle(Object(Illuminate\\Http\\Request), Object(Closure))
#70 /home3/elngbpzd/work.dia.ci/vendor/laravel/framework/src/Illuminate/Pipeline/Pipeline.php(208): Illuminate\\Foundation\\Http\\Middleware\\ConvertEmptyStringsToNull->handle(Object(Illuminate\\Http\\Request), Object(Closure))
#71 /home3/elngbpzd/work.dia.ci/vendor/laravel/framework/src/Illuminate/Foundation/Http/Middleware/TransformsRequest.php(21): Illuminate\\Pipeline\\Pipeline->Illuminate\\Pipeline\\{closure}(Object(Illuminate\\Http\\Request))
#72 /home3/elngbpzd/work.dia.ci/vendor/laravel/framework/src/Illuminate/Foundation/Http/Middleware/TrimStrings.php(51): Illuminate\\Foundation\\Http\\Middleware\\TransformsRequest->handle(Object(Illuminate\\Http\\Request), Object(Closure))
#73 /home3/elngbpzd/work.dia.ci/vendor/laravel/framework/src/Illuminate/Pipeline/Pipeline.php(208): Illuminate\\Foundation\\Http\\Middleware\\TrimStrings->handle(Object(Illuminate\\Http\\Request), Object(Closure))
#74 /home3/elngbpzd/work.dia.ci/vendor/laravel/framework/src/Illuminate/Http/Middleware/ValidatePostSize.php(27): Illuminate\\Pipeline\\Pipeline->Illuminate\\Pipeline\\{closure}(Object(Illuminate\\Http\\Request))
#75 /home3/elngbpzd/work.dia.ci/vendor/laravel/framework/src/Illuminate/Pipeline/Pipeline.php(208): Illuminate\\Http\\Middleware\\ValidatePostSize->handle(Object(Illuminate\\Http\\Request), Object(Closure))
#76 /home3/elngbpzd/work.dia.ci/vendor/laravel/framework/src/Illuminate/Foundation/Http/Middleware/PreventRequestsDuringMaintenance.php(109): Illuminate\\Pipeline\\Pipeline->Illuminate\\Pipeline\\{closure}(Object(Illuminate\\Http\\Request))
#77 /home3/elngbpzd/work.dia.ci/vendor/laravel/framework/src/Illuminate/Pipeline/Pipeline.php(208): Illuminate\\Foundation\\Http\\Middleware\\PreventRequestsDuringMaintenance->handle(Object(Illuminate\\Http\\Request), Object(Closure))
#78 /home3/elngbpzd/work.dia.ci/vendor/laravel/framework/src/Illuminate/Http/Middleware/HandleCors.php(48): Illuminate\\Pipeline\\Pipeline->Illuminate\\Pipeline\\{closure}(Object(Illuminate\\Http\\Request))
#79 /home3/elngbpzd/work.dia.ci/vendor/laravel/framework/src/Illuminate/Pipeline/Pipeline.php(208): Illuminate\\Http\\Middleware\\HandleCors->handle(Object(Illuminate\\Http\\Request), Object(Closure))
#80 /home3/elngbpzd/work.dia.ci/vendor/laravel/framework/src/Illuminate/Http/Middleware/TrustProxies.php(58): Illuminate\\Pipeline\\Pipeline->Illuminate\\Pipeline\\{closure}(Object(Illuminate\\Http\\Request))
#81 /home3/elngbpzd/work.dia.ci/vendor/laravel/framework/src/Illuminate/Pipeline/Pipeline.php(208): Illuminate\\Http\\Middleware\\TrustProxies->handle(Object(Illuminate\\Http\\Request), Object(Closure))
#82 /home3/elngbpzd/work.dia.ci/vendor/laravel/framework/src/Illuminate/Foundation/Http/Middleware/InvokeDeferredCallbacks.php(22): Illuminate\\Pipeline\\Pipeline->Illuminate\\Pipeline\\{closure}(Object(Illuminate\\Http\\Request))
#83 /home3/elngbpzd/work.dia.ci/vendor/laravel/framework/src/Illuminate/Pipeline/Pipeline.php(208): Illuminate\\Foundation\\Http\\Middleware\\InvokeDeferredCallbacks->handle(Object(Illuminate\\Http\\Request), Object(Closure))
#84 /home3/elngbpzd/work.dia.ci/vendor/laravel/framework/src/Illuminate/Http/Middleware/ValidatePathEncoding.php(26): Illuminate\\Pipeline\\Pipeline->Illuminate\\Pipeline\\{closure}(Object(Illuminate\\Http\\Request))
#85 /home3/elngbpzd/work.dia.ci/vendor/laravel/framework/src/Illuminate/Pipeline/Pipeline.php(208): Illuminate\\Http\\Middleware\\ValidatePathEncoding->handle(Object(Illuminate\\Http\\Request), Object(Closure))
#86 /home3/elngbpzd/work.dia.ci/vendor/laravel/framework/src/Illuminate/Pipeline/Pipeline.php(126): Illuminate\\Pipeline\\Pipeline->Illuminate\\Pipeline\\{closure}(Object(Illuminate\\Http\\Request))
#87 /home3/elngbpzd/work.dia.ci/vendor/laravel/framework/src/Illuminate/Foundation/Http/Kernel.php(175): Illuminate\\Pipeline\\Pipeline->then(Object(Closure))
#88 /home3/elngbpzd/work.dia.ci/vendor/laravel/framework/src/Illuminate/Foundation/Http/Kernel.php(144): Illuminate\\Foundation\\Http\\Kernel->sendRequestThroughRouter(Object(Illuminate\\Http\\Request))
#89 /home3/elngbpzd/work.dia.ci/vendor/laravel/framework/src/Illuminate/Foundation/Application.php(1219): Illuminate\\Foundation\\Http\\Kernel->handle(Object(Illuminate\\Http\\Request))
#90 /home3/elngbpzd/work.dia.ci/index.php(20): Illuminate\\Foundation\\Application->handleRequest(Object(Illuminate\\Http\\Request))
#91 {main}

[previous exception] [object] (Illuminate\\View\\ViewException(code: 0): App\\Filament\\Resources\\PlanAbonnementResource::App\\Filament\\Resources\\{closure}(): Return value must be of type string, null returned (View: /home3/elngbpzd/work.dia.ci/vendor/filament/tables/resources/views/columns/text-column.blade.php) (View: /home3/elngbpzd/work.dia.ci/vendor/filament/tables/resources/views/columns/text-column.blade.php) at /home3/elngbpzd/work.dia.ci/app/Filament/Resources/PlanAbonnementResource.php:137)
[stacktrace]
#0 /home3/elngbpzd/work.dia.ci/vendor/livewire/livewire/src/Mechanisms/ExtendBlade/ExtendedCompilerEngine.php(58): Illuminate\\View\\Engines\\CompilerEngine->handleViewException(Object(Illuminate\\View\\ViewException), 7)
#1 /home3/elngbpzd/work.dia.ci/vendor/livewire/livewire/src/Mechanisms/ExtendBlade/ExtendedCompilerEngine.php(40): Livewire\\Mechanisms\\ExtendBlade\\ExtendedCompilerEngine->handleViewException(Object(Illuminate\\View\\ViewException), 7)
#2 /home3/elngbpzd/work.dia.ci/vendor/laravel/framework/src/Illuminate/View/Engines/CompilerEngine.php(74): Livewire\\Mechanisms\\ExtendBlade\\ExtendedCompilerEngine->evaluatePath('/home3/elngbpzd...', Array)
#3 /home3/elngbpzd/work.dia.ci/vendor/livewire/livewire/src/Mechanisms/ExtendBlade/ExtendedCompilerEngine.php(16): Illuminate\\View\\Engines\\CompilerEngine->get('/home3/elngbpzd...', Array)
#4 /home3/elngbpzd/work.dia.ci/vendor/laravel/framework/src/Illuminate/View/View.php(208): Livewire\\Mechanisms\\ExtendBlade\\ExtendedCompilerEngine->get('/home3/elngbpzd...', Array)
#5 /home3/elngbpzd/work.dia.ci/vendor/laravel/framework/src/Illuminate/View/View.php(191): Illuminate\\View\\View->getContents()
#6 /home3/elngbpzd/work.dia.ci/vendor/laravel/framework/src/Illuminate/View/View.php(160): Illuminate\\View\\View->renderContents()
#7 /home3/elngbpzd/work.dia.ci/vendor/laravel/framework/src/Illuminate/View/Concerns/ManagesComponents.php(103): Illuminate\\View\\View->render()
#8 /home3/elngbpzd/work.dia.ci/storage/framework/views/214c544a94a5507404ff2242340d55d8.php(2150): Illuminate\\View\\Factory->renderComponent()
#9 /home3/elngbpzd/work.dia.ci/vendor/livewire/livewire/src/Mechanisms/ExtendBlade/ExtendedCompilerEngine.php(37): include('/home3/elngbpzd...')
#10 /home3/elngbpzd/work.dia.ci/vendor/livewire/livewire/src/Mechanisms/ExtendBlade/ExtendedCompilerEngine.php(38): App\\Filament\\Resources\\PlanAbonnementResource\\Pages\\ListPlanAbonnements->Livewire\\Mechanisms\\ExtendBlade\\{closure}()
#11 /home3/elngbpzd/work.dia.ci/vendor/laravel/framework/src/Illuminate/View/Engines/CompilerEngine.php(74): Livewire\\Mechanisms\\ExtendBlade\\ExtendedCompilerEngine->evaluatePath('/home3/elngbpzd...', Array)
#12 /home3/elngbpzd/work.dia.ci/vendor/livewire/livewire/src/Mechanisms/ExtendBlade/ExtendedCompilerEngine.php(16): Illuminate\\View\\Engines\\CompilerEngine->get('/home3/elngbpzd...', Array)
#13 /home3/elngbpzd/work.dia.ci/vendor/laravel/framework/src/Illuminate/View/View.php(208): Livewire\\Mechanisms\\ExtendBlade\\ExtendedCompilerEngine->get('/home3/elngbpzd...', Array)
#14 /home3/elngbpzd/work.dia.ci/vendor/laravel/framework/src/Illuminate/View/View.php(191): Illuminate\\View\\View->getContents()
#15 /home3/elngbpzd/work.dia.ci/vendor/laravel/framework/src/Illuminate/View/View.php(160): Illuminate\\View\\View->renderContents()
#16 /home3/elngbpzd/work.dia.ci/vendor/filament/support/src/Components/ViewComponent.php(115): Illuminate\\View\\View->render()
#17 /home3/elngbpzd/work.dia.ci/vendor/laravel/framework/src/Illuminate/Support/helpers.php(134): Filament\\Support\\Components\\ViewComponent->toHtml()
#18 /home3/elngbpzd/work.dia.ci/storage/framework/views/997005b9a04b8fc3954abb3e497ab51c.php(42): e(Object(Filament\\Tables\\Table))
#19 /home3/elngbpzd/work.dia.ci/vendor/livewire/livewire/src/Mechanisms/ExtendBlade/ExtendedCompilerEngine.php(37): include('/home3/elngbpzd...')
#20 /home3/elngbpzd/work.dia.ci/vendor/livewire/livewire/src/Mechanisms/ExtendBlade/ExtendedCompilerEngine.php(38): App\\Filament\\Resources\\PlanAbonnementResource\\Pages\\ListPlanAbonnements->Livewire\\Mechanisms\\ExtendBlade\\{closure}()
#21 /home3/elngbpzd/work.dia.ci/vendor/laravel/framework/src/Illuminate/View/Engines/CompilerEngine.php(74): Livewire\\Mechanisms\\ExtendBlade\\ExtendedCompilerEngine->evaluatePath('/home3/elngbpzd...', Array)
#22 /home3/elngbpzd/work.dia.ci/vendor/livewire/livewire/src/Mechanisms/ExtendBlade/ExtendedCompilerEngine.php(16): Illuminate\\View\\Engines\\CompilerEngine->get('/home3/elngbpzd...', Array)
#23 /home3/elngbpzd/work.dia.ci/vendor/laravel/framework/src/Illuminate/View/View.php(208): Livewire\\Mechanisms\\ExtendBlade\\ExtendedCompilerEngine->get('/home3/elngbpzd...', Array)
#24 /home3/elngbpzd/work.dia.ci/vendor/laravel/framework/src/Illuminate/View/View.php(191): Illuminate\\View\\View->getContents()
#25 /home3/elngbpzd/work.dia.ci/vendor/laravel/framework/src/Illuminate/View/View.php(160): Illuminate\\View\\View->renderContents()
#26 /home3/elngbpzd/work.dia.ci/vendor/livewire/livewire/src/Mechanisms/HandleComponents/HandleComponents.php(241): Illuminate\\View\\View->render(Object(Closure))
#27 /home3/elngbpzd/work.dia.ci/vendor/livewire/livewire/src/Mechanisms/HandleComponents/HandleComponents.php(285): Livewire\\Mechanisms\\HandleComponents\\HandleComponents->Livewire\\Mechanisms\\HandleComponents\\{closure}()
#28 /home3/elngbpzd/work.dia.ci/vendor/livewire/livewire/src/Mechanisms/HandleComponents/HandleComponents.php(233): Livewire\\Mechanisms\\HandleComponents\\HandleComponents->trackInRenderStack(Object(App\\Filament\\Resources\\PlanAbonnementResource\\Pages\\ListPlanAbonnements), Object(Closure))
#29 /home3/elngbpzd/work.dia.ci/vendor/livewire/livewire/src/Mechanisms/HandleComponents/HandleComponents.php(54): Livewire\\Mechanisms\\HandleComponents\\HandleComponents->render(Object(App\\Filament\\Resources\\PlanAbonnementResource\\Pages\\ListPlanAbonnements), '<div></div>')
#30 /home3/elngbpzd/work.dia.ci/vendor/livewire/livewire/src/LivewireManager.php(73): Livewire\\Mechanisms\\HandleComponents\\HandleComponents->mount('App\\\\Filament\\\\Re...', Array, NULL)
#31 /home3/elngbpzd/work.dia.ci/vendor/livewire/livewire/src/Features/SupportPageComponents/HandlesPageComponents.php(17): Livewire\\LivewireManager->mount('App\\\\Filament\\\\Re...', Array)
#32 /home3/elngbpzd/work.dia.ci/vendor/livewire/livewire/src/Features/SupportPageComponents/SupportPageComponents.php(117): Livewire\\Component->Livewire\\Features\\SupportPageComponents\\{closure}()
#33 /home3/elngbpzd/work.dia.ci/vendor/livewire/livewire/src/Features/SupportPageComponents/HandlesPageComponents.php(14): Livewire\\Features\\SupportPageComponents\\SupportPageComponents::interceptTheRenderOfTheComponentAndRetreiveTheLayoutConfiguration(Object(Closure))
#34 /home3/elngbpzd/work.dia.ci/vendor/laravel/framework/src/Illuminate/Routing/ControllerDispatcher.php(46): Livewire\\Component->__invoke()
#35 /home3/elngbpzd/work.dia.ci/vendor/laravel/framework/src/Illuminate/Routing/Route.php(265): Illuminate\\Routing\\ControllerDispatcher->dispatch(Object(Illuminate\\Routing\\Route), Object(App\\Filament\\Resources\\PlanAbonnementResource\\Pages\\ListPlanAbonnements), '__invoke')
#36 /home3/elngbpzd/work.dia.ci/vendor/laravel/framework/src/Illuminate/Routing/Route.php(211): Illuminate\\Routing\\Route->runController()
#37 /home3/elngbpzd/work.dia.ci/vendor/laravel/framework/src/Illuminate/Routing/Router.php(808): Illuminate\\Routing\\Route->run()
#38 /home3/elngbpzd/work.dia.ci/vendor/laravel/framework/src/Illuminate/Pipeline/Pipeline.php(169): Illuminate\\Routing\\Router->Illuminate\\Routing\\{closure}(Object(Illuminate\\Http\\Request))
#39 /home3/elngbpzd/work.dia.ci/vendor/laravel/framework/src/Illuminate/Auth/Middleware/EnsureEmailIsVerified.php(41): Illuminate\\Pipeline\\Pipeline->Illuminate\\Pipeline\\{closure}(Object(Illuminate\\Http\\Request))
#40 /home3/elngbpzd/work.dia.ci/vendor/laravel/framework/src/Illuminate/Pipeline/Pipeline.php(208): Illuminate\\Auth\\Middleware\\EnsureEmailIsVerified->handle(Object(Illuminate\\Http\\Request), Object(Closure), 'filament.admin....')
#41 /home3/elngbpzd/work.dia.ci/app/Http/Middleware/HasEntreprise.php(28): Illuminate\\Pipeline\\Pipeline->Illuminate\\Pipeline\\{closure}(Object(Illuminate\\Http\\Request))
#42 /home3/elngbpzd/work.dia.ci/vendor/laravel/framework/src/Illuminate/Pipeline/Pipeline.php(208): App\\Http\\Middleware\\HasEntreprise->handle(Object(Illuminate\\Http\\Request), Object(Closure))
#43 /home3/elngbpzd/work.dia.ci/app/Http/Middleware/RedirectIfUnpaidInvoice.php(27): Illuminate\\Pipeline\\Pipeline->Illuminate\\Pipeline\\{closure}(Object(Illuminate\\Http\\Request))
#44 /home3/elngbpzd/work.dia.ci/vendor/laravel/framework/src/Illuminate/Pipeline/Pipeline.php(208): App\\Http\\Middleware\\RedirectIfUnpaidInvoice->handle(Object(Illuminate\\Http\\Request), Object(Closure))
#45 /home3/elngbpzd/work.dia.ci/vendor/filament/filament/src/Http/Middleware/DispatchServingFilamentEvent.php(15): Illuminate\\Pipeline\\Pipeline->Illuminate\\Pipeline\\{closure}(Object(Illuminate\\Http\\Request))
#46 /home3/elngbpzd/work.dia.ci/vendor/laravel/framework/src/Illuminate/Pipeline/Pipeline.php(208): Filament\\Http\\Middleware\\DispatchServingFilamentEvent->handle(Object(Illuminate\\Http\\Request), Object(Closure))
#47 /home3/elngbpzd/work.dia.ci/vendor/filament/filament/src/Http/Middleware/DisableBladeIconComponents.php(14): Illuminate\\Pipeline\\Pipeline->Illuminate\\Pipeline\\{closure}(Object(Illuminate\\Http\\Request))
#48 /home3/elngbpzd/work.dia.ci/vendor/laravel/framework/src/Illuminate/Pipeline/Pipeline.php(208): Filament\\Http\\Middleware\\DisableBladeIconComponents->handle(Object(Illuminate\\Http\\Request), Object(Closure))
#49 /home3/elngbpzd/work.dia.ci/vendor/laravel/framework/src/Illuminate/Routing/Middleware/SubstituteBindings.php(50): Illuminate\\Pipeline\\Pipeline->Illuminate\\Pipeline\\{closure}(Object(Illuminate\\Http\\Request))
#50 /home3/elngbpzd/work.dia.ci/vendor/laravel/framework/src/Illuminate/Pipeline/Pipeline.php(208): Illuminate\\Routing\\Middleware\\SubstituteBindings->handle(Object(Illuminate\\Http\\Request), Object(Closure))
#51 /home3/elngbpzd/work.dia.ci/vendor/laravel/framework/src/Illuminate/Foundation/Http/Middleware/VerifyCsrfToken.php(87): Illuminate\\Pipeline\\Pipeline->Illuminate\\Pipeline\\{closure}(Object(Illuminate\\Http\\Request))
#52 /home3/elngbpzd/work.dia.ci/vendor/laravel/framework/src/Illuminate/Pipeline/Pipeline.php(208): Illuminate\\Foundation\\Http\\Middleware\\VerifyCsrfToken->handle(Object(Illuminate\\Http\\Request), Object(Closure))
#53 /home3/elngbpzd/work.dia.ci/vendor/laravel/framework/src/Illuminate/Session/Middleware/AuthenticateSession.php(66): Illuminate\\Pipeline\\Pipeline->Illuminate\\Pipeline\\{closure}(Object(Illuminate\\Http\\Request))
#54 /home3/elngbpzd/work.dia.ci/vendor/laravel/framework/src/Illuminate/Pipeline/Pipeline.php(208): Illuminate\\Session\\Middleware\\AuthenticateSession->handle(Object(Illuminate\\Http\\Request), Object(Closure))
#55 /home3/elngbpzd/work.dia.ci/vendor/laravel/framework/src/Illuminate/Auth/Middleware/Authenticate.php(63): Illuminate\\Pipeline\\Pipeline->Illuminate\\Pipeline\\{closure}(Object(Illuminate\\Http\\Request))
#56 /home3/elngbpzd/work.dia.ci/vendor/laravel/framework/src/Illuminate/Pipeline/Pipeline.php(208): Illuminate\\Auth\\Middleware\\Authenticate->handle(Object(Illuminate\\Http\\Request), Object(Closure))
#57 /home3/elngbpzd/work.dia.ci/vendor/laravel/framework/src/Illuminate/View/Middleware/ShareErrorsFromSession.php(48): Illuminate\\Pipeline\\Pipeline->Illuminate\\Pipeline\\{closure}(Object(Illuminate\\Http\\Request))
#58 /home3/elngbpzd/work.dia.ci/vendor/laravel/framework/src/Illuminate/Pipeline/Pipeline.php(208): Illuminate\\View\\Middleware\\ShareErrorsFromSession->handle(Object(Illuminate\\Http\\Request), Object(Closure))
#59 /home3/elngbpzd/work.dia.ci/vendor/laravel/framework/src/Illuminate/Session/Middleware/StartSession.php(120): Illuminate\\Pipeline\\Pipeline->Illuminate\\Pipeline\\{closure}(Object(Illuminate\\Http\\Request))
#60 /home3/elngbpzd/work.dia.ci/vendor/laravel/framework/src/Illuminate/Session/Middleware/StartSession.php(63): Illuminate\\Session\\Middleware\\StartSession->handleStatefulRequest(Object(Illuminate\\Http\\Request), Object(Illuminate\\Session\\Store), Object(Closure))
#61 /home3/elngbpzd/work.dia.ci/vendor/laravel/framework/src/Illuminate/Pipeline/Pipeline.php(208): Illuminate\\Session\\Middleware\\StartSession->handle(Object(Illuminate\\Http\\Request), Object(Closure))
#62 /home3/elngbpzd/work.dia.ci/vendor/laravel/framework/src/Illuminate/Cookie/Middleware/AddQueuedCookiesToResponse.php(36): Illuminate\\Pipeline\\Pipeline->Illuminate\\Pipeline\\{closure}(Object(Illuminate\\Http\\Request))
#63 /home3/elngbpzd/work.dia.ci/vendor/laravel/framework/src/Illuminate/Pipeline/Pipeline.php(208): Illuminate\\Cookie\\Middleware\\AddQueuedCookiesToResponse->handle(Object(Illuminate\\Http\\Request), Object(Closure))
#64 /home3/elngbpzd/work.dia.ci/vendor/laravel/framework/src/Illuminate/Cookie/Middleware/EncryptCookies.php(74): Illuminate\\Pipeline\\Pipeline->Illuminate\\Pipeline\\{closure}(Object(Illuminate\\Http\\Request))
#65 /home3/elngbpzd/work.dia.ci/vendor/laravel/framework/src/Illuminate/Pipeline/Pipeline.php(208): Illuminate\\Cookie\\Middleware\\EncryptCookies->handle(Object(Illuminate\\Http\\Request), Object(Closure))
#66 /home3/elngbpzd/work.dia.ci/vendor/filament/filament/src/Http/Middleware/SetUpPanel.php(19): Illuminate\\Pipeline\\Pipeline->Illuminate\\Pipeline\\{closure}(Object(Illuminate\\Http\\Request))
#67 /home3/elngbpzd/work.dia.ci/vendor/laravel/framework/src/Illuminate/Pipeline/Pipeline.php(208): Filament\\Http\\Middleware\\SetUpPanel->handle(Object(Illuminate\\Http\\Request), Object(Closure), Object(Filament\\Panel))
#68 /home3/elngbpzd/work.dia.ci/vendor/laravel/framework/src/Illuminate/Pipeline/Pipeline.php(126): Illuminate\\Pipeline\\Pipeline->Illuminate\\Pipeline\\{closure}(Object(Illuminate\\Http\\Request))
#69 /home3/elngbpzd/work.dia.ci/vendor/laravel/framework/src/Illuminate/Routing/Router.php(807): Illuminate\\Pipeline\\Pipeline->then(Object(Closure))
#70 /home3/elngbpzd/work.dia.ci/vendor/laravel/framework/src/Illuminate/Routing/Router.php(786): Illuminate\\Routing\\Router->runRouteWithinStack(Object(Illuminate\\Routing\\Route), Object(Illuminate\\Http\\Request))
#71 /home3/elngbpzd/work.dia.ci/vendor/laravel/framework/src/Illuminate/Routing/Router.php(750): Illuminate\\Routing\\Router->runRoute(Object(Illuminate\\Http\\Request), Object(Illuminate\\Routing\\Route))
#72 /home3/elngbpzd/work.dia.ci/vendor/laravel/framework/src/Illuminate/Routing/Router.php(739): Illuminate\\Routing\\Router->dispatchToRoute(Object(Illuminate\\Http\\Request))
#73 /home3/elngbpzd/work.dia.ci/vendor/laravel/framework/src/Illuminate/Foundation/Http/Kernel.php(200): Illuminate\\Routing\\Router->dispatch(Object(Illuminate\\Http\\Request))
#74 /home3/elngbpzd/work.dia.ci/vendor/laravel/framework/src/Illuminate/Pipeline/Pipeline.php(169): Illuminate\\Foundation\\Http\\Kernel->Illuminate\\Foundation\\Http\\{closure}(Object(Illuminate\\Http\\Request))
#75 /home3/elngbpzd/work.dia.ci/vendor/livewire/livewire/src/Features/SupportDisablingBackButtonCache/DisableBackButtonCacheMiddleware.php(19): Illuminate\\Pipeline\\Pipeline->Illuminate\\Pipeline\\{closure}(Object(Illuminate\\Http\\Request))
#76 /home3/elngbpzd/work.dia.ci/vendor/laravel/framework/src/Illuminate/Pipeline/Pipeline.php(208): Livewire\\Features\\SupportDisablingBackButtonCache\\DisableBackButtonCacheMiddleware->handle(Object(Illuminate\\Http\\Request), Object(Closure))
#77 /home3/elngbpzd/work.dia.ci/vendor/laravel/framework/src/Illuminate/Foundation/Http/Middleware/TransformsRequest.php(21): Illuminate\\Pipeline\\Pipeline->Illuminate\\Pipeline\\{closure}(Object(Illuminate\\Http\\Request))
#78 /home3/elngbpzd/work.dia.ci/vendor/laravel/framework/src/Illuminate/Foundation/Http/Middleware/ConvertEmptyStringsToNull.php(31): Illuminate\\Foundation\\Http\\Middleware\\TransformsRequest->handle(Object(Illuminate\\Http\\Request), Object(Closure))
#79 /home3/elngbpzd/work.dia.ci/vendor/laravel/framework/src/Illuminate/Pipeline/Pipeline.php(208): Illuminate\\Foundation\\Http\\Middleware\\ConvertEmptyStringsToNull->handle(Object(Illuminate\\Http\\Request), Object(Closure))
#80 /home3/elngbpzd/work.dia.ci/vendor/laravel/framework/src/Illuminate/Foundation/Http/Middleware/TransformsRequest.php(21): Illuminate\\Pipeline\\Pipeline->Illuminate\\Pipeline\\{closure}(Object(Illuminate\\Http\\Request))
#81 /home3/elngbpzd/work.dia.ci/vendor/laravel/framework/src/Illuminate/Foundation/Http/Middleware/TrimStrings.php(51): Illuminate\\Foundation\\Http\\Middleware\\TransformsRequest->handle(Object(Illuminate\\Http\\Request), Object(Closure))
#82 /home3/elngbpzd/work.dia.ci/vendor/laravel/framework/src/Illuminate/Pipeline/Pipeline.php(208): Illuminate\\Foundation\\Http\\Middleware\\TrimStrings->handle(Object(Illuminate\\Http\\Request), Object(Closure))
#83 /home3/elngbpzd/work.dia.ci/vendor/laravel/framework/src/Illuminate/Http/Middleware/ValidatePostSize.php(27): Illuminate\\Pipeline\\Pipeline->Illuminate\\Pipeline\\{closure}(Object(Illuminate\\Http\\Request))
#84 /home3/elngbpzd/work.dia.ci/vendor/laravel/framework/src/Illuminate/Pipeline/Pipeline.php(208): Illuminate\\Http\\Middleware\\ValidatePostSize->handle(Object(Illuminate\\Http\\Request), Object(Closure))
#85 /home3/elngbpzd/work.dia.ci/vendor/laravel/framework/src/Illuminate/Foundation/Http/Middleware/PreventRequestsDuringMaintenance.php(109): Illuminate\\Pipeline\\Pipeline->Illuminate\\Pipeline\\{closure}(Object(Illuminate\\Http\\Request))
#86 /home3/elngbpzd/work.dia.ci/vendor/laravel/framework/src/Illuminate/Pipeline/Pipeline.php(208): Illuminate\\Foundation\\Http\\Middleware\\PreventRequestsDuringMaintenance->handle(Object(Illuminate\\Http\\Request), Object(Closure))
#87 /home3/elngbpzd/work.dia.ci/vendor/laravel/framework/src/Illuminate/Http/Middleware/HandleCors.php(48): Illuminate\\Pipeline\\Pipeline->Illuminate\\Pipeline\\{closure}(Object(Illuminate\\Http\\Request))
#88 /home3/elngbpzd/work.dia.ci/vendor/laravel/framework/src/Illuminate/Pipeline/Pipeline.php(208): Illuminate\\Http\\Middleware\\HandleCors->handle(Object(Illuminate\\Http\\Request), Object(Closure))
#89 /home3/elngbpzd/work.dia.ci/vendor/laravel/framework/src/Illuminate/Http/Middleware/TrustProxies.php(58): Illuminate\\Pipeline\\Pipeline->Illuminate\\Pipeline\\{closure}(Object(Illuminate\\Http\\Request))
#90 /home3/elngbpzd/work.dia.ci/vendor/laravel/framework/src/Illuminate/Pipeline/Pipeline.php(208): Illuminate\\Http\\Middleware\\TrustProxies->handle(Object(Illuminate\\Http\\Request), Object(Closure))
#91 /home3/elngbpzd/work.dia.ci/vendor/laravel/framework/src/Illuminate/Foundation/Http/Middleware/InvokeDeferredCallbacks.php(22): Illuminate\\Pipeline\\Pipeline->Illuminate\\Pipeline\\{closure}(Object(Illuminate\\Http\\Request))
#92 /home3/elngbpzd/work.dia.ci/vendor/laravel/framework/src/Illuminate/Pipeline/Pipeline.php(208): Illuminate\\Foundation\\Http\\Middleware\\InvokeDeferredCallbacks->handle(Object(Illuminate\\Http\\Request), Object(Closure))
#93 /home3/elngbpzd/work.dia.ci/vendor/laravel/framework/src/Illuminate/Http/Middleware/ValidatePathEncoding.php(26): Illuminate\\Pipeline\\Pipeline->Illuminate\\Pipeline\\{closure}(Object(Illuminate\\Http\\Request))
#94 /home3/elngbpzd/work.dia.ci/vendor/laravel/framework/src/Illuminate/Pipeline/Pipeline.php(208): Illuminate\\Http\\Middleware\\ValidatePathEncoding->handle(Object(Illuminate\\Http\\Request), Object(Closure))
#95 /home3/elngbpzd/work.dia.ci/vendor/laravel/framework/src/Illuminate/Pipeline/Pipeline.php(126): Illuminate\\Pipeline\\Pipeline->Illuminate\\Pipeline\\{closure}(Object(Illuminate\\Http\\Request))
#96 /home3/elngbpzd/work.dia.ci/vendor/laravel/framework/src/Illuminate/Foundation/Http/Kernel.php(175): Illuminate\\Pipeline\\Pipeline->then(Object(Closure))
#97 /home3/elngbpzd/work.dia.ci/vendor/laravel/framework/src/Illuminate/Foundation/Http/Kernel.php(144): Illuminate\\Foundation\\Http\\Kernel->sendRequestThroughRouter(Object(Illuminate\\Http\\Request))
#98 /home3/elngbpzd/work.dia.ci/vendor/laravel/framework/src/Illuminate/Foundation/Application.php(1219): Illuminate\\Foundation\\Http\\Kernel->handle(Object(Illuminate\\Http\\Request))
#99 /home3/elngbpzd/work.dia.ci/index.php(20): Illuminate\\Foundation\\Application->handleRequest(Object(Illuminate\\Http\\Request))
#100 {main}

[previous exception] [object] (Illuminate\\View\\ViewException(code: 0): App\\Filament\\Resources\\PlanAbonnementResource::App\\Filament\\Resources\\{closure}(): Return value must be of type string, null returned (View: /home3/elngbpzd/work.dia.ci/vendor/filament/tables/resources/views/columns/text-column.blade.php) at /home3/elngbpzd/work.dia.ci/app/Filament/Resources/PlanAbonnementResource.php:137)
[stacktrace]
#0 /home3/elngbpzd/work.dia.ci/vendor/livewire/livewire/src/Mechanisms/ExtendBlade/ExtendedCompilerEngine.php(58): Illuminate\\View\\Engines\\CompilerEngine->handleViewException(Object(TypeError), 8)
#1 /home3/elngbpzd/work.dia.ci/vendor/livewire/livewire/src/Mechanisms/ExtendBlade/ExtendedCompilerEngine.php(40): Livewire\\Mechanisms\\ExtendBlade\\ExtendedCompilerEngine->handleViewException(Object(TypeError), 8)
#2 /home3/elngbpzd/work.dia.ci/vendor/laravel/framework/src/Illuminate/View/Engines/CompilerEngine.php(74): Livewire\\Mechanisms\\ExtendBlade\\ExtendedCompilerEngine->evaluatePath('/home3/elngbpzd...', Array)
#3 /home3/elngbpzd/work.dia.ci/vendor/livewire/livewire/src/Mechanisms/ExtendBlade/ExtendedCompilerEngine.php(16): Illuminate\\View\\Engines\\CompilerEngine->get('/home3/elngbpzd...', Array)
#4 /home3/elngbpzd/work.dia.ci/vendor/laravel/framework/src/Illuminate/View/View.php(208): Livewire\\Mechanisms\\ExtendBlade\\ExtendedCompilerEngine->get('/home3/elngbpzd...', Array)
#5 /home3/elngbpzd/work.dia.ci/vendor/laravel/framework/src/Illuminate/View/View.php(191): Illuminate\\View\\View->getContents()
#6 /home3/elngbpzd/work.dia.ci/vendor/laravel/framework/src/Illuminate/View/View.php(160): Illuminate\\View\\View->renderContents()
#7 /home3/elngbpzd/work.dia.ci/vendor/filament/support/src/Components/ViewComponent.php(115): Illuminate\\View\\View->render()
#8 /home3/elngbpzd/work.dia.ci/vendor/laravel/framework/src/Illuminate/Support/helpers.php(134): Filament\\Support\\Components\\ViewComponent->toHtml()
#9 /home3/elngbpzd/work.dia.ci/storage/framework/views/20450aaa594a75fd888da62ca358aed5.php(94): e(Object(Filament\\Tables\\Columns\\TextColumn))
#10 /home3/elngbpzd/work.dia.ci/vendor/livewire/livewire/src/Mechanisms/ExtendBlade/ExtendedCompilerEngine.php(37): include('/home3/elngbpzd...')
#11 /home3/elngbpzd/work.dia.ci/vendor/livewire/livewire/src/Mechanisms/ExtendBlade/ExtendedCompilerEngine.php(38): App\\Filament\\Resources\\PlanAbonnementResource\\Pages\\ListPlanAbonnements->Livewire\\Mechanisms\\ExtendBlade\\{closure}()
#12 /home3/elngbpzd/work.dia.ci/vendor/laravel/framework/src/Illuminate/View/Engines/CompilerEngine.php(74): Livewire\\Mechanisms\\ExtendBlade\\ExtendedCompilerEngine->evaluatePath('/home3/elngbpzd...', Array)
#13 /home3/elngbpzd/work.dia.ci/vendor/livewire/livewire/src/Mechanisms/ExtendBlade/ExtendedCompilerEngine.php(16): Illuminate\\View\\Engines\\CompilerEngine->get('/home3/elngbpzd...', Array)
#14 /home3/elngbpzd/work.dia.ci/vendor/laravel/framework/src/Illuminate/View/View.php(208): Livewire\\Mechanisms\\ExtendBlade\\ExtendedCompilerEngine->get('/home3/elngbpzd...', Array)
#15 /home3/elngbpzd/work.dia.ci/vendor/laravel/framework/src/Illuminate/View/View.php(191): Illuminate\\View\\View->getContents()
#16 /home3/elngbpzd/work.dia.ci/vendor/laravel/framework/src/Illuminate/View/View.php(160): Illuminate\\View\\View->renderContents()
#17 /home3/elngbpzd/work.dia.ci/vendor/laravel/framework/src/Illuminate/View/Concerns/ManagesComponents.php(103): Illuminate\\View\\View->render()
#18 /home3/elngbpzd/work.dia.ci/storage/framework/views/214c544a94a5507404ff2242340d55d8.php(2150): Illuminate\\View\\Factory->renderComponent()
#19 /home3/elngbpzd/work.dia.ci/vendor/livewire/livewire/src/Mechanisms/ExtendBlade/ExtendedCompilerEngine.php(37): include('/home3/elngbpzd...')
#20 /home3/elngbpzd/work.dia.ci/vendor/livewire/livewire/src/Mechanisms/ExtendBlade/ExtendedCompilerEngine.php(38): App\\Filament\\Resources\\PlanAbonnementResource\\Pages\\ListPlanAbonnements->Livewire\\Mechanisms\\ExtendBlade\\{closure}()
#21 /home3/elngbpzd/work.dia.ci/vendor/laravel/framework/src/Illuminate/View/Engines/CompilerEngine.php(74): Livewire\\Mechanisms\\ExtendBlade\\ExtendedCompilerEngine->evaluatePath('/home3/elngbpzd...', Array)
#22 /home3/elngbpzd/work.dia.ci/vendor/livewire/livewire/src/Mechanisms/ExtendBlade/ExtendedCompilerEngine.php(16): Illuminate\\View\\Engines\\CompilerEngine->get('/home3/elngbpzd...', Array)
#23 /home3/elngbpzd/work.dia.ci/vendor/laravel/framework/src/Illuminate/View/View.php(208): Livewire\\Mechanisms\\ExtendBlade\\ExtendedCompilerEngine->get('/home3/elngbpzd...', Array)
#24 /home3/elngbpzd/work.dia.ci/vendor/laravel/framework/src/Illuminate/View/View.php(191): Illuminate\\View\\View->getContents()
#25 /home3/elngbpzd/work.dia.ci/vendor/laravel/framework/src/Illuminate/View/View.php(160): Illuminate\\View\\View->renderContents()
#26 /home3/elngbpzd/work.dia.ci/vendor/filament/support/src/Components/ViewComponent.php(115): Illuminate\\View\\View->render()
#27 /home3/elngbpzd/work.dia.ci/vendor/laravel/framework/src/Illuminate/Support/helpers.php(134): Filament\\Support\\Components\\ViewComponent->toHtml()
#28 /home3/elngbpzd/work.dia.ci/storage/framework/views/997005b9a04b8fc3954abb3e497ab51c.php(42): e(Object(Filament\\Tables\\Table))
#29 /home3/elngbpzd/work.dia.ci/vendor/livewire/livewire/src/Mechanisms/ExtendBlade/ExtendedCompilerEngine.php(37): include('/home3/elngbpzd...')
#30 /home3/elngbpzd/work.dia.ci/vendor/livewire/livewire/src/Mechanisms/ExtendBlade/ExtendedCompilerEngine.php(38): App\\Filament\\Resources\\PlanAbonnementResource\\Pages\\ListPlanAbonnements->Livewire\\Mechanisms\\ExtendBlade\\{closure}()
#31 /home3/elngbpzd/work.dia.ci/vendor/laravel/framework/src/Illuminate/View/Engines/CompilerEngine.php(74): Livewire\\Mechanisms\\ExtendBlade\\ExtendedCompilerEngine->evaluatePath('/home3/elngbpzd...', Array)
#32 /home3/elngbpzd/work.dia.ci/vendor/livewire/livewire/src/Mechanisms/ExtendBlade/ExtendedCompilerEngine.php(16): Illuminate\\View\\Engines\\CompilerEngine->get('/home3/elngbpzd...', Array)
#33 /home3/elngbpzd/work.dia.ci/vendor/laravel/framework/src/Illuminate/View/View.php(208): Livewire\\Mechanisms\\ExtendBlade\\ExtendedCompilerEngine->get('/home3/elngbpzd...', Array)
#34 /home3/elngbpzd/work.dia.ci/vendor/laravel/framework/src/Illuminate/View/View.php(191): Illuminate\\View\\View->getContents()
#35 /home3/elngbpzd/work.dia.ci/vendor/laravel/framework/src/Illuminate/View/View.php(160): Illuminate\\View\\View->renderContents()
#36 /home3/elngbpzd/work.dia.ci/vendor/livewire/livewire/src/Mechanisms/HandleComponents/HandleComponents.php(241): Illuminate\\View\\View->render(Object(Closure))
#37 /home3/elngbpzd/work.dia.ci/vendor/livewire/livewire/src/Mechanisms/HandleComponents/HandleComponents.php(285): Livewire\\Mechanisms\\HandleComponents\\HandleComponents->Livewire\\Mechanisms\\HandleComponents\\{closure}()
#38 /home3/elngbpzd/work.dia.ci/vendor/livewire/livewire/src/Mechanisms/HandleComponents/HandleComponents.php(233): Livewire\\Mechanisms\\HandleComponents\\HandleComponents->trackInRenderStack(Object(App\\Filament\\Resources\\PlanAbonnementResource\\Pages\\ListPlanAbonnements), Object(Closure))
#39 /home3/elngbpzd/work.dia.ci/vendor/livewire/livewire/src/Mechanisms/HandleComponents/HandleComponents.php(54): Livewire\\Mechanisms\\HandleComponents\\HandleComponents->render(Object(App\\Filament\\Resources\\PlanAbonnementResource\\Pages\\ListPlanAbonnements), '<div></div>')
#40 /home3/elngbpzd/work.dia.ci/vendor/livewire/livewire/src/LivewireManager.php(73): Livewire\\Mechanisms\\HandleComponents\\HandleComponents->mount('App\\\\Filament\\\\Re...', Array, NULL)
#41 /home3/elngbpzd/work.dia.ci/vendor/livewire/livewire/src/Features/SupportPageComponents/HandlesPageComponents.php(17): Livewire\\LivewireManager->mount('App\\\\Filament\\\\Re...', Array)
#42 /home3/elngbpzd/work.dia.ci/vendor/livewire/livewire/src/Features/SupportPageComponents/SupportPageComponents.php(117): Livewire\\Component->Livewire\\Features\\SupportPageComponents\\{closure}()
#43 /home3/elngbpzd/work.dia.ci/vendor/livewire/livewire/src/Features/SupportPageComponents/HandlesPageComponents.php(14): Livewire\\Features\\SupportPageComponents\\SupportPageComponents::interceptTheRenderOfTheComponentAndRetreiveTheLayoutConfiguration(Object(Closure))
#44 /home3/elngbpzd/work.dia.ci/vendor/laravel/framework/src/Illuminate/Routing/ControllerDispatcher.php(46): Livewire\\Component->__invoke()
#45 /home3/elngbpzd/work.dia.ci/vendor/laravel/framework/src/Illuminate/Routing/Route.php(265): Illuminate\\Routing\\ControllerDispatcher->dispatch(Object(Illuminate\\Routing\\Route), Object(App\\Filament\\Resources\\PlanAbonnementResource\\Pages\\ListPlanAbonnements), '__invoke')
#46 /home3/elngbpzd/work.dia.ci/vendor/laravel/framework/src/Illuminate/Routing/Route.php(211): Illuminate\\Routing\\Route->runController()
#47 /home3/elngbpzd/work.dia.ci/vendor/laravel/framework/src/Illuminate/Routing/Router.php(808): Illuminate\\Routing\\Route->run()
#48 /home3/elngbpzd/work.dia.ci/vendor/laravel/framework/src/Illuminate/Pipeline/Pipeline.php(169): Illuminate\\Routing\\Router->Illuminate\\Routing\\{closure}(Object(Illuminate\\Http\\Request))
#49 /home3/elngbpzd/work.dia.ci/vendor/laravel/framework/src/Illuminate/Auth/Middleware/EnsureEmailIsVerified.php(41): Illuminate\\Pipeline\\Pipeline->Illuminate\\Pipeline\\{closure}(Object(Illuminate\\Http\\Request))
#50 /home3/elngbpzd/work.dia.ci/vendor/laravel/framework/src/Illuminate/Pipeline/Pipeline.php(208): Illuminate\\Auth\\Middleware\\EnsureEmailIsVerified->handle(Object(Illuminate\\Http\\Request), Object(Closure), 'filament.admin....')
#51 /home3/elngbpzd/work.dia.ci/app/Http/Middleware/HasEntreprise.php(28): Illuminate\\Pipeline\\Pipeline->Illuminate\\Pipeline\\{closure}(Object(Illuminate\\Http\\Request))
#52 /home3/elngbpzd/work.dia.ci/vendor/laravel/framework/src/Illuminate/Pipeline/Pipeline.php(208): App\\Http\\Middleware\\HasEntreprise->handle(Object(Illuminate\\Http\\Request), Object(Closure))
#53 /home3/elngbpzd/work.dia.ci/app/Http/Middleware/RedirectIfUnpaidInvoice.php(27): Illuminate\\Pipeline\\Pipeline->Illuminate\\Pipeline\\{closure}(Object(Illuminate\\Http\\Request))
#54 /home3/elngbpzd/work.dia.ci/vendor/laravel/framework/src/Illuminate/Pipeline/Pipeline.php(208): App\\Http\\Middleware\\RedirectIfUnpaidInvoice->handle(Object(Illuminate\\Http\\Request), Object(Closure))
#55 /home3/elngbpzd/work.dia.ci/vendor/filament/filament/src/Http/Middleware/DispatchServingFilamentEvent.php(15): Illuminate\\Pipeline\\Pipeline->Illuminate\\Pipeline\\{closure}(Object(Illuminate\\Http\\Request))
#56 /home3/elngbpzd/work.dia.ci/vendor/laravel/framework/src/Illuminate/Pipeline/Pipeline.php(208): Filament\\Http\\Middleware\\DispatchServingFilamentEvent->handle(Object(Illuminate\\Http\\Request), Object(Closure))
#57 /home3/elngbpzd/work.dia.ci/vendor/filament/filament/src/Http/Middleware/DisableBladeIconComponents.php(14): Illuminate\\Pipeline\\Pipeline->Illuminate\\Pipeline\\{closure}(Object(Illuminate\\Http\\Request))
#58 /home3/elngbpzd/work.dia.ci/vendor/laravel/framework/src/Illuminate/Pipeline/Pipeline.php(208): Filament\\Http\\Middleware\\DisableBladeIconComponents->handle(Object(Illuminate\\Http\\Request), Object(Closure))
#59 /home3/elngbpzd/work.dia.ci/vendor/laravel/framework/src/Illuminate/Routing/Middleware/SubstituteBindings.php(50): Illuminate\\Pipeline\\Pipeline->Illuminate\\Pipeline\\{closure}(Object(Illuminate\\Http\\Request))
#60 /home3/elngbpzd/work.dia.ci/vendor/laravel/framework/src/Illuminate/Pipeline/Pipeline.php(208): Illuminate\\Routing\\Middleware\\SubstituteBindings->handle(Object(Illuminate\\Http\\Request), Object(Closure))
#61 /home3/elngbpzd/work.dia.ci/vendor/laravel/framework/src/Illuminate/Foundation/Http/Middleware/VerifyCsrfToken.php(87): Illuminate\\Pipeline\\Pipeline->Illuminate\\Pipeline\\{closure}(Object(Illuminate\\Http\\Request))
#62 /home3/elngbpzd/work.dia.ci/vendor/laravel/framework/src/Illuminate/Pipeline/Pipeline.php(208): Illuminate\\Foundation\\Http\\Middleware\\VerifyCsrfToken->handle(Object(Illuminate\\Http\\Request), Object(Closure))
#63 /home3/elngbpzd/work.dia.ci/vendor/laravel/framework/src/Illuminate/Session/Middleware/AuthenticateSession.php(66): Illuminate\\Pipeline\\Pipeline->Illuminate\\Pipeline\\{closure}(Object(Illuminate\\Http\\Request))
#64 /home3/elngbpzd/work.dia.ci/vendor/laravel/framework/src/Illuminate/Pipeline/Pipeline.php(208): Illuminate\\Session\\Middleware\\AuthenticateSession->handle(Object(Illuminate\\Http\\Request), Object(Closure))
#65 /home3/elngbpzd/work.dia.ci/vendor/laravel/framework/src/Illuminate/Auth/Middleware/Authenticate.php(63): Illuminate\\Pipeline\\Pipeline->Illuminate\\Pipeline\\{closure}(Object(Illuminate\\Http\\Request))
#66 /home3/elngbpzd/work.dia.ci/vendor/laravel/framework/src/Illuminate/Pipeline/Pipeline.php(208): Illuminate\\Auth\\Middleware\\Authenticate->handle(Object(Illuminate\\Http\\Request), Object(Closure))
#67 /home3/elngbpzd/work.dia.ci/vendor/laravel/framework/src/Illuminate/View/Middleware/ShareErrorsFromSession.php(48): Illuminate\\Pipeline\\Pipeline->Illuminate\\Pipeline\\{closure}(Object(Illuminate\\Http\\Request))
#68 /home3/elngbpzd/work.dia.ci/vendor/laravel/framework/src/Illuminate/Pipeline/Pipeline.php(208): Illuminate\\View\\Middleware\\ShareErrorsFromSession->handle(Object(Illuminate\\Http\\Request), Object(Closure))
#69 /home3/elngbpzd/work.dia.ci/vendor/laravel/framework/src/Illuminate/Session/Middleware/StartSession.php(120): Illuminate\\Pipeline\\Pipeline->Illuminate\\Pipeline\\{closure}(Object(Illuminate\\Http\\Request))
#70 /home3/elngbpzd/work.dia.ci/vendor/laravel/framework/src/Illuminate/Session/Middleware/StartSession.php(63): Illuminate\\Session\\Middleware\\StartSession->handleStatefulRequest(Object(Illuminate\\Http\\Request), Object(Illuminate\\Session\\Store), Object(Closure))
#71 /home3/elngbpzd/work.dia.ci/vendor/laravel/framework/src/Illuminate/Pipeline/Pipeline.php(208): Illuminate\\Session\\Middleware\\StartSession->handle(Object(Illuminate\\Http\\Request), Object(Closure))
#72 /home3/elngbpzd/work.dia.ci/vendor/laravel/framework/src/Illuminate/Cookie/Middleware/AddQueuedCookiesToResponse.php(36): Illuminate\\Pipeline\\Pipeline->Illuminate\\Pipeline\\{closure}(Object(Illuminate\\Http\\Request))
#73 /home3/elngbpzd/work.dia.ci/vendor/laravel/framework/src/Illuminate/Pipeline/Pipeline.php(208): Illuminate\\Cookie\\Middleware\\AddQueuedCookiesToResponse->handle(Object(Illuminate\\Http\\Request), Object(Closure))
#74 /home3/elngbpzd/work.dia.ci/vendor/laravel/framework/src/Illuminate/Cookie/Middleware/EncryptCookies.php(74): Illuminate\\Pipeline\\Pipeline->Illuminate\\Pipeline\\{closure}(Object(Illuminate\\Http\\Request))
#75 /home3/elngbpzd/work.dia.ci/vendor/laravel/framework/src/Illuminate/Pipeline/Pipeline.php(208): Illuminate\\Cookie\\Middleware\\EncryptCookies->handle(Object(Illuminate\\Http\\Request), Object(Closure))
#76 /home3/elngbpzd/work.dia.ci/vendor/filament/filament/src/Http/Middleware/SetUpPanel.php(19): Illuminate\\Pipeline\\Pipeline->Illuminate\\Pipeline\\{closure}(Object(Illuminate\\Http\\Request))
#77 /home3/elngbpzd/work.dia.ci/vendor/laravel/framework/src/Illuminate/Pipeline/Pipeline.php(208): Filament\\Http\\Middleware\\SetUpPanel->handle(Object(Illuminate\\Http\\Request), Object(Closure), Object(Filament\\Panel))
#78 /home3/elngbpzd/work.dia.ci/vendor/laravel/framework/src/Illuminate/Pipeline/Pipeline.php(126): Illuminate\\Pipeline\\Pipeline->Illuminate\\Pipeline\\{closure}(Object(Illuminate\\Http\\Request))
#79 /home3/elngbpzd/work.dia.ci/vendor/laravel/framework/src/Illuminate/Routing/Router.php(807): Illuminate\\Pipeline\\Pipeline->then(Object(Closure))
#80 /home3/elngbpzd/work.dia.ci/vendor/laravel/framework/src/Illuminate/Routing/Router.php(786): Illuminate\\Routing\\Router->runRouteWithinStack(Object(Illuminate\\Routing\\Route), Object(Illuminate\\Http\\Request))
#81 /home3/elngbpzd/work.dia.ci/vendor/laravel/framework/src/Illuminate/Routing/Router.php(750): Illuminate\\Routing\\Router->runRoute(Object(Illuminate\\Http\\Request), Object(Illuminate\\Routing\\Route))
#82 /home3/elngbpzd/work.dia.ci/vendor/laravel/framework/src/Illuminate/Routing/Router.php(739): Illuminate\\Routing\\Router->dispatchToRoute(Object(Illuminate\\Http\\Request))
#83 /home3/elngbpzd/work.dia.ci/vendor/laravel/framework/src/Illuminate/Foundation/Http/Kernel.php(200): Illuminate\\Routing\\Router->dispatch(Object(Illuminate\\Http\\Request))
#84 /home3/elngbpzd/work.dia.ci/vendor/laravel/framework/src/Illuminate/Pipeline/Pipeline.php(169): Illuminate\\Foundation\\Http\\Kernel->Illuminate\\Foundation\\Http\\{closure}(Object(Illuminate\\Http\\Request))
#85 /home3/elngbpzd/work.dia.ci/vendor/livewire/livewire/src/Features/SupportDisablingBackButtonCache/DisableBackButtonCacheMiddleware.php(19): Illuminate\\Pipeline\\Pipeline->Illuminate\\Pipeline\\{closure}(Object(Illuminate\\Http\\Request))
#86 /home3/elngbpzd/work.dia.ci/vendor/laravel/framework/src/Illuminate/Pipeline/Pipeline.php(208): Livewire\\Features\\SupportDisablingBackButtonCache\\DisableBackButtonCacheMiddleware->handle(Object(Illuminate\\Http\\Request), Object(Closure))
#87 /home3/elngbpzd/work.dia.ci/vendor/laravel/framework/src/Illuminate/Foundation/Http/Middleware/TransformsRequest.php(21): Illuminate\\Pipeline\\Pipeline->Illuminate\\Pipeline\\{closure}(Object(Illuminate\\Http\\Request))
#88 /home3/elngbpzd/work.dia.ci/vendor/laravel/framework/src/Illuminate/Foundation/Http/Middleware/ConvertEmptyStringsToNull.php(31): Illuminate\\Foundation\\Http\\Middleware\\TransformsRequest->handle(Object(Illuminate\\Http\\Request), Object(Closure))
#89 /home3/elngbpzd/work.dia.ci/vendor/laravel/framework/src/Illuminate/Pipeline/Pipeline.php(208): Illuminate\\Foundation\\Http\\Middleware\\ConvertEmptyStringsToNull->handle(Object(Illuminate\\Http\\Request), Object(Closure))
#90 /home3/elngbpzd/work.dia.ci/vendor/laravel/framework/src/Illuminate/Foundation/Http/Middleware/TransformsRequest.php(21): Illuminate\\Pipeline\\Pipeline->Illuminate\\Pipeline\\{closure}(Object(Illuminate\\Http\\Request))
#91 /home3/elngbpzd/work.dia.ci/vendor/laravel/framework/src/Illuminate/Foundation/Http/Middleware/TrimStrings.php(51): Illuminate\\Foundation\\Http\\Middleware\\TransformsRequest->handle(Object(Illuminate\\Http\\Request), Object(Closure))
#92 /home3/elngbpzd/work.dia.ci/vendor/laravel/framework/src/Illuminate/Pipeline/Pipeline.php(208): Illuminate\\Foundation\\Http\\Middleware\\TrimStrings->handle(Object(Illuminate\\Http\\Request), Object(Closure))
#93 /home3/elngbpzd/work.dia.ci/vendor/laravel/framework/src/Illuminate/Http/Middleware/ValidatePostSize.php(27): Illuminate\\Pipeline\\Pipeline->Illuminate\\Pipeline\\{closure}(Object(Illuminate\\Http\\Request))
#94 /home3/elngbpzd/work.dia.ci/vendor/laravel/framework/src/Illuminate/Pipeline/Pipeline.php(208): Illuminate\\Http\\Middleware\\ValidatePostSize->handle(Object(Illuminate\\Http\\Request), Object(Closure))
#95 /home3/elngbpzd/work.dia.ci/vendor/laravel/framework/src/Illuminate/Foundation/Http/Middleware/PreventRequestsDuringMaintenance.php(109): Illuminate\\Pipeline\\Pipeline->Illuminate\\Pipeline\\{closure}(Object(Illuminate\\Http\\Request))
#96 /home3/elngbpzd/work.dia.ci/vendor/laravel/framework/src/Illuminate/Pipeline/Pipeline.php(208): Illuminate\\Foundation\\Http\\Middleware\\PreventRequestsDuringMaintenance->handle(Object(Illuminate\\Http\\Request), Object(Closure))
#97 /home3/elngbpzd/work.dia.ci/vendor/laravel/framework/src/Illuminate/Http/Middleware/HandleCors.php(48): Illuminate\\Pipeline\\Pipeline->Illuminate\\Pipeline\\{closure}(Object(Illuminate\\Http\\Request))
#98 /home3/elngbpzd/work.dia.ci/vendor/laravel/framework/src/Illuminate/Pipeline/Pipeline.php(208): Illuminate\\Http\\Middleware\\HandleCors->handle(Object(Illuminate\\Http\\Request), Object(Closure))
#99 /home3/elngbpzd/work.dia.ci/vendor/laravel/framework/src/Illuminate/Http/Middleware/TrustProxies.php(58): Illuminate\\Pipeline\\Pipeline->Illuminate\\Pipeline\\{closure}(Object(Illuminate\\Http\\Request))
#100 /home3/elngbpzd/work.dia.ci/vendor/laravel/framework/src/Illuminate/Pipeline/Pipeline.php(208): Illuminate\\Http\\Middleware\\TrustProxies->handle(Object(Illuminate\\Http\\Request), Object(Closure))
#101 /home3/elngbpzd/work.dia.ci/vendor/laravel/framework/src/Illuminate/Foundation/Http/Middleware/InvokeDeferredCallbacks.php(22): Illuminate\\Pipeline\\Pipeline->Illuminate\\Pipeline\\{closure}(Object(Illuminate\\Http\\Request))
#102 /home3/elngbpzd/work.dia.ci/vendor/laravel/framework/src/Illuminate/Pipeline/Pipeline.php(208): Illuminate\\Foundation\\Http\\Middleware\\InvokeDeferredCallbacks->handle(Object(Illuminate\\Http\\Request), Object(Closure))
#103 /home3/elngbpzd/work.dia.ci/vendor/laravel/framework/src/Illuminate/Http/Middleware/ValidatePathEncoding.php(26): Illuminate\\Pipeline\\Pipeline->Illuminate\\Pipeline\\{closure}(Object(Illuminate\\Http\\Request))
#104 /home3/elngbpzd/work.dia.ci/vendor/laravel/framework/src/Illuminate/Pipeline/Pipeline.php(208): Illuminate\\Http\\Middleware\\ValidatePathEncoding->handle(Object(Illuminate\\Http\\Request), Object(Closure))
#105 /home3/elngbpzd/work.dia.ci/vendor/laravel/framework/src/Illuminate/Pipeline/Pipeline.php(126): Illuminate\\Pipeline\\Pipeline->Illuminate\\Pipeline\\{closure}(Object(Illuminate\\Http\\Request))
#106 /home3/elngbpzd/work.dia.ci/vendor/laravel/framework/src/Illuminate/Foundation/Http/Kernel.php(175): Illuminate\\Pipeline\\Pipeline->then(Object(Closure))
#107 /home3/elngbpzd/work.dia.ci/vendor/laravel/framework/src/Illuminate/Foundation/Http/Kernel.php(144): Illuminate\\Foundation\\Http\\Kernel->sendRequestThroughRouter(Object(Illuminate\\Http\\Request))
#108 /home3/elngbpzd/work.dia.ci/vendor/laravel/framework/src/Illuminate/Foundation/Application.php(1219): Illuminate\\Foundation\\Http\\Kernel->handle(Object(Illuminate\\Http\\Request))
#109 /home3/elngbpzd/work.dia.ci/index.php(20): Illuminate\\Foundation\\Application->handleRequest(Object(Illuminate\\Http\\Request))
#110 {main}

[previous exception] [object] (TypeError(code: 0): App\\Filament\\Resources\\PlanAbonnementResource::App\\Filament\\Resources\\{closure}(): Return value must be of type string, null returned at /home3/elngbpzd/work.dia.ci/app/Filament/Resources/PlanAbonnementResource.php:137)
[stacktrace]
#0 /home3/elngbpzd/work.dia.ci/vendor/filament/support/src/Concerns/EvaluatesClosures.php(35): App\\Filament\\Resources\\PlanAbonnementResource::App\\Filament\\Resources\\{closure}(Object(App\\Models\\PlanAbonnement))
#1 /home3/elngbpzd/work.dia.ci/vendor/filament/tables/src/Columns/Concerns/HasDescription.php(32): Filament\\Support\\Components\\Component->evaluate(Object(Closure))
#2 /home3/elngbpzd/work.dia.ci/storage/framework/views/147b6ce62e5cbe4ecd47b979c738227c.php(11): Filament\\Tables\\Columns\\TextColumn->getDescriptionBelow()
#3 /home3/elngbpzd/work.dia.ci/vendor/livewire/livewire/src/Mechanisms/ExtendBlade/ExtendedCompilerEngine.php(37): include('/home3/elngbpzd...')
#4 /home3/elngbpzd/work.dia.ci/vendor/livewire/livewire/src/Mechanisms/ExtendBlade/ExtendedCompilerEngine.php(38): App\\Filament\\Resources\\PlanAbonnementResource\\Pages\\ListPlanAbonnements->Livewire\\Mechanisms\\ExtendBlade\\{closure}()
#5 /home3/elngbpzd/work.dia.ci/vendor/laravel/framework/src/Illuminate/View/Engines/CompilerEngine.php(74): Livewire\\Mechanisms\\ExtendBlade\\ExtendedCompilerEngine->evaluatePath('/home3/elngbpzd...', Array)
#6 /home3/elngbpzd/work.dia.ci/vendor/livewire/livewire/src/Mechanisms/ExtendBlade/ExtendedCompilerEngine.php(16): Illuminate\\View\\Engines\\CompilerEngine->get('/home3/elngbpzd...', Array)
#7 /home3/elngbpzd/work.dia.ci/vendor/laravel/framework/src/Illuminate/View/View.php(208): Livewire\\Mechanisms\\ExtendBlade\\ExtendedCompilerEngine->get('/home3/elngbpzd...', Array)
#8 /home3/elngbpzd/work.dia.ci/vendor/laravel/framework/src/Illuminate/View/View.php(191): Illuminate\\View\\View->getContents()
#9 /home3/elngbpzd/work.dia.ci/vendor/laravel/framework/src/Illuminate/View/View.php(160): Illuminate\\View\\View->renderContents()
#10 /home3/elngbpzd/work.dia.ci/vendor/filament/support/src/Components/ViewComponent.php(115): Illuminate\\View\\View->render()
#11 /home3/elngbpzd/work.dia.ci/vendor/laravel/framework/src/Illuminate/Support/helpers.php(134): Filament\\Support\\Components\\ViewComponent->toHtml()
#12 /home3/elngbpzd/work.dia.ci/storage/framework/views/20450aaa594a75fd888da62ca358aed5.php(94): e(Object(Filament\\Tables\\Columns\\TextColumn))
#13 /home3/elngbpzd/work.dia.ci/vendor/livewire/livewire/src/Mechanisms/ExtendBlade/ExtendedCompilerEngine.php(37): include('/home3/elngbpzd...')
#14 /home3/elngbpzd/work.dia.ci/vendor/livewire/livewire/src/Mechanisms/ExtendBlade/ExtendedCompilerEngine.php(38): App\\Filament\\Resources\\PlanAbonnementResource\\Pages\\ListPlanAbonnements->Livewire\\Mechanisms\\ExtendBlade\\{closure}()
#15 /home3/elngbpzd/work.dia.ci/vendor/laravel/framework/src/Illuminate/View/Engines/CompilerEngine.php(74): Livewire\\Mechanisms\\ExtendBlade\\ExtendedCompilerEngine->evaluatePath('/home3/elngbpzd...', Array)
#16 /home3/elngbpzd/work.dia.ci/vendor/livewire/livewire/src/Mechanisms/ExtendBlade/ExtendedCompilerEngine.php(16): Illuminate\\View\\Engines\\CompilerEngine->get('/home3/elngbpzd...', Array)
#17 /home3/elngbpzd/work.dia.ci/vendor/laravel/framework/src/Illuminate/View/View.php(208): Livewire\\Mechanisms\\ExtendBlade\\ExtendedCompilerEngine->get('/home3/elngbpzd...', Array)
#18 /home3/elngbpzd/work.dia.ci/vendor/laravel/framework/src/Illuminate/View/View.php(191): Illuminate\\View\\View->getContents()
#19 /home3/elngbpzd/work.dia.ci/vendor/laravel/framework/src/Illuminate/View/View.php(160): Illuminate\\View\\View->renderContents()
#20 /home3/elngbpzd/work.dia.ci/vendor/laravel/framework/src/Illuminate/View/Concerns/ManagesComponents.php(103): Illuminate\\View\\View->render()
#21 /home3/elngbpzd/work.dia.ci/storage/framework/views/214c544a94a5507404ff2242340d55d8.php(2150): Illuminate\\View\\Factory->renderComponent()
#22 /home3/elngbpzd/work.dia.ci/vendor/livewire/livewire/src/Mechanisms/ExtendBlade/ExtendedCompilerEngine.php(37): include('/home3/elngbpzd...')
#23 /home3/elngbpzd/work.dia.ci/vendor/livewire/livewire/src/Mechanisms/ExtendBlade/ExtendedCompilerEngine.php(38): App\\Filament\\Resources\\PlanAbonnementResource\\Pages\\ListPlanAbonnements->Livewire\\Mechanisms\\ExtendBlade\\{closure}()
#24 /home3/elngbpzd/work.dia.ci/vendor/laravel/framework/src/Illuminate/View/Engines/CompilerEngine.php(74): Livewire\\Mechanisms\\ExtendBlade\\ExtendedCompilerEngine->evaluatePath('/home3/elngbpzd...', Array)
#25 /home3/elngbpzd/work.dia.ci/vendor/livewire/livewire/src/Mechanisms/ExtendBlade/ExtendedCompilerEngine.php(16): Illuminate\\View\\Engines\\CompilerEngine->get('/home3/elngbpzd...', Array)
#26 /home3/elngbpzd/work.dia.ci/vendor/laravel/framework/src/Illuminate/View/View.php(208): Livewire\\Mechanisms\\ExtendBlade\\ExtendedCompilerEngine->get('/home3/elngbpzd...', Array)
#27 /home3/elngbpzd/work.dia.ci/vendor/laravel/framework/src/Illuminate/View/View.php(191): Illuminate\\View\\View->getContents()
#28 /home3/elngbpzd/work.dia.ci/vendor/laravel/framework/src/Illuminate/View/View.php(160): Illuminate\\View\\View->renderContents()
#29 /home3/elngbpzd/work.dia.ci/vendor/filament/support/src/Components/ViewComponent.php(115): Illuminate\\View\\View->render()
#30 /home3/elngbpzd/work.dia.ci/vendor/laravel/framework/src/Illuminate/Support/helpers.php(134): Filament\\Support\\Components\\ViewComponent->toHtml()
#31 /home3/elngbpzd/work.dia.ci/storage/framework/views/997005b9a04b8fc3954abb3e497ab51c.php(42): e(Object(Filament\\Tables\\Table))
#32 /home3/elngbpzd/work.dia.ci/vendor/livewire/livewire/src/Mechanisms/ExtendBlade/ExtendedCompilerEngine.php(37): include('/home3/elngbpzd...')
#33 /home3/elngbpzd/work.dia.ci/vendor/livewire/livewire/src/Mechanisms/ExtendBlade/ExtendedCompilerEngine.php(38): App\\Filament\\Resources\\PlanAbonnementResource\\Pages\\ListPlanAbonnements->Livewire\\Mechanisms\\ExtendBlade\\{closure}()
#34 /home3/elngbpzd/work.dia.ci/vendor/laravel/framework/src/Illuminate/View/Engines/CompilerEngine.php(74): Livewire\\Mechanisms\\ExtendBlade\\ExtendedCompilerEngine->evaluatePath('/home3/elngbpzd...', Array)
#35 /home3/elngbpzd/work.dia.ci/vendor/livewire/livewire/src/Mechanisms/ExtendBlade/ExtendedCompilerEngine.php(16): Illuminate\\View\\Engines\\CompilerEngine->get('/home3/elngbpzd...', Array)
#36 /home3/elngbpzd/work.dia.ci/vendor/laravel/framework/src/Illuminate/View/View.php(208): Livewire\\Mechanisms\\ExtendBlade\\ExtendedCompilerEngine->get('/home3/elngbpzd...', Array)
#37 /home3/elngbpzd/work.dia.ci/vendor/laravel/framework/src/Illuminate/View/View.php(191): Illuminate\\View\\View->getContents()
#38 /home3/elngbpzd/work.dia.ci/vendor/laravel/framework/src/Illuminate/View/View.php(160): Illuminate\\View\\View->renderContents()
#39 /home3/elngbpzd/work.dia.ci/vendor/livewire/livewire/src/Mechanisms/HandleComponents/HandleComponents.php(241): Illuminate\\View\\View->render(Object(Closure))
#40 /home3/elngbpzd/work.dia.ci/vendor/livewire/livewire/src/Mechanisms/HandleComponents/HandleComponents.php(285): Livewire\\Mechanisms\\HandleComponents\\HandleComponents->Livewire\\Mechanisms\\HandleComponents\\{closure}()
#41 /home3/elngbpzd/work.dia.ci/vendor/livewire/livewire/src/Mechanisms/HandleComponents/HandleComponents.php(233): Livewire\\Mechanisms\\HandleComponents\\HandleComponents->trackInRenderStack(Object(App\\Filament\\Resources\\PlanAbonnementResource\\Pages\\ListPlanAbonnements), Object(Closure))
#42 /home3/elngbpzd/work.dia.ci/vendor/livewire/livewire/src/Mechanisms/HandleComponents/HandleComponents.php(54): Livewire\\Mechanisms\\HandleComponents\\HandleComponents->render(Object(App\\Filament\\Resources\\PlanAbonnementResource\\Pages\\ListPlanAbonnements), '<div></div>')
#43 /home3/elngbpzd/work.dia.ci/vendor/livewire/livewire/src/LivewireManager.php(73): Livewire\\Mechanisms\\HandleComponents\\HandleComponents->mount('App\\\\Filament\\\\Re...', Array, NULL)
#44 /home3/elngbpzd/work.dia.ci/vendor/livewire/livewire/src/Features/SupportPageComponents/HandlesPageComponents.php(17): Livewire\\LivewireManager->mount('App\\\\Filament\\\\Re...', Array)
#45 /home3/elngbpzd/work.dia.ci/vendor/livewire/livewire/src/Features/SupportPageComponents/SupportPageComponents.php(117): Livewire\\Component->Livewire\\Features\\SupportPageComponents\\{closure}()
#46 /home3/elngbpzd/work.dia.ci/vendor/livewire/livewire/src/Features/SupportPageComponents/HandlesPageComponents.php(14): Livewire\\Features\\SupportPageComponents\\SupportPageComponents::interceptTheRenderOfTheComponentAndRetreiveTheLayoutConfiguration(Object(Closure))
#47 /home3/elngbpzd/work.dia.ci/vendor/laravel/framework/src/Illuminate/Routing/ControllerDispatcher.php(46): Livewire\\Component->__invoke()
#48 /home3/elngbpzd/work.dia.ci/vendor/laravel/framework/src/Illuminate/Routing/Route.php(265): Illuminate\\Routing\\ControllerDispatcher->dispatch(Object(Illuminate\\Routing\\Route), Object(App\\Filament\\Resources\\PlanAbonnementResource\\Pages\\ListPlanAbonnements), '__invoke')
#49 /home3/elngbpzd/work.dia.ci/vendor/laravel/framework/src/Illuminate/Routing/Route.php(211): Illuminate\\Routing\\Route->runController()
#50 /home3/elngbpzd/work.dia.ci/vendor/laravel/framework/src/Illuminate/Routing/Router.php(808): Illuminate\\Routing\\Route->run()
#51 /home3/elngbpzd/work.dia.ci/vendor/laravel/framework/src/Illuminate/Pipeline/Pipeline.php(169): Illuminate\\Routing\\Router->Illuminate\\Routing\\{closure}(Object(Illuminate\\Http\\Request))
#52 /home3/elngbpzd/work.dia.ci/vendor/laravel/framework/src/Illuminate/Auth/Middleware/EnsureEmailIsVerified.php(41): Illuminate\\Pipeline\\Pipeline->Illuminate\\Pipeline\\{closure}(Object(Illuminate\\Http\\Request))
#53 /home3/elngbpzd/work.dia.ci/vendor/laravel/framework/src/Illuminate/Pipeline/Pipeline.php(208): Illuminate\\Auth\\Middleware\\EnsureEmailIsVerified->handle(Object(Illuminate\\Http\\Request), Object(Closure), 'filament.admin....')
#54 /home3/elngbpzd/work.dia.ci/app/Http/Middleware/HasEntreprise.php(28): Illuminate\\Pipeline\\Pipeline->Illuminate\\Pipeline\\{closure}(Object(Illuminate\\Http\\Request))
#55 /home3/elngbpzd/work.dia.ci/vendor/laravel/framework/src/Illuminate/Pipeline/Pipeline.php(208): App\\Http\\Middleware\\HasEntreprise->handle(Object(Illuminate\\Http\\Request), Object(Closure))
#56 /home3/elngbpzd/work.dia.ci/app/Http/Middleware/RedirectIfUnpaidInvoice.php(27): Illuminate\\Pipeline\\Pipeline->Illuminate\\Pipeline\\{closure}(Object(Illuminate\\Http\\Request))
#57 /home3/elngbpzd/work.dia.ci/vendor/laravel/framework/src/Illuminate/Pipeline/Pipeline.php(208): App\\Http\\Middleware\\RedirectIfUnpaidInvoice->handle(Object(Illuminate\\Http\\Request), Object(Closure))
#58 /home3/elngbpzd/work.dia.ci/vendor/filament/filament/src/Http/Middleware/DispatchServingFilamentEvent.php(15): Illuminate\\Pipeline\\Pipeline->Illuminate\\Pipeline\\{closure}(Object(Illuminate\\Http\\Request))
#59 /home3/elngbpzd/work.dia.ci/vendor/laravel/framework/src/Illuminate/Pipeline/Pipeline.php(208): Filament\\Http\\Middleware\\DispatchServingFilamentEvent->handle(Object(Illuminate\\Http\\Request), Object(Closure))
#60 /home3/elngbpzd/work.dia.ci/vendor/filament/filament/src/Http/Middleware/DisableBladeIconComponents.php(14): Illuminate\\Pipeline\\Pipeline->Illuminate\\Pipeline\\{closure}(Object(Illuminate\\Http\\Request))
#61 /home3/elngbpzd/work.dia.ci/vendor/laravel/framework/src/Illuminate/Pipeline/Pipeline.php(208): Filament\\Http\\Middleware\\DisableBladeIconComponents->handle(Object(Illuminate\\Http\\Request), Object(Closure))
#62 /home3/elngbpzd/work.dia.ci/vendor/laravel/framework/src/Illuminate/Routing/Middleware/SubstituteBindings.php(50): Illuminate\\Pipeline\\Pipeline->Illuminate\\Pipeline\\{closure}(Object(Illuminate\\Http\\Request))
#63 /home3/elngbpzd/work.dia.ci/vendor/laravel/framework/src/Illuminate/Pipeline/Pipeline.php(208): Illuminate\\Routing\\Middleware\\SubstituteBindings->handle(Object(Illuminate\\Http\\Request), Object(Closure))
#64 /home3/elngbpzd/work.dia.ci/vendor/laravel/framework/src/Illuminate/Foundation/Http/Middleware/VerifyCsrfToken.php(87): Illuminate\\Pipeline\\Pipeline->Illuminate\\Pipeline\\{closure}(Object(Illuminate\\Http\\Request))
#65 /home3/elngbpzd/work.dia.ci/vendor/laravel/framework/src/Illuminate/Pipeline/Pipeline.php(208): Illuminate\\Foundation\\Http\\Middleware\\VerifyCsrfToken->handle(Object(Illuminate\\Http\\Request), Object(Closure))
#66 /home3/elngbpzd/work.dia.ci/vendor/laravel/framework/src/Illuminate/Session/Middleware/AuthenticateSession.php(66): Illuminate\\Pipeline\\Pipeline->Illuminate\\Pipeline\\{closure}(Object(Illuminate\\Http\\Request))
#67 /home3/elngbpzd/work.dia.ci/vendor/laravel/framework/src/Illuminate/Pipeline/Pipeline.php(208): Illuminate\\Session\\Middleware\\AuthenticateSession->handle(Object(Illuminate\\Http\\Request), Object(Closure))
#68 /home3/elngbpzd/work.dia.ci/vendor/laravel/framework/src/Illuminate/Auth/Middleware/Authenticate.php(63): Illuminate\\Pipeline\\Pipeline->Illuminate\\Pipeline\\{closure}(Object(Illuminate\\Http\\Request))
#69 /home3/elngbpzd/work.dia.ci/vendor/laravel/framework/src/Illuminate/Pipeline/Pipeline.php(208): Illuminate\\Auth\\Middleware\\Authenticate->handle(Object(Illuminate\\Http\\Request), Object(Closure))
#70 /home3/elngbpzd/work.dia.ci/vendor/laravel/framework/src/Illuminate/View/Middleware/ShareErrorsFromSession.php(48): Illuminate\\Pipeline\\Pipeline->Illuminate\\Pipeline\\{closure}(Object(Illuminate\\Http\\Request))
#71 /home3/elngbpzd/work.dia.ci/vendor/laravel/framework/src/Illuminate/Pipeline/Pipeline.php(208): Illuminate\\View\\Middleware\\ShareErrorsFromSession->handle(Object(Illuminate\\Http\\Request), Object(Closure))
#72 /home3/elngbpzd/work.dia.ci/vendor/laravel/framework/src/Illuminate/Session/Middleware/StartSession.php(120): Illuminate\\Pipeline\\Pipeline->Illuminate\\Pipeline\\{closure}(Object(Illuminate\\Http\\Request))
#73 /home3/elngbpzd/work.dia.ci/vendor/laravel/framework/src/Illuminate/Session/Middleware/StartSession.php(63): Illuminate\\Session\\Middleware\\StartSession->handleStatefulRequest(Object(Illuminate\\Http\\Request), Object(Illuminate\\Session\\Store), Object(Closure))
#74 /home3/elngbpzd/work.dia.ci/vendor/laravel/framework/src/Illuminate/Pipeline/Pipeline.php(208): Illuminate\\Session\\Middleware\\StartSession->handle(Object(Illuminate\\Http\\Request), Object(Closure))
#75 /home3/elngbpzd/work.dia.ci/vendor/laravel/framework/src/Illuminate/Cookie/Middleware/AddQueuedCookiesToResponse.php(36): Illuminate\\Pipeline\\Pipeline->Illuminate\\Pipeline\\{closure}(Object(Illuminate\\Http\\Request))
#76 /home3/elngbpzd/work.dia.ci/vendor/laravel/framework/src/Illuminate/Pipeline/Pipeline.php(208): Illuminate\\Cookie\\Middleware\\AddQueuedCookiesToResponse->handle(Object(Illuminate\\Http\\Request), Object(Closure))
#77 /home3/elngbpzd/work.dia.ci/vendor/laravel/framework/src/Illuminate/Cookie/Middleware/EncryptCookies.php(74): Illuminate\\Pipeline\\Pipeline->Illuminate\\Pipeline\\{closure}(Object(Illuminate\\Http\\Request))
#78 /home3/elngbpzd/work.dia.ci/vendor/laravel/framework/src/Illuminate/Pipeline/Pipeline.php(208): Illuminate\\Cookie\\Middleware\\EncryptCookies->handle(Object(Illuminate\\Http\\Request), Object(Closure))
#79 /home3/elngbpzd/work.dia.ci/vendor/filament/filament/src/Http/Middleware/SetUpPanel.php(19): Illuminate\\Pipeline\\Pipeline->Illuminate\\Pipeline\\{closure}(Object(Illuminate\\Http\\Request))
#80 /home3/elngbpzd/work.dia.ci/vendor/laravel/framework/src/Illuminate/Pipeline/Pipeline.php(208): Filament\\Http\\Middleware\\SetUpPanel->handle(Object(Illuminate\\Http\\Request), Object(Closure), Object(Filament\\Panel))
#81 /home3/elngbpzd/work.dia.ci/vendor/laravel/framework/src/Illuminate/Pipeline/Pipeline.php(126): Illuminate\\Pipeline\\Pipeline->Illuminate\\Pipeline\\{closure}(Object(Illuminate\\Http\\Request))
#82 /home3/elngbpzd/work.dia.ci/vendor/laravel/framework/src/Illuminate/Routing/Router.php(807): Illuminate\\Pipeline\\Pipeline->then(Object(Closure))
#83 /home3/elngbpzd/work.dia.ci/vendor/laravel/framework/src/Illuminate/Routing/Router.php(786): Illuminate\\Routing\\Router->runRouteWithinStack(Object(Illuminate\\Routing\\Route), Object(Illuminate\\Http\\Request))
#84 /home3/elngbpzd/work.dia.ci/vendor/laravel/framework/src/Illuminate/Routing/Router.php(750): Illuminate\\Routing\\Router->runRoute(Object(Illuminate\\Http\\Request), Object(Illuminate\\Routing\\Route))
#85 /home3/elngbpzd/work.dia.ci/vendor/laravel/framework/src/Illuminate/Routing/Router.php(739): Illuminate\\Routing\\Router->dispatchToRoute(Object(Illuminate\\Http\\Request))
#86 /home3/elngbpzd/work.dia.ci/vendor/laravel/framework/src/Illuminate/Foundation/Http/Kernel.php(200): Illuminate\\Routing\\Router->dispatch(Object(Illuminate\\Http\\Request))
#87 /home3/elngbpzd/work.dia.ci/vendor/laravel/framework/src/Illuminate/Pipeline/Pipeline.php(169): Illuminate\\Foundation\\Http\\Kernel->Illuminate\\Foundation\\Http\\{closure}(Object(Illuminate\\Http\\Request))
#88 /home3/elngbpzd/work.dia.ci/vendor/livewire/livewire/src/Features/SupportDisablingBackButtonCache/DisableBackButtonCacheMiddleware.php(19): Illuminate\\Pipeline\\Pipeline->Illuminate\\Pipeline\\{closure}(Object(Illuminate\\Http\\Request))
#89 /home3/elngbpzd/work.dia.ci/vendor/laravel/framework/src/Illuminate/Pipeline/Pipeline.php(208): Livewire\\Features\\SupportDisablingBackButtonCache\\DisableBackButtonCacheMiddleware->handle(Object(Illuminate\\Http\\Request), Object(Closure))
#90 /home3/elngbpzd/work.dia.ci/vendor/laravel/framework/src/Illuminate/Foundation/Http/Middleware/TransformsRequest.php(21): Illuminate\\Pipeline\\Pipeline->Illuminate\\Pipeline\\{closure}(Object(Illuminate\\Http\\Request))
#91 /home3/elngbpzd/work.dia.ci/vendor/laravel/framework/src/Illuminate/Foundation/Http/Middleware/ConvertEmptyStringsToNull.php(31): Illuminate\\Foundation\\Http\\Middleware\\TransformsRequest->handle(Object(Illuminate\\Http\\Request), Object(Closure))
#92 /home3/elngbpzd/work.dia.ci/vendor/laravel/framework/src/Illuminate/Pipeline/Pipeline.php(208): Illuminate\\Foundation\\Http\\Middleware\\ConvertEmptyStringsToNull->handle(Object(Illuminate\\Http\\Request), Object(Closure))
#93 /home3/elngbpzd/work.dia.ci/vendor/laravel/framework/src/Illuminate/Foundation/Http/Middleware/TransformsRequest.php(21): Illuminate\\Pipeline\\Pipeline->Illuminate\\Pipeline\\{closure}(Object(Illuminate\\Http\\Request))
#94 /home3/elngbpzd/work.dia.ci/vendor/laravel/framework/src/Illuminate/Foundation/Http/Middleware/TrimStrings.php(51): Illuminate\\Foundation\\Http\\Middleware\\TransformsRequest->handle(Object(Illuminate\\Http\\Request), Object(Closure))
#95 /home3/elngbpzd/work.dia.ci/vendor/laravel/framework/src/Illuminate/Pipeline/Pipeline.php(208): Illuminate\\Foundation\\Http\\Middleware\\TrimStrings->handle(Object(Illuminate\\Http\\Request), Object(Closure))
#96 /home3/elngbpzd/work.dia.ci/vendor/laravel/framework/src/Illuminate/Http/Middleware/ValidatePostSize.php(27): Illuminate\\Pipeline\\Pipeline->Illuminate\\Pipeline\\{closure}(Object(Illuminate\\Http\\Request))
#97 /home3/elngbpzd/work.dia.ci/vendor/laravel/framework/src/Illuminate/Pipeline/Pipeline.php(208): Illuminate\\Http\\Middleware\\ValidatePostSize->handle(Object(Illuminate\\Http\\Request), Object(Closure))
#98 /home3/elngbpzd/work.dia.ci/vendor/laravel/framework/src/Illuminate/Foundation/Http/Middleware/PreventRequestsDuringMaintenance.php(109): Illuminate\\Pipeline\\Pipeline->Illuminate\\Pipeline\\{closure}(Object(Illuminate\\Http\\Request))
#99 /home3/elngbpzd/work.dia.ci/vendor/laravel/framework/src/Illuminate/Pipeline/Pipeline.php(208): Illuminate\\Foundation\\Http\\Middleware\\PreventRequestsDuringMaintenance->handle(Object(Illuminate\\Http\\Request), Object(Closure))
#100 /home3/elngbpzd/work.dia.ci/vendor/laravel/framework/src/Illuminate/Http/Middleware/HandleCors.php(48): Illuminate\\Pipeline\\Pipeline->Illuminate\\Pipeline\\{closure}(Object(Illuminate\\Http\\Request))
#101 /home3/elngbpzd/work.dia.ci/vendor/laravel/framework/src/Illuminate/Pipeline/Pipeline.php(208): Illuminate\\Http\\Middleware\\HandleCors->handle(Object(Illuminate\\Http\\Request), Object(Closure))
#102 /home3/elngbpzd/work.dia.ci/vendor/laravel/framework/src/Illuminate/Http/Middleware/TrustProxies.php(58): Illuminate\\Pipeline\\Pipeline->Illuminate\\Pipeline\\{closure}(Object(Illuminate\\Http\\Request))
#103 /home3/elngbpzd/work.dia.ci/vendor/laravel/framework/src/Illuminate/Pipeline/Pipeline.php(208): Illuminate\\Http\\Middleware\\TrustProxies->handle(Object(Illuminate\\Http\\Request), Object(Closure))
#104 /home3/elngbpzd/work.dia.ci/vendor/laravel/framework/src/Illuminate/Foundation/Http/Middleware/InvokeDeferredCallbacks.php(22): Illuminate\\Pipeline\\Pipeline->Illuminate\\Pipeline\\{closure}(Object(Illuminate\\Http\\Request))
#105 /home3/elngbpzd/work.dia.ci/vendor/laravel/framework/src/Illuminate/Pipeline/Pipeline.php(208): Illuminate\\Foundation\\Http\\Middleware\\InvokeDeferredCallbacks->handle(Object(Illuminate\\Http\\Request), Object(Closure))
#106 /home3/elngbpzd/work.dia.ci/vendor/laravel/framework/src/Illuminate/Http/Middleware/ValidatePathEncoding.php(26): Illuminate\\Pipeline\\Pipeline->Illuminate\\Pipeline\\{closure}(Object(Illuminate\\Http\\Request))
#107 /home3/elngbpzd/work.dia.ci/vendor/laravel/framework/src/Illuminate/Pipeline/Pipeline.php(208): Illuminate\\Http\\Middleware\\ValidatePathEncoding->handle(Object(Illuminate\\Http\\Request), Object(Closure))
#108 /home3/elngbpzd/work.dia.ci/vendor/laravel/framework/src/Illuminate/Pipeline/Pipeline.php(126): Illuminate\\Pipeline\\Pipeline->Illuminate\\Pipeline\\{closure}(Object(Illuminate\\Http\\Request))
#109 /home3/elngbpzd/work.dia.ci/vendor/laravel/framework/src/Illuminate/Foundation/Http/Kernel.php(175): Illuminate\\Pipeline\\Pipeline->then(Object(Closure))
#110 /home3/elngbpzd/work.dia.ci/vendor/laravel/framework/src/Illuminate/Foundation/Http/Kernel.php(144): Illuminate\\Foundation\\Http\\Kernel->sendRequestThroughRouter(Object(Illuminate\\Http\\Request))
#111 /home3/elngbpzd/work.dia.ci/vendor/laravel/framework/src/Illuminate/Foundation/Application.php(1219): Illuminate\\Foundation\\Http\\Kernel->handle(Object(Illuminate\\Http\\Request))
#112 /home3/elngbpzd/work.dia.ci/index.php(20): Illuminate\\Foundation\\Application->handleRequest(Object(Illuminate\\Http\\Request))
#113 {main}
"} 
[2025-06-10 10:45:29] production.ERROR: SQLSTATE[HY000]: General error: 1364 Field 'reference' doesn't have a default value (Connection: mysql, SQL: insert into `paiements` (`entreprise_id`, `abonnement_id`, `facturation_id`, `reference_externe`, `montant`, `devise`, `methode`, `passerelle`, `statut`, `date_paiement`, `commentaire`, `meta_donnees`, `initiateur_id`, `id`, `updated_at`, `created_at`) values (019751d3-48b7-7038-8fb2-6b6ac1d300ad, 019751d3-744b-72af-8cba-fc5f3ba253de, 019751d3-780a-707e-ac70-af93e733517c, PAY-20250609110553-85D0C3, 16000.00, XOF, especes, manuel, complete, 2025-06-10 10:40:00, ?, [], 01973f93-044a-73c2-b850-6771287d52a8, 01975971-f17e-726d-aaf0-7736b87779b6, 2025-06-10 10:45:29, 2025-06-10 10:45:29)) {"userId":"01973f93-044a-73c2-b850-6771287d52a8","exception":"[object] (Illuminate\\Database\\QueryException(code: HY000): SQLSTATE[HY000]: General error: 1364 Field 'reference' doesn't have a default value (Connection: mysql, SQL: insert into `paiements` (`entreprise_id`, `abonnement_id`, `facturation_id`, `reference_externe`, `montant`, `devise`, `methode`, `passerelle`, `statut`, `date_paiement`, `commentaire`, `meta_donnees`, `initiateur_id`, `id`, `updated_at`, `created_at`) values (019751d3-48b7-7038-8fb2-6b6ac1d300ad, 019751d3-744b-72af-8cba-fc5f3ba253de, 019751d3-780a-707e-ac70-af93e733517c, PAY-20250609110553-85D0C3, 16000.00, XOF, especes, manuel, complete, 2025-06-10 10:40:00, ?, [], 01973f93-044a-73c2-b850-6771287d52a8, 01975971-f17e-726d-aaf0-7736b87779b6, 2025-06-10 10:45:29, 2025-06-10 10:45:29)) at /home3/elngbpzd/work.dia.ci/vendor/laravel/framework/src/Illuminate/Database/Connection.php:822)
[stacktrace]
#0 /home3/elngbpzd/work.dia.ci/vendor/laravel/framework/src/Illuminate/Database/Connection.php(776): Illuminate\\Database\\Connection->runQueryCallback('insert into `pa...', Array, Object(Closure))
#1 /home3/elngbpzd/work.dia.ci/vendor/laravel/framework/src/Illuminate/Database/MySqlConnection.php(42): Illuminate\\Database\\Connection->run('insert into `pa...', Array, Object(Closure))
#2 /home3/elngbpzd/work.dia.ci/vendor/laravel/framework/src/Illuminate/Database/Query/Builder.php(3736): Illuminate\\Database\\MySqlConnection->insert('insert into `pa...', Array)
#3 /home3/elngbpzd/work.dia.ci/vendor/laravel/framework/src/Illuminate/Database/Eloquent/Builder.php(2205): Illuminate\\Database\\Query\\Builder->insert(Array)
#4 /home3/elngbpzd/work.dia.ci/vendor/laravel/framework/src/Illuminate/Database/Eloquent/Model.php(1384): Illuminate\\Database\\Eloquent\\Builder->__call('insert', Array)
#5 /home3/elngbpzd/work.dia.ci/vendor/laravel/framework/src/Illuminate/Database/Eloquent/Model.php(1212): Illuminate\\Database\\Eloquent\\Model->performInsert(Object(Illuminate\\Database\\Eloquent\\Builder))
#6 /home3/elngbpzd/work.dia.ci/vendor/filament/filament/src/Resources/Pages/CreateRecord.php(175): Illuminate\\Database\\Eloquent\\Model->save()
#7 /home3/elngbpzd/work.dia.ci/vendor/filament/filament/src/Resources/Pages/CreateRecord.php(92): Filament\\Resources\\Pages\\CreateRecord->handleRecordCreation(Array)
#8 /home3/elngbpzd/work.dia.ci/vendor/laravel/framework/src/Illuminate/Container/BoundMethod.php(36): Filament\\Resources\\Pages\\CreateRecord->create(false)
#9 /home3/elngbpzd/work.dia.ci/vendor/laravel/framework/src/Illuminate/Container/Util.php(43): Illuminate\\Container\\BoundMethod::Illuminate\\Container\\{closure}()
#10 /home3/elngbpzd/work.dia.ci/vendor/laravel/framework/src/Illuminate/Container/BoundMethod.php(96): Illuminate\\Container\\Util::unwrapIfClosure(Object(Closure))
#11 /home3/elngbpzd/work.dia.ci/vendor/laravel/framework/src/Illuminate/Container/BoundMethod.php(35): Illuminate\\Container\\BoundMethod::callBoundMethod(Object(Illuminate\\Foundation\\Application), Array, Object(Closure))
#12 /home3/elngbpzd/work.dia.ci/vendor/livewire/livewire/src/Wrapped.php(23): Illuminate\\Container\\BoundMethod::call(Object(Illuminate\\Foundation\\Application), Array, Array)
#13 /home3/elngbpzd/work.dia.ci/vendor/livewire/livewire/src/Mechanisms/HandleComponents/HandleComponents.php(474): Livewire\\Wrapped->__call('create', Array)
#14 /home3/elngbpzd/work.dia.ci/vendor/livewire/livewire/src/Mechanisms/HandleComponents/HandleComponents.php(101): Livewire\\Mechanisms\\HandleComponents\\HandleComponents->callMethods(Object(App\\Filament\\Resources\\PaiementResource\\Pages\\CreatePaiement), Array, Object(Livewire\\Mechanisms\\HandleComponents\\ComponentContext))
#15 /home3/elngbpzd/work.dia.ci/vendor/livewire/livewire/src/LivewireManager.php(102): Livewire\\Mechanisms\\HandleComponents\\HandleComponents->update(Array, Array, Array)
#16 /home3/elngbpzd/work.dia.ci/vendor/livewire/livewire/src/Mechanisms/HandleRequests/HandleRequests.php(94): Livewire\\LivewireManager->update(Array, Array, Array)
#17 /home3/elngbpzd/work.dia.ci/vendor/laravel/framework/src/Illuminate/Routing/ControllerDispatcher.php(46): Livewire\\Mechanisms\\HandleRequests\\HandleRequests->handleUpdate()
#18 /home3/elngbpzd/work.dia.ci/vendor/laravel/framework/src/Illuminate/Routing/Route.php(265): Illuminate\\Routing\\ControllerDispatcher->dispatch(Object(Illuminate\\Routing\\Route), Object(Livewire\\Mechanisms\\HandleRequests\\HandleRequests), 'handleUpdate')
#19 /home3/elngbpzd/work.dia.ci/vendor/laravel/framework/src/Illuminate/Routing/Route.php(211): Illuminate\\Routing\\Route->runController()
#20 /home3/elngbpzd/work.dia.ci/vendor/laravel/framework/src/Illuminate/Routing/Router.php(808): Illuminate\\Routing\\Route->run()
#21 /home3/elngbpzd/work.dia.ci/vendor/laravel/framework/src/Illuminate/Pipeline/Pipeline.php(169): Illuminate\\Routing\\Router->Illuminate\\Routing\\{closure}(Object(Illuminate\\Http\\Request))
#22 /home3/elngbpzd/work.dia.ci/vendor/laravel/framework/src/Illuminate/Routing/Middleware/SubstituteBindings.php(50): Illuminate\\Pipeline\\Pipeline->Illuminate\\Pipeline\\{closure}(Object(Illuminate\\Http\\Request))
#23 /home3/elngbpzd/work.dia.ci/vendor/laravel/framework/src/Illuminate/Pipeline/Pipeline.php(208): Illuminate\\Routing\\Middleware\\SubstituteBindings->handle(Object(Illuminate\\Http\\Request), Object(Closure))
#24 /home3/elngbpzd/work.dia.ci/vendor/laravel/framework/src/Illuminate/Foundation/Http/Middleware/VerifyCsrfToken.php(87): Illuminate\\Pipeline\\Pipeline->Illuminate\\Pipeline\\{closure}(Object(Illuminate\\Http\\Request))
#25 /home3/elngbpzd/work.dia.ci/vendor/laravel/framework/src/Illuminate/Pipeline/Pipeline.php(208): Illuminate\\Foundation\\Http\\Middleware\\VerifyCsrfToken->handle(Object(Illuminate\\Http\\Request), Object(Closure))
#26 /home3/elngbpzd/work.dia.ci/vendor/laravel/framework/src/Illuminate/View/Middleware/ShareErrorsFromSession.php(48): Illuminate\\Pipeline\\Pipeline->Illuminate\\Pipeline\\{closure}(Object(Illuminate\\Http\\Request))
#27 /home3/elngbpzd/work.dia.ci/vendor/laravel/framework/src/Illuminate/Pipeline/Pipeline.php(208): Illuminate\\View\\Middleware\\ShareErrorsFromSession->handle(Object(Illuminate\\Http\\Request), Object(Closure))
#28 /home3/elngbpzd/work.dia.ci/vendor/laravel/framework/src/Illuminate/Session/Middleware/StartSession.php(120): Illuminate\\Pipeline\\Pipeline->Illuminate\\Pipeline\\{closure}(Object(Illuminate\\Http\\Request))
#29 /home3/elngbpzd/work.dia.ci/vendor/laravel/framework/src/Illuminate/Session/Middleware/StartSession.php(63): Illuminate\\Session\\Middleware\\StartSession->handleStatefulRequest(Object(Illuminate\\Http\\Request), Object(Illuminate\\Session\\Store), Object(Closure))
#30 /home3/elngbpzd/work.dia.ci/vendor/laravel/framework/src/Illuminate/Pipeline/Pipeline.php(208): Illuminate\\Session\\Middleware\\StartSession->handle(Object(Illuminate\\Http\\Request), Object(Closure))
#31 /home3/elngbpzd/work.dia.ci/vendor/laravel/framework/src/Illuminate/Cookie/Middleware/AddQueuedCookiesToResponse.php(36): Illuminate\\Pipeline\\Pipeline->Illuminate\\Pipeline\\{closure}(Object(Illuminate\\Http\\Request))
#32 /home3/elngbpzd/work.dia.ci/vendor/laravel/framework/src/Illuminate/Pipeline/Pipeline.php(208): Illuminate\\Cookie\\Middleware\\AddQueuedCookiesToResponse->handle(Object(Illuminate\\Http\\Request), Object(Closure))
#33 /home3/elngbpzd/work.dia.ci/vendor/laravel/framework/src/Illuminate/Cookie/Middleware/EncryptCookies.php(74): Illuminate\\Pipeline\\Pipeline->Illuminate\\Pipeline\\{closure}(Object(Illuminate\\Http\\Request))
#34 /home3/elngbpzd/work.dia.ci/vendor/laravel/framework/src/Illuminate/Pipeline/Pipeline.php(208): Illuminate\\Cookie\\Middleware\\EncryptCookies->handle(Object(Illuminate\\Http\\Request), Object(Closure))
#35 /home3/elngbpzd/work.dia.ci/vendor/laravel/framework/src/Illuminate/Pipeline/Pipeline.php(126): Illuminate\\Pipeline\\Pipeline->Illuminate\\Pipeline\\{closure}(Object(Illuminate\\Http\\Request))
#36 /home3/elngbpzd/work.dia.ci/vendor/laravel/framework/src/Illuminate/Routing/Router.php(807): Illuminate\\Pipeline\\Pipeline->then(Object(Closure))
#37 /home3/elngbpzd/work.dia.ci/vendor/laravel/framework/src/Illuminate/Routing/Router.php(786): Illuminate\\Routing\\Router->runRouteWithinStack(Object(Illuminate\\Routing\\Route), Object(Illuminate\\Http\\Request))
#38 /home3/elngbpzd/work.dia.ci/vendor/laravel/framework/src/Illuminate/Routing/Router.php(750): Illuminate\\Routing\\Router->runRoute(Object(Illuminate\\Http\\Request), Object(Illuminate\\Routing\\Route))
#39 /home3/elngbpzd/work.dia.ci/vendor/laravel/framework/src/Illuminate/Routing/Router.php(739): Illuminate\\Routing\\Router->dispatchToRoute(Object(Illuminate\\Http\\Request))
#40 /home3/elngbpzd/work.dia.ci/vendor/laravel/framework/src/Illuminate/Foundation/Http/Kernel.php(200): Illuminate\\Routing\\Router->dispatch(Object(Illuminate\\Http\\Request))
#41 /home3/elngbpzd/work.dia.ci/vendor/laravel/framework/src/Illuminate/Pipeline/Pipeline.php(169): Illuminate\\Foundation\\Http\\Kernel->Illuminate\\Foundation\\Http\\{closure}(Object(Illuminate\\Http\\Request))
#42 /home3/elngbpzd/work.dia.ci/vendor/livewire/livewire/src/Features/SupportDisablingBackButtonCache/DisableBackButtonCacheMiddleware.php(19): Illuminate\\Pipeline\\Pipeline->Illuminate\\Pipeline\\{closure}(Object(Illuminate\\Http\\Request))
#43 /home3/elngbpzd/work.dia.ci/vendor/laravel/framework/src/Illuminate/Pipeline/Pipeline.php(208): Livewire\\Features\\SupportDisablingBackButtonCache\\DisableBackButtonCacheMiddleware->handle(Object(Illuminate\\Http\\Request), Object(Closure))
#44 /home3/elngbpzd/work.dia.ci/vendor/laravel/framework/src/Illuminate/Foundation/Http/Middleware/ConvertEmptyStringsToNull.php(27): Illuminate\\Pipeline\\Pipeline->Illuminate\\Pipeline\\{closure}(Object(Illuminate\\Http\\Request))
#45 /home3/elngbpzd/work.dia.ci/vendor/laravel/framework/src/Illuminate/Pipeline/Pipeline.php(208): Illuminate\\Foundation\\Http\\Middleware\\ConvertEmptyStringsToNull->handle(Object(Illuminate\\Http\\Request), Object(Closure))
#46 /home3/elngbpzd/work.dia.ci/vendor/laravel/framework/src/Illuminate/Foundation/Http/Middleware/TrimStrings.php(47): Illuminate\\Pipeline\\Pipeline->Illuminate\\Pipeline\\{closure}(Object(Illuminate\\Http\\Request))
#47 /home3/elngbpzd/work.dia.ci/vendor/laravel/framework/src/Illuminate/Pipeline/Pipeline.php(208): Illuminate\\Foundation\\Http\\Middleware\\TrimStrings->handle(Object(Illuminate\\Http\\Request), Object(Closure))
#48 /home3/elngbpzd/work.dia.ci/vendor/laravel/framework/src/Illuminate/Http/Middleware/ValidatePostSize.php(27): Illuminate\\Pipeline\\Pipeline->Illuminate\\Pipeline\\{closure}(Object(Illuminate\\Http\\Request))
#49 /home3/elngbpzd/work.dia.ci/vendor/laravel/framework/src/Illuminate/Pipeline/Pipeline.php(208): Illuminate\\Http\\Middleware\\ValidatePostSize->handle(Object(Illuminate\\Http\\Request), Object(Closure))
#50 /home3/elngbpzd/work.dia.ci/vendor/laravel/framework/src/Illuminate/Foundation/Http/Middleware/PreventRequestsDuringMaintenance.php(109): Illuminate\\Pipeline\\Pipeline->Illuminate\\Pipeline\\{closure}(Object(Illuminate\\Http\\Request))
#51 /home3/elngbpzd/work.dia.ci/vendor/laravel/framework/src/Illuminate/Pipeline/Pipeline.php(208): Illuminate\\Foundation\\Http\\Middleware\\PreventRequestsDuringMaintenance->handle(Object(Illuminate\\Http\\Request), Object(Closure))
#52 /home3/elngbpzd/work.dia.ci/vendor/laravel/framework/src/Illuminate/Http/Middleware/HandleCors.php(48): Illuminate\\Pipeline\\Pipeline->Illuminate\\Pipeline\\{closure}(Object(Illuminate\\Http\\Request))
#53 /home3/elngbpzd/work.dia.ci/vendor/laravel/framework/src/Illuminate/Pipeline/Pipeline.php(208): Illuminate\\Http\\Middleware\\HandleCors->handle(Object(Illuminate\\Http\\Request), Object(Closure))
#54 /home3/elngbpzd/work.dia.ci/vendor/laravel/framework/src/Illuminate/Http/Middleware/TrustProxies.php(58): Illuminate\\Pipeline\\Pipeline->Illuminate\\Pipeline\\{closure}(Object(Illuminate\\Http\\Request))
#55 /home3/elngbpzd/work.dia.ci/vendor/laravel/framework/src/Illuminate/Pipeline/Pipeline.php(208): Illuminate\\Http\\Middleware\\TrustProxies->handle(Object(Illuminate\\Http\\Request), Object(Closure))
#56 /home3/elngbpzd/work.dia.ci/vendor/laravel/framework/src/Illuminate/Foundation/Http/Middleware/InvokeDeferredCallbacks.php(22): Illuminate\\Pipeline\\Pipeline->Illuminate\\Pipeline\\{closure}(Object(Illuminate\\Http\\Request))
#57 /home3/elngbpzd/work.dia.ci/vendor/laravel/framework/src/Illuminate/Pipeline/Pipeline.php(208): Illuminate\\Foundation\\Http\\Middleware\\InvokeDeferredCallbacks->handle(Object(Illuminate\\Http\\Request), Object(Closure))
#58 /home3/elngbpzd/work.dia.ci/vendor/laravel/framework/src/Illuminate/Http/Middleware/ValidatePathEncoding.php(26): Illuminate\\Pipeline\\Pipeline->Illuminate\\Pipeline\\{closure}(Object(Illuminate\\Http\\Request))
#59 /home3/elngbpzd/work.dia.ci/vendor/laravel/framework/src/Illuminate/Pipeline/Pipeline.php(208): Illuminate\\Http\\Middleware\\ValidatePathEncoding->handle(Object(Illuminate\\Http\\Request), Object(Closure))
#60 /home3/elngbpzd/work.dia.ci/vendor/laravel/framework/src/Illuminate/Pipeline/Pipeline.php(126): Illuminate\\Pipeline\\Pipeline->Illuminate\\Pipeline\\{closure}(Object(Illuminate\\Http\\Request))
#61 /home3/elngbpzd/work.dia.ci/vendor/laravel/framework/src/Illuminate/Foundation/Http/Kernel.php(175): Illuminate\\Pipeline\\Pipeline->then(Object(Closure))
#62 /home3/elngbpzd/work.dia.ci/vendor/laravel/framework/src/Illuminate/Foundation/Http/Kernel.php(144): Illuminate\\Foundation\\Http\\Kernel->sendRequestThroughRouter(Object(Illuminate\\Http\\Request))
#63 /home3/elngbpzd/work.dia.ci/vendor/laravel/framework/src/Illuminate/Foundation/Application.php(1219): Illuminate\\Foundation\\Http\\Kernel->handle(Object(Illuminate\\Http\\Request))
#64 /home3/elngbpzd/work.dia.ci/index.php(20): Illuminate\\Foundation\\Application->handleRequest(Object(Illuminate\\Http\\Request))
#65 {main}

[previous exception] [object] (PDOException(code: HY000): SQLSTATE[HY000]: General error: 1364 Field 'reference' doesn't have a default value at /home3/elngbpzd/work.dia.ci/vendor/laravel/framework/src/Illuminate/Database/MySqlConnection.php:53)
[stacktrace]
#0 /home3/elngbpzd/work.dia.ci/vendor/laravel/framework/src/Illuminate/Database/MySqlConnection.php(53): PDOStatement->execute()
#1 /home3/elngbpzd/work.dia.ci/vendor/laravel/framework/src/Illuminate/Database/Connection.php(809): Illuminate\\Database\\MySqlConnection->Illuminate\\Database\\{closure}('insert into `pa...', Array)
#2 /home3/elngbpzd/work.dia.ci/vendor/laravel/framework/src/Illuminate/Database/Connection.php(776): Illuminate\\Database\\Connection->runQueryCallback('insert into `pa...', Array, Object(Closure))
#3 /home3/elngbpzd/work.dia.ci/vendor/laravel/framework/src/Illuminate/Database/MySqlConnection.php(42): Illuminate\\Database\\Connection->run('insert into `pa...', Array, Object(Closure))
#4 /home3/elngbpzd/work.dia.ci/vendor/laravel/framework/src/Illuminate/Database/Query/Builder.php(3736): Illuminate\\Database\\MySqlConnection->insert('insert into `pa...', Array)
#5 /home3/elngbpzd/work.dia.ci/vendor/laravel/framework/src/Illuminate/Database/Eloquent/Builder.php(2205): Illuminate\\Database\\Query\\Builder->insert(Array)
#6 /home3/elngbpzd/work.dia.ci/vendor/laravel/framework/src/Illuminate/Database/Eloquent/Model.php(1384): Illuminate\\Database\\Eloquent\\Builder->__call('insert', Array)
#7 /home3/elngbpzd/work.dia.ci/vendor/laravel/framework/src/Illuminate/Database/Eloquent/Model.php(1212): Illuminate\\Database\\Eloquent\\Model->performInsert(Object(Illuminate\\Database\\Eloquent\\Builder))
#8 /home3/elngbpzd/work.dia.ci/vendor/filament/filament/src/Resources/Pages/CreateRecord.php(175): Illuminate\\Database\\Eloquent\\Model->save()
#9 /home3/elngbpzd/work.dia.ci/vendor/filament/filament/src/Resources/Pages/CreateRecord.php(92): Filament\\Resources\\Pages\\CreateRecord->handleRecordCreation(Array)
#10 /home3/elngbpzd/work.dia.ci/vendor/laravel/framework/src/Illuminate/Container/BoundMethod.php(36): Filament\\Resources\\Pages\\CreateRecord->create(false)
#11 /home3/elngbpzd/work.dia.ci/vendor/laravel/framework/src/Illuminate/Container/Util.php(43): Illuminate\\Container\\BoundMethod::Illuminate\\Container\\{closure}()
#12 /home3/elngbpzd/work.dia.ci/vendor/laravel/framework/src/Illuminate/Container/BoundMethod.php(96): Illuminate\\Container\\Util::unwrapIfClosure(Object(Closure))
#13 /home3/elngbpzd/work.dia.ci/vendor/laravel/framework/src/Illuminate/Container/BoundMethod.php(35): Illuminate\\Container\\BoundMethod::callBoundMethod(Object(Illuminate\\Foundation\\Application), Array, Object(Closure))
#14 /home3/elngbpzd/work.dia.ci/vendor/livewire/livewire/src/Wrapped.php(23): Illuminate\\Container\\BoundMethod::call(Object(Illuminate\\Foundation\\Application), Array, Array)
#15 /home3/elngbpzd/work.dia.ci/vendor/livewire/livewire/src/Mechanisms/HandleComponents/HandleComponents.php(474): Livewire\\Wrapped->__call('create', Array)
#16 /home3/elngbpzd/work.dia.ci/vendor/livewire/livewire/src/Mechanisms/HandleComponents/HandleComponents.php(101): Livewire\\Mechanisms\\HandleComponents\\HandleComponents->callMethods(Object(App\\Filament\\Resources\\PaiementResource\\Pages\\CreatePaiement), Array, Object(Livewire\\Mechanisms\\HandleComponents\\ComponentContext))
#17 /home3/elngbpzd/work.dia.ci/vendor/livewire/livewire/src/LivewireManager.php(102): Livewire\\Mechanisms\\HandleComponents\\HandleComponents->update(Array, Array, Array)
#18 /home3/elngbpzd/work.dia.ci/vendor/livewire/livewire/src/Mechanisms/HandleRequests/HandleRequests.php(94): Livewire\\LivewireManager->update(Array, Array, Array)
#19 /home3/elngbpzd/work.dia.ci/vendor/laravel/framework/src/Illuminate/Routing/ControllerDispatcher.php(46): Livewire\\Mechanisms\\HandleRequests\\HandleRequests->handleUpdate()
#20 /home3/elngbpzd/work.dia.ci/vendor/laravel/framework/src/Illuminate/Routing/Route.php(265): Illuminate\\Routing\\ControllerDispatcher->dispatch(Object(Illuminate\\Routing\\Route), Object(Livewire\\Mechanisms\\HandleRequests\\HandleRequests), 'handleUpdate')
#21 /home3/elngbpzd/work.dia.ci/vendor/laravel/framework/src/Illuminate/Routing/Route.php(211): Illuminate\\Routing\\Route->runController()
#22 /home3/elngbpzd/work.dia.ci/vendor/laravel/framework/src/Illuminate/Routing/Router.php(808): Illuminate\\Routing\\Route->run()
#23 /home3/elngbpzd/work.dia.ci/vendor/laravel/framework/src/Illuminate/Pipeline/Pipeline.php(169): Illuminate\\Routing\\Router->Illuminate\\Routing\\{closure}(Object(Illuminate\\Http\\Request))
#24 /home3/elngbpzd/work.dia.ci/vendor/laravel/framework/src/Illuminate/Routing/Middleware/SubstituteBindings.php(50): Illuminate\\Pipeline\\Pipeline->Illuminate\\Pipeline\\{closure}(Object(Illuminate\\Http\\Request))
#25 /home3/elngbpzd/work.dia.ci/vendor/laravel/framework/src/Illuminate/Pipeline/Pipeline.php(208): Illuminate\\Routing\\Middleware\\SubstituteBindings->handle(Object(Illuminate\\Http\\Request), Object(Closure))
#26 /home3/elngbpzd/work.dia.ci/vendor/laravel/framework/src/Illuminate/Foundation/Http/Middleware/VerifyCsrfToken.php(87): Illuminate\\Pipeline\\Pipeline->Illuminate\\Pipeline\\{closure}(Object(Illuminate\\Http\\Request))
#27 /home3/elngbpzd/work.dia.ci/vendor/laravel/framework/src/Illuminate/Pipeline/Pipeline.php(208): Illuminate\\Foundation\\Http\\Middleware\\VerifyCsrfToken->handle(Object(Illuminate\\Http\\Request), Object(Closure))
#28 /home3/elngbpzd/work.dia.ci/vendor/laravel/framework/src/Illuminate/View/Middleware/ShareErrorsFromSession.php(48): Illuminate\\Pipeline\\Pipeline->Illuminate\\Pipeline\\{closure}(Object(Illuminate\\Http\\Request))
#29 /home3/elngbpzd/work.dia.ci/vendor/laravel/framework/src/Illuminate/Pipeline/Pipeline.php(208): Illuminate\\View\\Middleware\\ShareErrorsFromSession->handle(Object(Illuminate\\Http\\Request), Object(Closure))
#30 /home3/elngbpzd/work.dia.ci/vendor/laravel/framework/src/Illuminate/Session/Middleware/StartSession.php(120): Illuminate\\Pipeline\\Pipeline->Illuminate\\Pipeline\\{closure}(Object(Illuminate\\Http\\Request))
#31 /home3/elngbpzd/work.dia.ci/vendor/laravel/framework/src/Illuminate/Session/Middleware/StartSession.php(63): Illuminate\\Session\\Middleware\\StartSession->handleStatefulRequest(Object(Illuminate\\Http\\Request), Object(Illuminate\\Session\\Store), Object(Closure))
#32 /home3/elngbpzd/work.dia.ci/vendor/laravel/framework/src/Illuminate/Pipeline/Pipeline.php(208): Illuminate\\Session\\Middleware\\StartSession->handle(Object(Illuminate\\Http\\Request), Object(Closure))
#33 /home3/elngbpzd/work.dia.ci/vendor/laravel/framework/src/Illuminate/Cookie/Middleware/AddQueuedCookiesToResponse.php(36): Illuminate\\Pipeline\\Pipeline->Illuminate\\Pipeline\\{closure}(Object(Illuminate\\Http\\Request))
#34 /home3/elngbpzd/work.dia.ci/vendor/laravel/framework/src/Illuminate/Pipeline/Pipeline.php(208): Illuminate\\Cookie\\Middleware\\AddQueuedCookiesToResponse->handle(Object(Illuminate\\Http\\Request), Object(Closure))
#35 /home3/elngbpzd/work.dia.ci/vendor/laravel/framework/src/Illuminate/Cookie/Middleware/EncryptCookies.php(74): Illuminate\\Pipeline\\Pipeline->Illuminate\\Pipeline\\{closure}(Object(Illuminate\\Http\\Request))
#36 /home3/elngbpzd/work.dia.ci/vendor/laravel/framework/src/Illuminate/Pipeline/Pipeline.php(208): Illuminate\\Cookie\\Middleware\\EncryptCookies->handle(Object(Illuminate\\Http\\Request), Object(Closure))
#37 /home3/elngbpzd/work.dia.ci/vendor/laravel/framework/src/Illuminate/Pipeline/Pipeline.php(126): Illuminate\\Pipeline\\Pipeline->Illuminate\\Pipeline\\{closure}(Object(Illuminate\\Http\\Request))
#38 /home3/elngbpzd/work.dia.ci/vendor/laravel/framework/src/Illuminate/Routing/Router.php(807): Illuminate\\Pipeline\\Pipeline->then(Object(Closure))
#39 /home3/elngbpzd/work.dia.ci/vendor/laravel/framework/src/Illuminate/Routing/Router.php(786): Illuminate\\Routing\\Router->runRouteWithinStack(Object(Illuminate\\Routing\\Route), Object(Illuminate\\Http\\Request))
#40 /home3/elngbpzd/work.dia.ci/vendor/laravel/framework/src/Illuminate/Routing/Router.php(750): Illuminate\\Routing\\Router->runRoute(Object(Illuminate\\Http\\Request), Object(Illuminate\\Routing\\Route))
#41 /home3/elngbpzd/work.dia.ci/vendor/laravel/framework/src/Illuminate/Routing/Router.php(739): Illuminate\\Routing\\Router->dispatchToRoute(Object(Illuminate\\Http\\Request))
#42 /home3/elngbpzd/work.dia.ci/vendor/laravel/framework/src/Illuminate/Foundation/Http/Kernel.php(200): Illuminate\\Routing\\Router->dispatch(Object(Illuminate\\Http\\Request))
#43 /home3/elngbpzd/work.dia.ci/vendor/laravel/framework/src/Illuminate/Pipeline/Pipeline.php(169): Illuminate\\Foundation\\Http\\Kernel->Illuminate\\Foundation\\Http\\{closure}(Object(Illuminate\\Http\\Request))
#44 /home3/elngbpzd/work.dia.ci/vendor/livewire/livewire/src/Features/SupportDisablingBackButtonCache/DisableBackButtonCacheMiddleware.php(19): Illuminate\\Pipeline\\Pipeline->Illuminate\\Pipeline\\{closure}(Object(Illuminate\\Http\\Request))
#45 /home3/elngbpzd/work.dia.ci/vendor/laravel/framework/src/Illuminate/Pipeline/Pipeline.php(208): Livewire\\Features\\SupportDisablingBackButtonCache\\DisableBackButtonCacheMiddleware->handle(Object(Illuminate\\Http\\Request), Object(Closure))
#46 /home3/elngbpzd/work.dia.ci/vendor/laravel/framework/src/Illuminate/Foundation/Http/Middleware/ConvertEmptyStringsToNull.php(27): Illuminate\\Pipeline\\Pipeline->Illuminate\\Pipeline\\{closure}(Object(Illuminate\\Http\\Request))
#47 /home3/elngbpzd/work.dia.ci/vendor/laravel/framework/src/Illuminate/Pipeline/Pipeline.php(208): Illuminate\\Foundation\\Http\\Middleware\\ConvertEmptyStringsToNull->handle(Object(Illuminate\\Http\\Request), Object(Closure))
#48 /home3/elngbpzd/work.dia.ci/vendor/laravel/framework/src/Illuminate/Foundation/Http/Middleware/TrimStrings.php(47): Illuminate\\Pipeline\\Pipeline->Illuminate\\Pipeline\\{closure}(Object(Illuminate\\Http\\Request))
#49 /home3/elngbpzd/work.dia.ci/vendor/laravel/framework/src/Illuminate/Pipeline/Pipeline.php(208): Illuminate\\Foundation\\Http\\Middleware\\TrimStrings->handle(Object(Illuminate\\Http\\Request), Object(Closure))
#50 /home3/elngbpzd/work.dia.ci/vendor/laravel/framework/src/Illuminate/Http/Middleware/ValidatePostSize.php(27): Illuminate\\Pipeline\\Pipeline->Illuminate\\Pipeline\\{closure}(Object(Illuminate\\Http\\Request))
#51 /home3/elngbpzd/work.dia.ci/vendor/laravel/framework/src/Illuminate/Pipeline/Pipeline.php(208): Illuminate\\Http\\Middleware\\ValidatePostSize->handle(Object(Illuminate\\Http\\Request), Object(Closure))
#52 /home3/elngbpzd/work.dia.ci/vendor/laravel/framework/src/Illuminate/Foundation/Http/Middleware/PreventRequestsDuringMaintenance.php(109): Illuminate\\Pipeline\\Pipeline->Illuminate\\Pipeline\\{closure}(Object(Illuminate\\Http\\Request))
#53 /home3/elngbpzd/work.dia.ci/vendor/laravel/framework/src/Illuminate/Pipeline/Pipeline.php(208): Illuminate\\Foundation\\Http\\Middleware\\PreventRequestsDuringMaintenance->handle(Object(Illuminate\\Http\\Request), Object(Closure))
#54 /home3/elngbpzd/work.dia.ci/vendor/laravel/framework/src/Illuminate/Http/Middleware/HandleCors.php(48): Illuminate\\Pipeline\\Pipeline->Illuminate\\Pipeline\\{closure}(Object(Illuminate\\Http\\Request))
#55 /home3/elngbpzd/work.dia.ci/vendor/laravel/framework/src/Illuminate/Pipeline/Pipeline.php(208): Illuminate\\Http\\Middleware\\HandleCors->handle(Object(Illuminate\\Http\\Request), Object(Closure))
#56 /home3/elngbpzd/work.dia.ci/vendor/laravel/framework/src/Illuminate/Http/Middleware/TrustProxies.php(58): Illuminate\\Pipeline\\Pipeline->Illuminate\\Pipeline\\{closure}(Object(Illuminate\\Http\\Request))
#57 /home3/elngbpzd/work.dia.ci/vendor/laravel/framework/src/Illuminate/Pipeline/Pipeline.php(208): Illuminate\\Http\\Middleware\\TrustProxies->handle(Object(Illuminate\\Http\\Request), Object(Closure))
#58 /home3/elngbpzd/work.dia.ci/vendor/laravel/framework/src/Illuminate/Foundation/Http/Middleware/InvokeDeferredCallbacks.php(22): Illuminate\\Pipeline\\Pipeline->Illuminate\\Pipeline\\{closure}(Object(Illuminate\\Http\\Request))
#59 /home3/elngbpzd/work.dia.ci/vendor/laravel/framework/src/Illuminate/Pipeline/Pipeline.php(208): Illuminate\\Foundation\\Http\\Middleware\\InvokeDeferredCallbacks->handle(Object(Illuminate\\Http\\Request), Object(Closure))
#60 /home3/elngbpzd/work.dia.ci/vendor/laravel/framework/src/Illuminate/Http/Middleware/ValidatePathEncoding.php(26): Illuminate\\Pipeline\\Pipeline->Illuminate\\Pipeline\\{closure}(Object(Illuminate\\Http\\Request))
#61 /home3/elngbpzd/work.dia.ci/vendor/laravel/framework/src/Illuminate/Pipeline/Pipeline.php(208): Illuminate\\Http\\Middleware\\ValidatePathEncoding->handle(Object(Illuminate\\Http\\Request), Object(Closure))
#62 /home3/elngbpzd/work.dia.ci/vendor/laravel/framework/src/Illuminate/Pipeline/Pipeline.php(126): Illuminate\\Pipeline\\Pipeline->Illuminate\\Pipeline\\{closure}(Object(Illuminate\\Http\\Request))
#63 /home3/elngbpzd/work.dia.ci/vendor/laravel/framework/src/Illuminate/Foundation/Http/Kernel.php(175): Illuminate\\Pipeline\\Pipeline->then(Object(Closure))
#64 /home3/elngbpzd/work.dia.ci/vendor/laravel/framework/src/Illuminate/Foundation/Http/Kernel.php(144): Illuminate\\Foundation\\Http\\Kernel->sendRequestThroughRouter(Object(Illuminate\\Http\\Request))
#65 /home3/elngbpzd/work.dia.ci/vendor/laravel/framework/src/Illuminate/Foundation/Application.php(1219): Illuminate\\Foundation\\Http\\Kernel->handle(Object(Illuminate\\Http\\Request))
#66 /home3/elngbpzd/work.dia.ci/index.php(20): Illuminate\\Foundation\\Application->handleRequest(Object(Illuminate\\Http\\Request))
#67 {main}
"} 
[2025-06-10 10:52:15] production.INFO: Impersonation: Utilisateur 01973f93-044a-73c2-b850-6771287d52a8 se connecte en tant que 01974a2b-719a-71be-914d-2146f01a10b9  
[2025-06-10 10:52:15] production.INFO: Utilisateur impersonaté : Fidel N'zoué  
[2025-06-10 10:52:15] production.INFO: Role impersonaté : admin  
[2025-06-10 10:57:05] production.INFO: Création d'un nouveau visiteur avec téléphone: +2250150809707  
[2025-06-10 10:57:05] production.INFO: Création de visite avec les données: {"visiteur":{"nom":"A2K","prenom":"Immobilier","email":null,"organisation":"A2KImmobilier","fonction":"DG","telephone":"+2250150809707","entreprise_id":"01974a2d-d144-708a-a56c-0623dacc4701","statut":"actif"},"visite":{"site_id":"01974a32-e511-7319-a965-4ecc70c04d31","date_arrivee":"2025-06-10 10:52:56","motif_visite":"Reunion commerciale","personne_a_rencontrer":"Rendez-vous avec Axel Diby","departement_a_visiter":null,"badge_visiteur":null,"commentaires":null,"entreprise_id":"01974a2d-d144-708a-a56c-0623dacc4701","statut":"en_cours"}}  
[2025-06-10 10:57:05] production.INFO: Création d'un nouveau visiteur pour la visite: {"nom":"A2K","prenom":"Immobilier","email":null,"organisation":"A2KImmobilier","fonction":"DG","telephone":"+2250150809707","entreprise_id":"01974a2d-d144-708a-a56c-0623dacc4701","statut":"actif"}  
[2025-06-10 10:57:05] production.INFO: Création du visiteur: {"nom":"A2K","prenom":"Immobilier","email":null,"organisation":"A2KImmobilier","fonction":"DG","telephone":"+2250150809707","entreprise_id":"01974a2d-d144-708a-a56c-0623dacc4701","statut":"actif"}  
[2025-06-10 10:57:05] production.INFO: Visiteur créé avec succès: 0197597c-9327-716b-b629-c725164f3487  
[2025-06-10 10:57:05] production.INFO: Création de la visite: {"site_id":"01974a32-e511-7319-a965-4ecc70c04d31","date_arrivee":"2025-06-10 10:52:56","motif_visite":"Reunion commerciale","personne_a_rencontrer":"Rendez-vous avec Axel Diby","departement_a_visiter":null,"badge_visiteur":null,"commentaires":null,"entreprise_id":"01974a2d-d144-708a-a56c-0623dacc4701","statut":"en_cours","visiteur_id":"0197597c-9327-716b-b629-c725164f3487"}  
[2025-06-10 10:57:05] production.INFO: Visite créée avec succès: 0197597c-9331-736f-9d10-3a9003f6caf5  
[2025-06-10 10:57:06] production.INFO: Ticket de visite généré avec succès {"visite_id":"0197597c-9331-736f-9d10-3a9003f6caf5"} 
[2025-06-10 10:57:06] production.WARNING: Problème lors de l'impression du ticket de visite {"return_code":127,"output":[]} 
[2025-06-10 10:57:06] production.INFO: Ticket généré et impression lancée {"visite_id":"0197597c-9331-736f-9d10-3a9003f6caf5","print_success":false} 
[2025-06-10 10:57:59] production.INFO: Démarrage de l'export des bulletins de paie en Excel {"statut":"validé","periode":"tous"} 
[2025-06-10 11:01:45] production.INFO: Création de visite pour le visiteur: Immobilier A2K  
[2025-06-10 11:07:45] production.ERROR: Call to undefined method Filament\FilamentManager::getCurrentResource() {"userId":"01974a2b-719a-71be-914d-2146f01a10b9","exception":"[object] (Error(code: 0): Call to undefined method Filament\\FilamentManager::getCurrentResource() at /home3/elngbpzd/work.dia.ci/vendor/laravel/framework/src/Illuminate/Support/Facades/Facade.php:361)
[stacktrace]
#0 /home3/elngbpzd/work.dia.ci/app/Filament/Resources/VisiteurResource.php(105): Illuminate\\Support\\Facades\\Facade::__callStatic('getCurrentResou...', Array)
#1 /home3/elngbpzd/work.dia.ci/vendor/laravel/framework/src/Illuminate/Validation/ClosureValidationRule.php(62): App\\Filament\\Resources\\VisiteurResource::App\\Filament\\Resources\\{closure}('data.telephone', '0140256678', Object(Closure), Object(Illuminate\\Validation\\Validator))
#2 /home3/elngbpzd/work.dia.ci/vendor/laravel/framework/src/Illuminate/Validation/ClosureValidationRule.php(62): Closure->__invoke('data.telephone', '0140256678', Object(Closure), Object(Illuminate\\Validation\\Validator))
#3 /home3/elngbpzd/work.dia.ci/vendor/laravel/framework/src/Illuminate/Validation/Validator.php(901): Illuminate\\Validation\\ClosureValidationRule->passes('data.telephone', '0140256678')
#4 /home3/elngbpzd/work.dia.ci/vendor/laravel/framework/src/Illuminate/Validation/Validator.php(677): Illuminate\\Validation\\Validator->validateUsingCustomRule('data.telephone', '0140256678', Object(Illuminate\\Validation\\ClosureValidationRule))
#5 /home3/elngbpzd/work.dia.ci/vendor/laravel/framework/src/Illuminate/Validation/Validator.php(480): Illuminate\\Validation\\Validator->validateAttribute('data.telephone', Object(Illuminate\\Validation\\ClosureValidationRule))
#6 /home3/elngbpzd/work.dia.ci/vendor/laravel/framework/src/Illuminate/Validation/Validator.php(515): Illuminate\\Validation\\Validator->passes()
#7 /home3/elngbpzd/work.dia.ci/vendor/laravel/framework/src/Illuminate/Validation/Validator.php(557): Illuminate\\Validation\\Validator->fails()
#8 /home3/elngbpzd/work.dia.ci/vendor/livewire/livewire/src/Features/SupportValidation/HandlesValidation.php(266): Illuminate\\Validation\\Validator->validate()
#9 /home3/elngbpzd/work.dia.ci/vendor/filament/forms/src/Concerns/InteractsWithForms.php(220): Livewire\\Component->validate(Array, Array, Array)
#10 /home3/elngbpzd/work.dia.ci/vendor/filament/forms/src/Concerns/CanBeValidated.php(130): Filament\\Pages\\BasePage->validate(Array, Array, Array)
#11 /home3/elngbpzd/work.dia.ci/vendor/filament/forms/src/Concerns/HasState.php(218): Filament\\Forms\\ComponentContainer->validate()
#12 /home3/elngbpzd/work.dia.ci/vendor/filament/filament/src/Resources/Pages/CreateRecord.php(84): Filament\\Forms\\ComponentContainer->getState()
#13 /home3/elngbpzd/work.dia.ci/vendor/laravel/framework/src/Illuminate/Container/BoundMethod.php(36): Filament\\Resources\\Pages\\CreateRecord->create(false)
#14 /home3/elngbpzd/work.dia.ci/vendor/laravel/framework/src/Illuminate/Container/Util.php(43): Illuminate\\Container\\BoundMethod::Illuminate\\Container\\{closure}()
#15 /home3/elngbpzd/work.dia.ci/vendor/laravel/framework/src/Illuminate/Container/BoundMethod.php(96): Illuminate\\Container\\Util::unwrapIfClosure(Object(Closure))
#16 /home3/elngbpzd/work.dia.ci/vendor/laravel/framework/src/Illuminate/Container/BoundMethod.php(35): Illuminate\\Container\\BoundMethod::callBoundMethod(Object(Illuminate\\Foundation\\Application), Array, Object(Closure))
#17 /home3/elngbpzd/work.dia.ci/vendor/livewire/livewire/src/Wrapped.php(23): Illuminate\\Container\\BoundMethod::call(Object(Illuminate\\Foundation\\Application), Array, Array)
#18 /home3/elngbpzd/work.dia.ci/vendor/livewire/livewire/src/Mechanisms/HandleComponents/HandleComponents.php(474): Livewire\\Wrapped->__call('create', Array)
#19 /home3/elngbpzd/work.dia.ci/vendor/livewire/livewire/src/Mechanisms/HandleComponents/HandleComponents.php(101): Livewire\\Mechanisms\\HandleComponents\\HandleComponents->callMethods(Object(App\\Filament\\Resources\\VisiteurResource\\Pages\\CreateVisiteur), Array, Object(Livewire\\Mechanisms\\HandleComponents\\ComponentContext))
#20 /home3/elngbpzd/work.dia.ci/vendor/livewire/livewire/src/LivewireManager.php(102): Livewire\\Mechanisms\\HandleComponents\\HandleComponents->update(Array, Array, Array)
#21 /home3/elngbpzd/work.dia.ci/vendor/livewire/livewire/src/Mechanisms/HandleRequests/HandleRequests.php(94): Livewire\\LivewireManager->update(Array, Array, Array)
#22 /home3/elngbpzd/work.dia.ci/vendor/laravel/framework/src/Illuminate/Routing/ControllerDispatcher.php(46): Livewire\\Mechanisms\\HandleRequests\\HandleRequests->handleUpdate()
#23 /home3/elngbpzd/work.dia.ci/vendor/laravel/framework/src/Illuminate/Routing/Route.php(265): Illuminate\\Routing\\ControllerDispatcher->dispatch(Object(Illuminate\\Routing\\Route), Object(Livewire\\Mechanisms\\HandleRequests\\HandleRequests), 'handleUpdate')
#24 /home3/elngbpzd/work.dia.ci/vendor/laravel/framework/src/Illuminate/Routing/Route.php(211): Illuminate\\Routing\\Route->runController()
#25 /home3/elngbpzd/work.dia.ci/vendor/laravel/framework/src/Illuminate/Routing/Router.php(808): Illuminate\\Routing\\Route->run()
#26 /home3/elngbpzd/work.dia.ci/vendor/laravel/framework/src/Illuminate/Pipeline/Pipeline.php(169): Illuminate\\Routing\\Router->Illuminate\\Routing\\{closure}(Object(Illuminate\\Http\\Request))
#27 /home3/elngbpzd/work.dia.ci/vendor/laravel/framework/src/Illuminate/Routing/Middleware/SubstituteBindings.php(50): Illuminate\\Pipeline\\Pipeline->Illuminate\\Pipeline\\{closure}(Object(Illuminate\\Http\\Request))
#28 /home3/elngbpzd/work.dia.ci/vendor/laravel/framework/src/Illuminate/Pipeline/Pipeline.php(208): Illuminate\\Routing\\Middleware\\SubstituteBindings->handle(Object(Illuminate\\Http\\Request), Object(Closure))
#29 /home3/elngbpzd/work.dia.ci/vendor/laravel/framework/src/Illuminate/Foundation/Http/Middleware/VerifyCsrfToken.php(87): Illuminate\\Pipeline\\Pipeline->Illuminate\\Pipeline\\{closure}(Object(Illuminate\\Http\\Request))
#30 /home3/elngbpzd/work.dia.ci/vendor/laravel/framework/src/Illuminate/Pipeline/Pipeline.php(208): Illuminate\\Foundation\\Http\\Middleware\\VerifyCsrfToken->handle(Object(Illuminate\\Http\\Request), Object(Closure))
#31 /home3/elngbpzd/work.dia.ci/vendor/laravel/framework/src/Illuminate/View/Middleware/ShareErrorsFromSession.php(48): Illuminate\\Pipeline\\Pipeline->Illuminate\\Pipeline\\{closure}(Object(Illuminate\\Http\\Request))
#32 /home3/elngbpzd/work.dia.ci/vendor/laravel/framework/src/Illuminate/Pipeline/Pipeline.php(208): Illuminate\\View\\Middleware\\ShareErrorsFromSession->handle(Object(Illuminate\\Http\\Request), Object(Closure))
#33 /home3/elngbpzd/work.dia.ci/vendor/laravel/framework/src/Illuminate/Session/Middleware/StartSession.php(120): Illuminate\\Pipeline\\Pipeline->Illuminate\\Pipeline\\{closure}(Object(Illuminate\\Http\\Request))
#34 /home3/elngbpzd/work.dia.ci/vendor/laravel/framework/src/Illuminate/Session/Middleware/StartSession.php(63): Illuminate\\Session\\Middleware\\StartSession->handleStatefulRequest(Object(Illuminate\\Http\\Request), Object(Illuminate\\Session\\Store), Object(Closure))
#35 /home3/elngbpzd/work.dia.ci/vendor/laravel/framework/src/Illuminate/Pipeline/Pipeline.php(208): Illuminate\\Session\\Middleware\\StartSession->handle(Object(Illuminate\\Http\\Request), Object(Closure))
#36 /home3/elngbpzd/work.dia.ci/vendor/laravel/framework/src/Illuminate/Cookie/Middleware/AddQueuedCookiesToResponse.php(36): Illuminate\\Pipeline\\Pipeline->Illuminate\\Pipeline\\{closure}(Object(Illuminate\\Http\\Request))
#37 /home3/elngbpzd/work.dia.ci/vendor/laravel/framework/src/Illuminate/Pipeline/Pipeline.php(208): Illuminate\\Cookie\\Middleware\\AddQueuedCookiesToResponse->handle(Object(Illuminate\\Http\\Request), Object(Closure))
#38 /home3/elngbpzd/work.dia.ci/vendor/laravel/framework/src/Illuminate/Cookie/Middleware/EncryptCookies.php(74): Illuminate\\Pipeline\\Pipeline->Illuminate\\Pipeline\\{closure}(Object(Illuminate\\Http\\Request))
#39 /home3/elngbpzd/work.dia.ci/vendor/laravel/framework/src/Illuminate/Pipeline/Pipeline.php(208): Illuminate\\Cookie\\Middleware\\EncryptCookies->handle(Object(Illuminate\\Http\\Request), Object(Closure))
#40 /home3/elngbpzd/work.dia.ci/vendor/laravel/framework/src/Illuminate/Pipeline/Pipeline.php(126): Illuminate\\Pipeline\\Pipeline->Illuminate\\Pipeline\\{closure}(Object(Illuminate\\Http\\Request))
#41 /home3/elngbpzd/work.dia.ci/vendor/laravel/framework/src/Illuminate/Routing/Router.php(807): Illuminate\\Pipeline\\Pipeline->then(Object(Closure))
#42 /home3/elngbpzd/work.dia.ci/vendor/laravel/framework/src/Illuminate/Routing/Router.php(786): Illuminate\\Routing\\Router->runRouteWithinStack(Object(Illuminate\\Routing\\Route), Object(Illuminate\\Http\\Request))
#43 /home3/elngbpzd/work.dia.ci/vendor/laravel/framework/src/Illuminate/Routing/Router.php(750): Illuminate\\Routing\\Router->runRoute(Object(Illuminate\\Http\\Request), Object(Illuminate\\Routing\\Route))
#44 /home3/elngbpzd/work.dia.ci/vendor/laravel/framework/src/Illuminate/Routing/Router.php(739): Illuminate\\Routing\\Router->dispatchToRoute(Object(Illuminate\\Http\\Request))
#45 /home3/elngbpzd/work.dia.ci/vendor/laravel/framework/src/Illuminate/Foundation/Http/Kernel.php(200): Illuminate\\Routing\\Router->dispatch(Object(Illuminate\\Http\\Request))
#46 /home3/elngbpzd/work.dia.ci/vendor/laravel/framework/src/Illuminate/Pipeline/Pipeline.php(169): Illuminate\\Foundation\\Http\\Kernel->Illuminate\\Foundation\\Http\\{closure}(Object(Illuminate\\Http\\Request))
#47 /home3/elngbpzd/work.dia.ci/vendor/livewire/livewire/src/Features/SupportDisablingBackButtonCache/DisableBackButtonCacheMiddleware.php(19): Illuminate\\Pipeline\\Pipeline->Illuminate\\Pipeline\\{closure}(Object(Illuminate\\Http\\Request))
#48 /home3/elngbpzd/work.dia.ci/vendor/laravel/framework/src/Illuminate/Pipeline/Pipeline.php(208): Livewire\\Features\\SupportDisablingBackButtonCache\\DisableBackButtonCacheMiddleware->handle(Object(Illuminate\\Http\\Request), Object(Closure))
#49 /home3/elngbpzd/work.dia.ci/vendor/laravel/framework/src/Illuminate/Foundation/Http/Middleware/ConvertEmptyStringsToNull.php(27): Illuminate\\Pipeline\\Pipeline->Illuminate\\Pipeline\\{closure}(Object(Illuminate\\Http\\Request))
#50 /home3/elngbpzd/work.dia.ci/vendor/laravel/framework/src/Illuminate/Pipeline/Pipeline.php(208): Illuminate\\Foundation\\Http\\Middleware\\ConvertEmptyStringsToNull->handle(Object(Illuminate\\Http\\Request), Object(Closure))
#51 /home3/elngbpzd/work.dia.ci/vendor/laravel/framework/src/Illuminate/Foundation/Http/Middleware/TrimStrings.php(47): Illuminate\\Pipeline\\Pipeline->Illuminate\\Pipeline\\{closure}(Object(Illuminate\\Http\\Request))
#52 /home3/elngbpzd/work.dia.ci/vendor/laravel/framework/src/Illuminate/Pipeline/Pipeline.php(208): Illuminate\\Foundation\\Http\\Middleware\\TrimStrings->handle(Object(Illuminate\\Http\\Request), Object(Closure))
#53 /home3/elngbpzd/work.dia.ci/vendor/laravel/framework/src/Illuminate/Http/Middleware/ValidatePostSize.php(27): Illuminate\\Pipeline\\Pipeline->Illuminate\\Pipeline\\{closure}(Object(Illuminate\\Http\\Request))
#54 /home3/elngbpzd/work.dia.ci/vendor/laravel/framework/src/Illuminate/Pipeline/Pipeline.php(208): Illuminate\\Http\\Middleware\\ValidatePostSize->handle(Object(Illuminate\\Http\\Request), Object(Closure))
#55 /home3/elngbpzd/work.dia.ci/vendor/laravel/framework/src/Illuminate/Foundation/Http/Middleware/PreventRequestsDuringMaintenance.php(109): Illuminate\\Pipeline\\Pipeline->Illuminate\\Pipeline\\{closure}(Object(Illuminate\\Http\\Request))
#56 /home3/elngbpzd/work.dia.ci/vendor/laravel/framework/src/Illuminate/Pipeline/Pipeline.php(208): Illuminate\\Foundation\\Http\\Middleware\\PreventRequestsDuringMaintenance->handle(Object(Illuminate\\Http\\Request), Object(Closure))
#57 /home3/elngbpzd/work.dia.ci/vendor/laravel/framework/src/Illuminate/Http/Middleware/HandleCors.php(48): Illuminate\\Pipeline\\Pipeline->Illuminate\\Pipeline\\{closure}(Object(Illuminate\\Http\\Request))
#58 /home3/elngbpzd/work.dia.ci/vendor/laravel/framework/src/Illuminate/Pipeline/Pipeline.php(208): Illuminate\\Http\\Middleware\\HandleCors->handle(Object(Illuminate\\Http\\Request), Object(Closure))
#59 /home3/elngbpzd/work.dia.ci/vendor/laravel/framework/src/Illuminate/Http/Middleware/TrustProxies.php(58): Illuminate\\Pipeline\\Pipeline->Illuminate\\Pipeline\\{closure}(Object(Illuminate\\Http\\Request))
#60 /home3/elngbpzd/work.dia.ci/vendor/laravel/framework/src/Illuminate/Pipeline/Pipeline.php(208): Illuminate\\Http\\Middleware\\TrustProxies->handle(Object(Illuminate\\Http\\Request), Object(Closure))
#61 /home3/elngbpzd/work.dia.ci/vendor/laravel/framework/src/Illuminate/Foundation/Http/Middleware/InvokeDeferredCallbacks.php(22): Illuminate\\Pipeline\\Pipeline->Illuminate\\Pipeline\\{closure}(Object(Illuminate\\Http\\Request))
#62 /home3/elngbpzd/work.dia.ci/vendor/laravel/framework/src/Illuminate/Pipeline/Pipeline.php(208): Illuminate\\Foundation\\Http\\Middleware\\InvokeDeferredCallbacks->handle(Object(Illuminate\\Http\\Request), Object(Closure))
#63 /home3/elngbpzd/work.dia.ci/vendor/laravel/framework/src/Illuminate/Http/Middleware/ValidatePathEncoding.php(26): Illuminate\\Pipeline\\Pipeline->Illuminate\\Pipeline\\{closure}(Object(Illuminate\\Http\\Request))
#64 /home3/elngbpzd/work.dia.ci/vendor/laravel/framework/src/Illuminate/Pipeline/Pipeline.php(208): Illuminate\\Http\\Middleware\\ValidatePathEncoding->handle(Object(Illuminate\\Http\\Request), Object(Closure))
#65 /home3/elngbpzd/work.dia.ci/vendor/laravel/framework/src/Illuminate/Pipeline/Pipeline.php(126): Illuminate\\Pipeline\\Pipeline->Illuminate\\Pipeline\\{closure}(Object(Illuminate\\Http\\Request))
#66 /home3/elngbpzd/work.dia.ci/vendor/laravel/framework/src/Illuminate/Foundation/Http/Kernel.php(175): Illuminate\\Pipeline\\Pipeline->then(Object(Closure))
#67 /home3/elngbpzd/work.dia.ci/vendor/laravel/framework/src/Illuminate/Foundation/Http/Kernel.php(144): Illuminate\\Foundation\\Http\\Kernel->sendRequestThroughRouter(Object(Illuminate\\Http\\Request))
#68 /home3/elngbpzd/work.dia.ci/vendor/laravel/framework/src/Illuminate/Foundation/Application.php(1219): Illuminate\\Foundation\\Http\\Kernel->handle(Object(Illuminate\\Http\\Request))
#69 /home3/elngbpzd/work.dia.ci/index.php(20): Illuminate\\Foundation\\Application->handleRequest(Object(Illuminate\\Http\\Request))
#70 {main}
"} 
[2025-06-10 11:08:29] production.ERROR: Call to undefined method Filament\FilamentManager::getCurrentResource() {"userId":"01974a2b-719a-71be-914d-2146f01a10b9","exception":"[object] (Error(code: 0): Call to undefined method Filament\\FilamentManager::getCurrentResource() at /home3/elngbpzd/work.dia.ci/vendor/laravel/framework/src/Illuminate/Support/Facades/Facade.php:361)
[stacktrace]
#0 /home3/elngbpzd/work.dia.ci/app/Filament/Resources/VisiteurResource.php(105): Illuminate\\Support\\Facades\\Facade::__callStatic('getCurrentResou...', Array)
#1 /home3/elngbpzd/work.dia.ci/vendor/laravel/framework/src/Illuminate/Validation/ClosureValidationRule.php(62): App\\Filament\\Resources\\VisiteurResource::App\\Filament\\Resources\\{closure}('data.telephone', '+2250140256678', Object(Closure), Object(Illuminate\\Validation\\Validator))
#2 /home3/elngbpzd/work.dia.ci/vendor/laravel/framework/src/Illuminate/Validation/ClosureValidationRule.php(62): Closure->__invoke('data.telephone', '+2250140256678', Object(Closure), Object(Illuminate\\Validation\\Validator))
#3 /home3/elngbpzd/work.dia.ci/vendor/laravel/framework/src/Illuminate/Validation/Validator.php(901): Illuminate\\Validation\\ClosureValidationRule->passes('data.telephone', '+2250140256678')
#4 /home3/elngbpzd/work.dia.ci/vendor/laravel/framework/src/Illuminate/Validation/Validator.php(677): Illuminate\\Validation\\Validator->validateUsingCustomRule('data.telephone', '+2250140256678', Object(Illuminate\\Validation\\ClosureValidationRule))
#5 /home3/elngbpzd/work.dia.ci/vendor/laravel/framework/src/Illuminate/Validation/Validator.php(480): Illuminate\\Validation\\Validator->validateAttribute('data.telephone', Object(Illuminate\\Validation\\ClosureValidationRule))
#6 /home3/elngbpzd/work.dia.ci/vendor/laravel/framework/src/Illuminate/Validation/Validator.php(515): Illuminate\\Validation\\Validator->passes()
#7 /home3/elngbpzd/work.dia.ci/vendor/laravel/framework/src/Illuminate/Validation/Validator.php(557): Illuminate\\Validation\\Validator->fails()
#8 /home3/elngbpzd/work.dia.ci/vendor/livewire/livewire/src/Features/SupportValidation/HandlesValidation.php(266): Illuminate\\Validation\\Validator->validate()
#9 /home3/elngbpzd/work.dia.ci/vendor/filament/forms/src/Concerns/InteractsWithForms.php(220): Livewire\\Component->validate(Array, Array, Array)
#10 /home3/elngbpzd/work.dia.ci/vendor/filament/forms/src/Concerns/CanBeValidated.php(130): Filament\\Pages\\BasePage->validate(Array, Array, Array)
#11 /home3/elngbpzd/work.dia.ci/vendor/filament/forms/src/Concerns/HasState.php(218): Filament\\Forms\\ComponentContainer->validate()
#12 /home3/elngbpzd/work.dia.ci/vendor/filament/filament/src/Resources/Pages/CreateRecord.php(84): Filament\\Forms\\ComponentContainer->getState()
#13 /home3/elngbpzd/work.dia.ci/vendor/laravel/framework/src/Illuminate/Container/BoundMethod.php(36): Filament\\Resources\\Pages\\CreateRecord->create(false)
#14 /home3/elngbpzd/work.dia.ci/vendor/laravel/framework/src/Illuminate/Container/Util.php(43): Illuminate\\Container\\BoundMethod::Illuminate\\Container\\{closure}()
#15 /home3/elngbpzd/work.dia.ci/vendor/laravel/framework/src/Illuminate/Container/BoundMethod.php(96): Illuminate\\Container\\Util::unwrapIfClosure(Object(Closure))
#16 /home3/elngbpzd/work.dia.ci/vendor/laravel/framework/src/Illuminate/Container/BoundMethod.php(35): Illuminate\\Container\\BoundMethod::callBoundMethod(Object(Illuminate\\Foundation\\Application), Array, Object(Closure))
#17 /home3/elngbpzd/work.dia.ci/vendor/livewire/livewire/src/Wrapped.php(23): Illuminate\\Container\\BoundMethod::call(Object(Illuminate\\Foundation\\Application), Array, Array)
#18 /home3/elngbpzd/work.dia.ci/vendor/livewire/livewire/src/Mechanisms/HandleComponents/HandleComponents.php(474): Livewire\\Wrapped->__call('create', Array)
#19 /home3/elngbpzd/work.dia.ci/vendor/livewire/livewire/src/Mechanisms/HandleComponents/HandleComponents.php(101): Livewire\\Mechanisms\\HandleComponents\\HandleComponents->callMethods(Object(App\\Filament\\Resources\\VisiteurResource\\Pages\\CreateVisiteur), Array, Object(Livewire\\Mechanisms\\HandleComponents\\ComponentContext))
#20 /home3/elngbpzd/work.dia.ci/vendor/livewire/livewire/src/LivewireManager.php(102): Livewire\\Mechanisms\\HandleComponents\\HandleComponents->update(Array, Array, Array)
#21 /home3/elngbpzd/work.dia.ci/vendor/livewire/livewire/src/Mechanisms/HandleRequests/HandleRequests.php(94): Livewire\\LivewireManager->update(Array, Array, Array)
#22 /home3/elngbpzd/work.dia.ci/vendor/laravel/framework/src/Illuminate/Routing/ControllerDispatcher.php(46): Livewire\\Mechanisms\\HandleRequests\\HandleRequests->handleUpdate()
#23 /home3/elngbpzd/work.dia.ci/vendor/laravel/framework/src/Illuminate/Routing/Route.php(265): Illuminate\\Routing\\ControllerDispatcher->dispatch(Object(Illuminate\\Routing\\Route), Object(Livewire\\Mechanisms\\HandleRequests\\HandleRequests), 'handleUpdate')
#24 /home3/elngbpzd/work.dia.ci/vendor/laravel/framework/src/Illuminate/Routing/Route.php(211): Illuminate\\Routing\\Route->runController()
#25 /home3/elngbpzd/work.dia.ci/vendor/laravel/framework/src/Illuminate/Routing/Router.php(808): Illuminate\\Routing\\Route->run()
#26 /home3/elngbpzd/work.dia.ci/vendor/laravel/framework/src/Illuminate/Pipeline/Pipeline.php(169): Illuminate\\Routing\\Router->Illuminate\\Routing\\{closure}(Object(Illuminate\\Http\\Request))
#27 /home3/elngbpzd/work.dia.ci/vendor/laravel/framework/src/Illuminate/Routing/Middleware/SubstituteBindings.php(50): Illuminate\\Pipeline\\Pipeline->Illuminate\\Pipeline\\{closure}(Object(Illuminate\\Http\\Request))
#28 /home3/elngbpzd/work.dia.ci/vendor/laravel/framework/src/Illuminate/Pipeline/Pipeline.php(208): Illuminate\\Routing\\Middleware\\SubstituteBindings->handle(Object(Illuminate\\Http\\Request), Object(Closure))
#29 /home3/elngbpzd/work.dia.ci/vendor/laravel/framework/src/Illuminate/Foundation/Http/Middleware/VerifyCsrfToken.php(87): Illuminate\\Pipeline\\Pipeline->Illuminate\\Pipeline\\{closure}(Object(Illuminate\\Http\\Request))
#30 /home3/elngbpzd/work.dia.ci/vendor/laravel/framework/src/Illuminate/Pipeline/Pipeline.php(208): Illuminate\\Foundation\\Http\\Middleware\\VerifyCsrfToken->handle(Object(Illuminate\\Http\\Request), Object(Closure))
#31 /home3/elngbpzd/work.dia.ci/vendor/laravel/framework/src/Illuminate/View/Middleware/ShareErrorsFromSession.php(48): Illuminate\\Pipeline\\Pipeline->Illuminate\\Pipeline\\{closure}(Object(Illuminate\\Http\\Request))
#32 /home3/elngbpzd/work.dia.ci/vendor/laravel/framework/src/Illuminate/Pipeline/Pipeline.php(208): Illuminate\\View\\Middleware\\ShareErrorsFromSession->handle(Object(Illuminate\\Http\\Request), Object(Closure))
#33 /home3/elngbpzd/work.dia.ci/vendor/laravel/framework/src/Illuminate/Session/Middleware/StartSession.php(120): Illuminate\\Pipeline\\Pipeline->Illuminate\\Pipeline\\{closure}(Object(Illuminate\\Http\\Request))
#34 /home3/elngbpzd/work.dia.ci/vendor/laravel/framework/src/Illuminate/Session/Middleware/StartSession.php(63): Illuminate\\Session\\Middleware\\StartSession->handleStatefulRequest(Object(Illuminate\\Http\\Request), Object(Illuminate\\Session\\Store), Object(Closure))
#35 /home3/elngbpzd/work.dia.ci/vendor/laravel/framework/src/Illuminate/Pipeline/Pipeline.php(208): Illuminate\\Session\\Middleware\\StartSession->handle(Object(Illuminate\\Http\\Request), Object(Closure))
#36 /home3/elngbpzd/work.dia.ci/vendor/laravel/framework/src/Illuminate/Cookie/Middleware/AddQueuedCookiesToResponse.php(36): Illuminate\\Pipeline\\Pipeline->Illuminate\\Pipeline\\{closure}(Object(Illuminate\\Http\\Request))
#37 /home3/elngbpzd/work.dia.ci/vendor/laravel/framework/src/Illuminate/Pipeline/Pipeline.php(208): Illuminate\\Cookie\\Middleware\\AddQueuedCookiesToResponse->handle(Object(Illuminate\\Http\\Request), Object(Closure))
#38 /home3/elngbpzd/work.dia.ci/vendor/laravel/framework/src/Illuminate/Cookie/Middleware/EncryptCookies.php(74): Illuminate\\Pipeline\\Pipeline->Illuminate\\Pipeline\\{closure}(Object(Illuminate\\Http\\Request))
#39 /home3/elngbpzd/work.dia.ci/vendor/laravel/framework/src/Illuminate/Pipeline/Pipeline.php(208): Illuminate\\Cookie\\Middleware\\EncryptCookies->handle(Object(Illuminate\\Http\\Request), Object(Closure))
#40 /home3/elngbpzd/work.dia.ci/vendor/laravel/framework/src/Illuminate/Pipeline/Pipeline.php(126): Illuminate\\Pipeline\\Pipeline->Illuminate\\Pipeline\\{closure}(Object(Illuminate\\Http\\Request))
#41 /home3/elngbpzd/work.dia.ci/vendor/laravel/framework/src/Illuminate/Routing/Router.php(807): Illuminate\\Pipeline\\Pipeline->then(Object(Closure))
#42 /home3/elngbpzd/work.dia.ci/vendor/laravel/framework/src/Illuminate/Routing/Router.php(786): Illuminate\\Routing\\Router->runRouteWithinStack(Object(Illuminate\\Routing\\Route), Object(Illuminate\\Http\\Request))
#43 /home3/elngbpzd/work.dia.ci/vendor/laravel/framework/src/Illuminate/Routing/Router.php(750): Illuminate\\Routing\\Router->runRoute(Object(Illuminate\\Http\\Request), Object(Illuminate\\Routing\\Route))
#44 /home3/elngbpzd/work.dia.ci/vendor/laravel/framework/src/Illuminate/Routing/Router.php(739): Illuminate\\Routing\\Router->dispatchToRoute(Object(Illuminate\\Http\\Request))
#45 /home3/elngbpzd/work.dia.ci/vendor/laravel/framework/src/Illuminate/Foundation/Http/Kernel.php(200): Illuminate\\Routing\\Router->dispatch(Object(Illuminate\\Http\\Request))
#46 /home3/elngbpzd/work.dia.ci/vendor/laravel/framework/src/Illuminate/Pipeline/Pipeline.php(169): Illuminate\\Foundation\\Http\\Kernel->Illuminate\\Foundation\\Http\\{closure}(Object(Illuminate\\Http\\Request))
#47 /home3/elngbpzd/work.dia.ci/vendor/livewire/livewire/src/Features/SupportDisablingBackButtonCache/DisableBackButtonCacheMiddleware.php(19): Illuminate\\Pipeline\\Pipeline->Illuminate\\Pipeline\\{closure}(Object(Illuminate\\Http\\Request))
#48 /home3/elngbpzd/work.dia.ci/vendor/laravel/framework/src/Illuminate/Pipeline/Pipeline.php(208): Livewire\\Features\\SupportDisablingBackButtonCache\\DisableBackButtonCacheMiddleware->handle(Object(Illuminate\\Http\\Request), Object(Closure))
#49 /home3/elngbpzd/work.dia.ci/vendor/laravel/framework/src/Illuminate/Foundation/Http/Middleware/ConvertEmptyStringsToNull.php(27): Illuminate\\Pipeline\\Pipeline->Illuminate\\Pipeline\\{closure}(Object(Illuminate\\Http\\Request))
#50 /home3/elngbpzd/work.dia.ci/vendor/laravel/framework/src/Illuminate/Pipeline/Pipeline.php(208): Illuminate\\Foundation\\Http\\Middleware\\ConvertEmptyStringsToNull->handle(Object(Illuminate\\Http\\Request), Object(Closure))
#51 /home3/elngbpzd/work.dia.ci/vendor/laravel/framework/src/Illuminate/Foundation/Http/Middleware/TrimStrings.php(47): Illuminate\\Pipeline\\Pipeline->Illuminate\\Pipeline\\{closure}(Object(Illuminate\\Http\\Request))
#52 /home3/elngbpzd/work.dia.ci/vendor/laravel/framework/src/Illuminate/Pipeline/Pipeline.php(208): Illuminate\\Foundation\\Http\\Middleware\\TrimStrings->handle(Object(Illuminate\\Http\\Request), Object(Closure))
#53 /home3/elngbpzd/work.dia.ci/vendor/laravel/framework/src/Illuminate/Http/Middleware/ValidatePostSize.php(27): Illuminate\\Pipeline\\Pipeline->Illuminate\\Pipeline\\{closure}(Object(Illuminate\\Http\\Request))
#54 /home3/elngbpzd/work.dia.ci/vendor/laravel/framework/src/Illuminate/Pipeline/Pipeline.php(208): Illuminate\\Http\\Middleware\\ValidatePostSize->handle(Object(Illuminate\\Http\\Request), Object(Closure))
#55 /home3/elngbpzd/work.dia.ci/vendor/laravel/framework/src/Illuminate/Foundation/Http/Middleware/PreventRequestsDuringMaintenance.php(109): Illuminate\\Pipeline\\Pipeline->Illuminate\\Pipeline\\{closure}(Object(Illuminate\\Http\\Request))
#56 /home3/elngbpzd/work.dia.ci/vendor/laravel/framework/src/Illuminate/Pipeline/Pipeline.php(208): Illuminate\\Foundation\\Http\\Middleware\\PreventRequestsDuringMaintenance->handle(Object(Illuminate\\Http\\Request), Object(Closure))
#57 /home3/elngbpzd/work.dia.ci/vendor/laravel/framework/src/Illuminate/Http/Middleware/HandleCors.php(48): Illuminate\\Pipeline\\Pipeline->Illuminate\\Pipeline\\{closure}(Object(Illuminate\\Http\\Request))
#58 /home3/elngbpzd/work.dia.ci/vendor/laravel/framework/src/Illuminate/Pipeline/Pipeline.php(208): Illuminate\\Http\\Middleware\\HandleCors->handle(Object(Illuminate\\Http\\Request), Object(Closure))
#59 /home3/elngbpzd/work.dia.ci/vendor/laravel/framework/src/Illuminate/Http/Middleware/TrustProxies.php(58): Illuminate\\Pipeline\\Pipeline->Illuminate\\Pipeline\\{closure}(Object(Illuminate\\Http\\Request))
#60 /home3/elngbpzd/work.dia.ci/vendor/laravel/framework/src/Illuminate/Pipeline/Pipeline.php(208): Illuminate\\Http\\Middleware\\TrustProxies->handle(Object(Illuminate\\Http\\Request), Object(Closure))
#61 /home3/elngbpzd/work.dia.ci/vendor/laravel/framework/src/Illuminate/Foundation/Http/Middleware/InvokeDeferredCallbacks.php(22): Illuminate\\Pipeline\\Pipeline->Illuminate\\Pipeline\\{closure}(Object(Illuminate\\Http\\Request))
#62 /home3/elngbpzd/work.dia.ci/vendor/laravel/framework/src/Illuminate/Pipeline/Pipeline.php(208): Illuminate\\Foundation\\Http\\Middleware\\InvokeDeferredCallbacks->handle(Object(Illuminate\\Http\\Request), Object(Closure))
#63 /home3/elngbpzd/work.dia.ci/vendor/laravel/framework/src/Illuminate/Http/Middleware/ValidatePathEncoding.php(26): Illuminate\\Pipeline\\Pipeline->Illuminate\\Pipeline\\{closure}(Object(Illuminate\\Http\\Request))
#64 /home3/elngbpzd/work.dia.ci/vendor/laravel/framework/src/Illuminate/Pipeline/Pipeline.php(208): Illuminate\\Http\\Middleware\\ValidatePathEncoding->handle(Object(Illuminate\\Http\\Request), Object(Closure))
#65 /home3/elngbpzd/work.dia.ci/vendor/laravel/framework/src/Illuminate/Pipeline/Pipeline.php(126): Illuminate\\Pipeline\\Pipeline->Illuminate\\Pipeline\\{closure}(Object(Illuminate\\Http\\Request))
#66 /home3/elngbpzd/work.dia.ci/vendor/laravel/framework/src/Illuminate/Foundation/Http/Kernel.php(175): Illuminate\\Pipeline\\Pipeline->then(Object(Closure))
#67 /home3/elngbpzd/work.dia.ci/vendor/laravel/framework/src/Illuminate/Foundation/Http/Kernel.php(144): Illuminate\\Foundation\\Http\\Kernel->sendRequestThroughRouter(Object(Illuminate\\Http\\Request))
#68 /home3/elngbpzd/work.dia.ci/vendor/laravel/framework/src/Illuminate/Foundation/Application.php(1219): Illuminate\\Foundation\\Http\\Kernel->handle(Object(Illuminate\\Http\\Request))
#69 /home3/elngbpzd/work.dia.ci/index.php(20): Illuminate\\Foundation\\Application->handleRequest(Object(Illuminate\\Http\\Request))
#70 {main}
"} 
[2025-06-10 11:09:14] production.ERROR: Call to undefined method Filament\FilamentManager::getCurrentResource() {"userId":"01974a2b-719a-71be-914d-2146f01a10b9","exception":"[object] (Error(code: 0): Call to undefined method Filament\\FilamentManager::getCurrentResource() at /home3/elngbpzd/work.dia.ci/vendor/laravel/framework/src/Illuminate/Support/Facades/Facade.php:361)
[stacktrace]
#0 /home3/elngbpzd/work.dia.ci/app/Filament/Resources/VisiteurResource.php(105): Illuminate\\Support\\Facades\\Facade::__callStatic('getCurrentResou...', Array)
#1 /home3/elngbpzd/work.dia.ci/vendor/laravel/framework/src/Illuminate/Validation/ClosureValidationRule.php(62): App\\Filament\\Resources\\VisiteurResource::App\\Filament\\Resources\\{closure}('data.telephone', '+2250140256678', Object(Closure), Object(Illuminate\\Validation\\Validator))
#2 /home3/elngbpzd/work.dia.ci/vendor/laravel/framework/src/Illuminate/Validation/ClosureValidationRule.php(62): Closure->__invoke('data.telephone', '+2250140256678', Object(Closure), Object(Illuminate\\Validation\\Validator))
#3 /home3/elngbpzd/work.dia.ci/vendor/laravel/framework/src/Illuminate/Validation/Validator.php(901): Illuminate\\Validation\\ClosureValidationRule->passes('data.telephone', '+2250140256678')
#4 /home3/elngbpzd/work.dia.ci/vendor/laravel/framework/src/Illuminate/Validation/Validator.php(677): Illuminate\\Validation\\Validator->validateUsingCustomRule('data.telephone', '+2250140256678', Object(Illuminate\\Validation\\ClosureValidationRule))
#5 /home3/elngbpzd/work.dia.ci/vendor/laravel/framework/src/Illuminate/Validation/Validator.php(480): Illuminate\\Validation\\Validator->validateAttribute('data.telephone', Object(Illuminate\\Validation\\ClosureValidationRule))
#6 /home3/elngbpzd/work.dia.ci/vendor/laravel/framework/src/Illuminate/Validation/Validator.php(515): Illuminate\\Validation\\Validator->passes()
#7 /home3/elngbpzd/work.dia.ci/vendor/laravel/framework/src/Illuminate/Validation/Validator.php(557): Illuminate\\Validation\\Validator->fails()
#8 /home3/elngbpzd/work.dia.ci/vendor/livewire/livewire/src/Features/SupportValidation/HandlesValidation.php(266): Illuminate\\Validation\\Validator->validate()
#9 /home3/elngbpzd/work.dia.ci/vendor/filament/forms/src/Concerns/InteractsWithForms.php(220): Livewire\\Component->validate(Array, Array, Array)
#10 /home3/elngbpzd/work.dia.ci/vendor/filament/forms/src/Concerns/CanBeValidated.php(130): Filament\\Pages\\BasePage->validate(Array, Array, Array)
#11 /home3/elngbpzd/work.dia.ci/vendor/filament/forms/src/Concerns/HasState.php(218): Filament\\Forms\\ComponentContainer->validate()
#12 /home3/elngbpzd/work.dia.ci/vendor/filament/filament/src/Resources/Pages/CreateRecord.php(84): Filament\\Forms\\ComponentContainer->getState()
#13 /home3/elngbpzd/work.dia.ci/vendor/laravel/framework/src/Illuminate/Container/BoundMethod.php(36): Filament\\Resources\\Pages\\CreateRecord->create(false)
#14 /home3/elngbpzd/work.dia.ci/vendor/laravel/framework/src/Illuminate/Container/Util.php(43): Illuminate\\Container\\BoundMethod::Illuminate\\Container\\{closure}()
#15 /home3/elngbpzd/work.dia.ci/vendor/laravel/framework/src/Illuminate/Container/BoundMethod.php(96): Illuminate\\Container\\Util::unwrapIfClosure(Object(Closure))
#16 /home3/elngbpzd/work.dia.ci/vendor/laravel/framework/src/Illuminate/Container/BoundMethod.php(35): Illuminate\\Container\\BoundMethod::callBoundMethod(Object(Illuminate\\Foundation\\Application), Array, Object(Closure))
#17 /home3/elngbpzd/work.dia.ci/vendor/livewire/livewire/src/Wrapped.php(23): Illuminate\\Container\\BoundMethod::call(Object(Illuminate\\Foundation\\Application), Array, Array)
#18 /home3/elngbpzd/work.dia.ci/vendor/livewire/livewire/src/Mechanisms/HandleComponents/HandleComponents.php(474): Livewire\\Wrapped->__call('create', Array)
#19 /home3/elngbpzd/work.dia.ci/vendor/livewire/livewire/src/Mechanisms/HandleComponents/HandleComponents.php(101): Livewire\\Mechanisms\\HandleComponents\\HandleComponents->callMethods(Object(App\\Filament\\Resources\\VisiteurResource\\Pages\\CreateVisiteur), Array, Object(Livewire\\Mechanisms\\HandleComponents\\ComponentContext))
#20 /home3/elngbpzd/work.dia.ci/vendor/livewire/livewire/src/LivewireManager.php(102): Livewire\\Mechanisms\\HandleComponents\\HandleComponents->update(Array, Array, Array)
#21 /home3/elngbpzd/work.dia.ci/vendor/livewire/livewire/src/Mechanisms/HandleRequests/HandleRequests.php(94): Livewire\\LivewireManager->update(Array, Array, Array)
#22 /home3/elngbpzd/work.dia.ci/vendor/laravel/framework/src/Illuminate/Routing/ControllerDispatcher.php(46): Livewire\\Mechanisms\\HandleRequests\\HandleRequests->handleUpdate()
#23 /home3/elngbpzd/work.dia.ci/vendor/laravel/framework/src/Illuminate/Routing/Route.php(265): Illuminate\\Routing\\ControllerDispatcher->dispatch(Object(Illuminate\\Routing\\Route), Object(Livewire\\Mechanisms\\HandleRequests\\HandleRequests), 'handleUpdate')
#24 /home3/elngbpzd/work.dia.ci/vendor/laravel/framework/src/Illuminate/Routing/Route.php(211): Illuminate\\Routing\\Route->runController()
#25 /home3/elngbpzd/work.dia.ci/vendor/laravel/framework/src/Illuminate/Routing/Router.php(808): Illuminate\\Routing\\Route->run()
#26 /home3/elngbpzd/work.dia.ci/vendor/laravel/framework/src/Illuminate/Pipeline/Pipeline.php(169): Illuminate\\Routing\\Router->Illuminate\\Routing\\{closure}(Object(Illuminate\\Http\\Request))
#27 /home3/elngbpzd/work.dia.ci/vendor/laravel/framework/src/Illuminate/Routing/Middleware/SubstituteBindings.php(50): Illuminate\\Pipeline\\Pipeline->Illuminate\\Pipeline\\{closure}(Object(Illuminate\\Http\\Request))
#28 /home3/elngbpzd/work.dia.ci/vendor/laravel/framework/src/Illuminate/Pipeline/Pipeline.php(208): Illuminate\\Routing\\Middleware\\SubstituteBindings->handle(Object(Illuminate\\Http\\Request), Object(Closure))
#29 /home3/elngbpzd/work.dia.ci/vendor/laravel/framework/src/Illuminate/Foundation/Http/Middleware/VerifyCsrfToken.php(87): Illuminate\\Pipeline\\Pipeline->Illuminate\\Pipeline\\{closure}(Object(Illuminate\\Http\\Request))
#30 /home3/elngbpzd/work.dia.ci/vendor/laravel/framework/src/Illuminate/Pipeline/Pipeline.php(208): Illuminate\\Foundation\\Http\\Middleware\\VerifyCsrfToken->handle(Object(Illuminate\\Http\\Request), Object(Closure))
#31 /home3/elngbpzd/work.dia.ci/vendor/laravel/framework/src/Illuminate/View/Middleware/ShareErrorsFromSession.php(48): Illuminate\\Pipeline\\Pipeline->Illuminate\\Pipeline\\{closure}(Object(Illuminate\\Http\\Request))
#32 /home3/elngbpzd/work.dia.ci/vendor/laravel/framework/src/Illuminate/Pipeline/Pipeline.php(208): Illuminate\\View\\Middleware\\ShareErrorsFromSession->handle(Object(Illuminate\\Http\\Request), Object(Closure))
#33 /home3/elngbpzd/work.dia.ci/vendor/laravel/framework/src/Illuminate/Session/Middleware/StartSession.php(120): Illuminate\\Pipeline\\Pipeline->Illuminate\\Pipeline\\{closure}(Object(Illuminate\\Http\\Request))
#34 /home3/elngbpzd/work.dia.ci/vendor/laravel/framework/src/Illuminate/Session/Middleware/StartSession.php(63): Illuminate\\Session\\Middleware\\StartSession->handleStatefulRequest(Object(Illuminate\\Http\\Request), Object(Illuminate\\Session\\Store), Object(Closure))
#35 /home3/elngbpzd/work.dia.ci/vendor/laravel/framework/src/Illuminate/Pipeline/Pipeline.php(208): Illuminate\\Session\\Middleware\\StartSession->handle(Object(Illuminate\\Http\\Request), Object(Closure))
#36 /home3/elngbpzd/work.dia.ci/vendor/laravel/framework/src/Illuminate/Cookie/Middleware/AddQueuedCookiesToResponse.php(36): Illuminate\\Pipeline\\Pipeline->Illuminate\\Pipeline\\{closure}(Object(Illuminate\\Http\\Request))
#37 /home3/elngbpzd/work.dia.ci/vendor/laravel/framework/src/Illuminate/Pipeline/Pipeline.php(208): Illuminate\\Cookie\\Middleware\\AddQueuedCookiesToResponse->handle(Object(Illuminate\\Http\\Request), Object(Closure))
#38 /home3/elngbpzd/work.dia.ci/vendor/laravel/framework/src/Illuminate/Cookie/Middleware/EncryptCookies.php(74): Illuminate\\Pipeline\\Pipeline->Illuminate\\Pipeline\\{closure}(Object(Illuminate\\Http\\Request))
#39 /home3/elngbpzd/work.dia.ci/vendor/laravel/framework/src/Illuminate/Pipeline/Pipeline.php(208): Illuminate\\Cookie\\Middleware\\EncryptCookies->handle(Object(Illuminate\\Http\\Request), Object(Closure))
#40 /home3/elngbpzd/work.dia.ci/vendor/laravel/framework/src/Illuminate/Pipeline/Pipeline.php(126): Illuminate\\Pipeline\\Pipeline->Illuminate\\Pipeline\\{closure}(Object(Illuminate\\Http\\Request))
#41 /home3/elngbpzd/work.dia.ci/vendor/laravel/framework/src/Illuminate/Routing/Router.php(807): Illuminate\\Pipeline\\Pipeline->then(Object(Closure))
#42 /home3/elngbpzd/work.dia.ci/vendor/laravel/framework/src/Illuminate/Routing/Router.php(786): Illuminate\\Routing\\Router->runRouteWithinStack(Object(Illuminate\\Routing\\Route), Object(Illuminate\\Http\\Request))
#43 /home3/elngbpzd/work.dia.ci/vendor/laravel/framework/src/Illuminate/Routing/Router.php(750): Illuminate\\Routing\\Router->runRoute(Object(Illuminate\\Http\\Request), Object(Illuminate\\Routing\\Route))
#44 /home3/elngbpzd/work.dia.ci/vendor/laravel/framework/src/Illuminate/Routing/Router.php(739): Illuminate\\Routing\\Router->dispatchToRoute(Object(Illuminate\\Http\\Request))
#45 /home3/elngbpzd/work.dia.ci/vendor/laravel/framework/src/Illuminate/Foundation/Http/Kernel.php(200): Illuminate\\Routing\\Router->dispatch(Object(Illuminate\\Http\\Request))
#46 /home3/elngbpzd/work.dia.ci/vendor/laravel/framework/src/Illuminate/Pipeline/Pipeline.php(169): Illuminate\\Foundation\\Http\\Kernel->Illuminate\\Foundation\\Http\\{closure}(Object(Illuminate\\Http\\Request))
#47 /home3/elngbpzd/work.dia.ci/vendor/livewire/livewire/src/Features/SupportDisablingBackButtonCache/DisableBackButtonCacheMiddleware.php(19): Illuminate\\Pipeline\\Pipeline->Illuminate\\Pipeline\\{closure}(Object(Illuminate\\Http\\Request))
#48 /home3/elngbpzd/work.dia.ci/vendor/laravel/framework/src/Illuminate/Pipeline/Pipeline.php(208): Livewire\\Features\\SupportDisablingBackButtonCache\\DisableBackButtonCacheMiddleware->handle(Object(Illuminate\\Http\\Request), Object(Closure))
#49 /home3/elngbpzd/work.dia.ci/vendor/laravel/framework/src/Illuminate/Foundation/Http/Middleware/ConvertEmptyStringsToNull.php(27): Illuminate\\Pipeline\\Pipeline->Illuminate\\Pipeline\\{closure}(Object(Illuminate\\Http\\Request))
#50 /home3/elngbpzd/work.dia.ci/vendor/laravel/framework/src/Illuminate/Pipeline/Pipeline.php(208): Illuminate\\Foundation\\Http\\Middleware\\ConvertEmptyStringsToNull->handle(Object(Illuminate\\Http\\Request), Object(Closure))
#51 /home3/elngbpzd/work.dia.ci/vendor/laravel/framework/src/Illuminate/Foundation/Http/Middleware/TrimStrings.php(47): Illuminate\\Pipeline\\Pipeline->Illuminate\\Pipeline\\{closure}(Object(Illuminate\\Http\\Request))
#52 /home3/elngbpzd/work.dia.ci/vendor/laravel/framework/src/Illuminate/Pipeline/Pipeline.php(208): Illuminate\\Foundation\\Http\\Middleware\\TrimStrings->handle(Object(Illuminate\\Http\\Request), Object(Closure))
#53 /home3/elngbpzd/work.dia.ci/vendor/laravel/framework/src/Illuminate/Http/Middleware/ValidatePostSize.php(27): Illuminate\\Pipeline\\Pipeline->Illuminate\\Pipeline\\{closure}(Object(Illuminate\\Http\\Request))
#54 /home3/elngbpzd/work.dia.ci/vendor/laravel/framework/src/Illuminate/Pipeline/Pipeline.php(208): Illuminate\\Http\\Middleware\\ValidatePostSize->handle(Object(Illuminate\\Http\\Request), Object(Closure))
#55 /home3/elngbpzd/work.dia.ci/vendor/laravel/framework/src/Illuminate/Foundation/Http/Middleware/PreventRequestsDuringMaintenance.php(109): Illuminate\\Pipeline\\Pipeline->Illuminate\\Pipeline\\{closure}(Object(Illuminate\\Http\\Request))
#56 /home3/elngbpzd/work.dia.ci/vendor/laravel/framework/src/Illuminate/Pipeline/Pipeline.php(208): Illuminate\\Foundation\\Http\\Middleware\\PreventRequestsDuringMaintenance->handle(Object(Illuminate\\Http\\Request), Object(Closure))
#57 /home3/elngbpzd/work.dia.ci/vendor/laravel/framework/src/Illuminate/Http/Middleware/HandleCors.php(48): Illuminate\\Pipeline\\Pipeline->Illuminate\\Pipeline\\{closure}(Object(Illuminate\\Http\\Request))
#58 /home3/elngbpzd/work.dia.ci/vendor/laravel/framework/src/Illuminate/Pipeline/Pipeline.php(208): Illuminate\\Http\\Middleware\\HandleCors->handle(Object(Illuminate\\Http\\Request), Object(Closure))
#59 /home3/elngbpzd/work.dia.ci/vendor/laravel/framework/src/Illuminate/Http/Middleware/TrustProxies.php(58): Illuminate\\Pipeline\\Pipeline->Illuminate\\Pipeline\\{closure}(Object(Illuminate\\Http\\Request))
#60 /home3/elngbpzd/work.dia.ci/vendor/laravel/framework/src/Illuminate/Pipeline/Pipeline.php(208): Illuminate\\Http\\Middleware\\TrustProxies->handle(Object(Illuminate\\Http\\Request), Object(Closure))
#61 /home3/elngbpzd/work.dia.ci/vendor/laravel/framework/src/Illuminate/Foundation/Http/Middleware/InvokeDeferredCallbacks.php(22): Illuminate\\Pipeline\\Pipeline->Illuminate\\Pipeline\\{closure}(Object(Illuminate\\Http\\Request))
#62 /home3/elngbpzd/work.dia.ci/vendor/laravel/framework/src/Illuminate/Pipeline/Pipeline.php(208): Illuminate\\Foundation\\Http\\Middleware\\InvokeDeferredCallbacks->handle(Object(Illuminate\\Http\\Request), Object(Closure))
#63 /home3/elngbpzd/work.dia.ci/vendor/laravel/framework/src/Illuminate/Http/Middleware/ValidatePathEncoding.php(26): Illuminate\\Pipeline\\Pipeline->Illuminate\\Pipeline\\{closure}(Object(Illuminate\\Http\\Request))
#64 /home3/elngbpzd/work.dia.ci/vendor/laravel/framework/src/Illuminate/Pipeline/Pipeline.php(208): Illuminate\\Http\\Middleware\\ValidatePathEncoding->handle(Object(Illuminate\\Http\\Request), Object(Closure))
#65 /home3/elngbpzd/work.dia.ci/vendor/laravel/framework/src/Illuminate/Pipeline/Pipeline.php(126): Illuminate\\Pipeline\\Pipeline->Illuminate\\Pipeline\\{closure}(Object(Illuminate\\Http\\Request))
#66 /home3/elngbpzd/work.dia.ci/vendor/laravel/framework/src/Illuminate/Foundation/Http/Kernel.php(175): Illuminate\\Pipeline\\Pipeline->then(Object(Closure))
#67 /home3/elngbpzd/work.dia.ci/vendor/laravel/framework/src/Illuminate/Foundation/Http/Kernel.php(144): Illuminate\\Foundation\\Http\\Kernel->sendRequestThroughRouter(Object(Illuminate\\Http\\Request))
#68 /home3/elngbpzd/work.dia.ci/vendor/laravel/framework/src/Illuminate/Foundation/Application.php(1219): Illuminate\\Foundation\\Http\\Kernel->handle(Object(Illuminate\\Http\\Request))
#69 /home3/elngbpzd/work.dia.ci/index.php(20): Illuminate\\Foundation\\Application->handleRequest(Object(Illuminate\\Http\\Request))
#70 {main}
"} 
[2025-06-10 11:09:21] production.ERROR: Call to undefined method Filament\FilamentManager::getCurrentResource() {"userId":"01974a2b-719a-71be-914d-2146f01a10b9","exception":"[object] (Error(code: 0): Call to undefined method Filament\\FilamentManager::getCurrentResource() at /home3/elngbpzd/work.dia.ci/vendor/laravel/framework/src/Illuminate/Support/Facades/Facade.php:361)
[stacktrace]
#0 /home3/elngbpzd/work.dia.ci/app/Filament/Resources/VisiteurResource.php(105): Illuminate\\Support\\Facades\\Facade::__callStatic('getCurrentResou...', Array)
#1 /home3/elngbpzd/work.dia.ci/vendor/laravel/framework/src/Illuminate/Validation/ClosureValidationRule.php(62): App\\Filament\\Resources\\VisiteurResource::App\\Filament\\Resources\\{closure}('data.telephone', '+2250140256678', Object(Closure), Object(Illuminate\\Validation\\Validator))
#2 /home3/elngbpzd/work.dia.ci/vendor/laravel/framework/src/Illuminate/Validation/ClosureValidationRule.php(62): Closure->__invoke('data.telephone', '+2250140256678', Object(Closure), Object(Illuminate\\Validation\\Validator))
#3 /home3/elngbpzd/work.dia.ci/vendor/laravel/framework/src/Illuminate/Validation/Validator.php(901): Illuminate\\Validation\\ClosureValidationRule->passes('data.telephone', '+2250140256678')
#4 /home3/elngbpzd/work.dia.ci/vendor/laravel/framework/src/Illuminate/Validation/Validator.php(677): Illuminate\\Validation\\Validator->validateUsingCustomRule('data.telephone', '+2250140256678', Object(Illuminate\\Validation\\ClosureValidationRule))
#5 /home3/elngbpzd/work.dia.ci/vendor/laravel/framework/src/Illuminate/Validation/Validator.php(480): Illuminate\\Validation\\Validator->validateAttribute('data.telephone', Object(Illuminate\\Validation\\ClosureValidationRule))
#6 /home3/elngbpzd/work.dia.ci/vendor/laravel/framework/src/Illuminate/Validation/Validator.php(515): Illuminate\\Validation\\Validator->passes()
#7 /home3/elngbpzd/work.dia.ci/vendor/laravel/framework/src/Illuminate/Validation/Validator.php(557): Illuminate\\Validation\\Validator->fails()
#8 /home3/elngbpzd/work.dia.ci/vendor/livewire/livewire/src/Features/SupportValidation/HandlesValidation.php(266): Illuminate\\Validation\\Validator->validate()
#9 /home3/elngbpzd/work.dia.ci/vendor/filament/forms/src/Concerns/InteractsWithForms.php(220): Livewire\\Component->validate(Array, Array, Array)
#10 /home3/elngbpzd/work.dia.ci/vendor/filament/forms/src/Concerns/CanBeValidated.php(130): Filament\\Pages\\BasePage->validate(Array, Array, Array)
#11 /home3/elngbpzd/work.dia.ci/vendor/filament/forms/src/Concerns/HasState.php(218): Filament\\Forms\\ComponentContainer->validate()
#12 /home3/elngbpzd/work.dia.ci/vendor/filament/filament/src/Resources/Pages/CreateRecord.php(84): Filament\\Forms\\ComponentContainer->getState()
#13 /home3/elngbpzd/work.dia.ci/vendor/laravel/framework/src/Illuminate/Container/BoundMethod.php(36): Filament\\Resources\\Pages\\CreateRecord->create(false)
#14 /home3/elngbpzd/work.dia.ci/vendor/laravel/framework/src/Illuminate/Container/Util.php(43): Illuminate\\Container\\BoundMethod::Illuminate\\Container\\{closure}()
#15 /home3/elngbpzd/work.dia.ci/vendor/laravel/framework/src/Illuminate/Container/BoundMethod.php(96): Illuminate\\Container\\Util::unwrapIfClosure(Object(Closure))
#16 /home3/elngbpzd/work.dia.ci/vendor/laravel/framework/src/Illuminate/Container/BoundMethod.php(35): Illuminate\\Container\\BoundMethod::callBoundMethod(Object(Illuminate\\Foundation\\Application), Array, Object(Closure))
#17 /home3/elngbpzd/work.dia.ci/vendor/livewire/livewire/src/Wrapped.php(23): Illuminate\\Container\\BoundMethod::call(Object(Illuminate\\Foundation\\Application), Array, Array)
#18 /home3/elngbpzd/work.dia.ci/vendor/livewire/livewire/src/Mechanisms/HandleComponents/HandleComponents.php(474): Livewire\\Wrapped->__call('create', Array)
#19 /home3/elngbpzd/work.dia.ci/vendor/livewire/livewire/src/Mechanisms/HandleComponents/HandleComponents.php(101): Livewire\\Mechanisms\\HandleComponents\\HandleComponents->callMethods(Object(App\\Filament\\Resources\\VisiteurResource\\Pages\\CreateVisiteur), Array, Object(Livewire\\Mechanisms\\HandleComponents\\ComponentContext))
#20 /home3/elngbpzd/work.dia.ci/vendor/livewire/livewire/src/LivewireManager.php(102): Livewire\\Mechanisms\\HandleComponents\\HandleComponents->update(Array, Array, Array)
#21 /home3/elngbpzd/work.dia.ci/vendor/livewire/livewire/src/Mechanisms/HandleRequests/HandleRequests.php(94): Livewire\\LivewireManager->update(Array, Array, Array)
#22 /home3/elngbpzd/work.dia.ci/vendor/laravel/framework/src/Illuminate/Routing/ControllerDispatcher.php(46): Livewire\\Mechanisms\\HandleRequests\\HandleRequests->handleUpdate()
#23 /home3/elngbpzd/work.dia.ci/vendor/laravel/framework/src/Illuminate/Routing/Route.php(265): Illuminate\\Routing\\ControllerDispatcher->dispatch(Object(Illuminate\\Routing\\Route), Object(Livewire\\Mechanisms\\HandleRequests\\HandleRequests), 'handleUpdate')
#24 /home3/elngbpzd/work.dia.ci/vendor/laravel/framework/src/Illuminate/Routing/Route.php(211): Illuminate\\Routing\\Route->runController()
#25 /home3/elngbpzd/work.dia.ci/vendor/laravel/framework/src/Illuminate/Routing/Router.php(808): Illuminate\\Routing\\Route->run()
#26 /home3/elngbpzd/work.dia.ci/vendor/laravel/framework/src/Illuminate/Pipeline/Pipeline.php(169): Illuminate\\Routing\\Router->Illuminate\\Routing\\{closure}(Object(Illuminate\\Http\\Request))
#27 /home3/elngbpzd/work.dia.ci/vendor/laravel/framework/src/Illuminate/Routing/Middleware/SubstituteBindings.php(50): Illuminate\\Pipeline\\Pipeline->Illuminate\\Pipeline\\{closure}(Object(Illuminate\\Http\\Request))
#28 /home3/elngbpzd/work.dia.ci/vendor/laravel/framework/src/Illuminate/Pipeline/Pipeline.php(208): Illuminate\\Routing\\Middleware\\SubstituteBindings->handle(Object(Illuminate\\Http\\Request), Object(Closure))
#29 /home3/elngbpzd/work.dia.ci/vendor/laravel/framework/src/Illuminate/Foundation/Http/Middleware/VerifyCsrfToken.php(87): Illuminate\\Pipeline\\Pipeline->Illuminate\\Pipeline\\{closure}(Object(Illuminate\\Http\\Request))
#30 /home3/elngbpzd/work.dia.ci/vendor/laravel/framework/src/Illuminate/Pipeline/Pipeline.php(208): Illuminate\\Foundation\\Http\\Middleware\\VerifyCsrfToken->handle(Object(Illuminate\\Http\\Request), Object(Closure))
#31 /home3/elngbpzd/work.dia.ci/vendor/laravel/framework/src/Illuminate/View/Middleware/ShareErrorsFromSession.php(48): Illuminate\\Pipeline\\Pipeline->Illuminate\\Pipeline\\{closure}(Object(Illuminate\\Http\\Request))
#32 /home3/elngbpzd/work.dia.ci/vendor/laravel/framework/src/Illuminate/Pipeline/Pipeline.php(208): Illuminate\\View\\Middleware\\ShareErrorsFromSession->handle(Object(Illuminate\\Http\\Request), Object(Closure))
#33 /home3/elngbpzd/work.dia.ci/vendor/laravel/framework/src/Illuminate/Session/Middleware/StartSession.php(120): Illuminate\\Pipeline\\Pipeline->Illuminate\\Pipeline\\{closure}(Object(Illuminate\\Http\\Request))
#34 /home3/elngbpzd/work.dia.ci/vendor/laravel/framework/src/Illuminate/Session/Middleware/StartSession.php(63): Illuminate\\Session\\Middleware\\StartSession->handleStatefulRequest(Object(Illuminate\\Http\\Request), Object(Illuminate\\Session\\Store), Object(Closure))
#35 /home3/elngbpzd/work.dia.ci/vendor/laravel/framework/src/Illuminate/Pipeline/Pipeline.php(208): Illuminate\\Session\\Middleware\\StartSession->handle(Object(Illuminate\\Http\\Request), Object(Closure))
#36 /home3/elngbpzd/work.dia.ci/vendor/laravel/framework/src/Illuminate/Cookie/Middleware/AddQueuedCookiesToResponse.php(36): Illuminate\\Pipeline\\Pipeline->Illuminate\\Pipeline\\{closure}(Object(Illuminate\\Http\\Request))
#37 /home3/elngbpzd/work.dia.ci/vendor/laravel/framework/src/Illuminate/Pipeline/Pipeline.php(208): Illuminate\\Cookie\\Middleware\\AddQueuedCookiesToResponse->handle(Object(Illuminate\\Http\\Request), Object(Closure))
#38 /home3/elngbpzd/work.dia.ci/vendor/laravel/framework/src/Illuminate/Cookie/Middleware/EncryptCookies.php(74): Illuminate\\Pipeline\\Pipeline->Illuminate\\Pipeline\\{closure}(Object(Illuminate\\Http\\Request))
#39 /home3/elngbpzd/work.dia.ci/vendor/laravel/framework/src/Illuminate/Pipeline/Pipeline.php(208): Illuminate\\Cookie\\Middleware\\EncryptCookies->handle(Object(Illuminate\\Http\\Request), Object(Closure))
#40 /home3/elngbpzd/work.dia.ci/vendor/laravel/framework/src/Illuminate/Pipeline/Pipeline.php(126): Illuminate\\Pipeline\\Pipeline->Illuminate\\Pipeline\\{closure}(Object(Illuminate\\Http\\Request))
#41 /home3/elngbpzd/work.dia.ci/vendor/laravel/framework/src/Illuminate/Routing/Router.php(807): Illuminate\\Pipeline\\Pipeline->then(Object(Closure))
#42 /home3/elngbpzd/work.dia.ci/vendor/laravel/framework/src/Illuminate/Routing/Router.php(786): Illuminate\\Routing\\Router->runRouteWithinStack(Object(Illuminate\\Routing\\Route), Object(Illuminate\\Http\\Request))
#43 /home3/elngbpzd/work.dia.ci/vendor/laravel/framework/src/Illuminate/Routing/Router.php(750): Illuminate\\Routing\\Router->runRoute(Object(Illuminate\\Http\\Request), Object(Illuminate\\Routing\\Route))
#44 /home3/elngbpzd/work.dia.ci/vendor/laravel/framework/src/Illuminate/Routing/Router.php(739): Illuminate\\Routing\\Router->dispatchToRoute(Object(Illuminate\\Http\\Request))
#45 /home3/elngbpzd/work.dia.ci/vendor/laravel/framework/src/Illuminate/Foundation/Http/Kernel.php(200): Illuminate\\Routing\\Router->dispatch(Object(Illuminate\\Http\\Request))
#46 /home3/elngbpzd/work.dia.ci/vendor/laravel/framework/src/Illuminate/Pipeline/Pipeline.php(169): Illuminate\\Foundation\\Http\\Kernel->Illuminate\\Foundation\\Http\\{closure}(Object(Illuminate\\Http\\Request))
#47 /home3/elngbpzd/work.dia.ci/vendor/livewire/livewire/src/Features/SupportDisablingBackButtonCache/DisableBackButtonCacheMiddleware.php(19): Illuminate\\Pipeline\\Pipeline->Illuminate\\Pipeline\\{closure}(Object(Illuminate\\Http\\Request))
#48 /home3/elngbpzd/work.dia.ci/vendor/laravel/framework/src/Illuminate/Pipeline/Pipeline.php(208): Livewire\\Features\\SupportDisablingBackButtonCache\\DisableBackButtonCacheMiddleware->handle(Object(Illuminate\\Http\\Request), Object(Closure))
#49 /home3/elngbpzd/work.dia.ci/vendor/laravel/framework/src/Illuminate/Foundation/Http/Middleware/ConvertEmptyStringsToNull.php(27): Illuminate\\Pipeline\\Pipeline->Illuminate\\Pipeline\\{closure}(Object(Illuminate\\Http\\Request))
#50 /home3/elngbpzd/work.dia.ci/vendor/laravel/framework/src/Illuminate/Pipeline/Pipeline.php(208): Illuminate\\Foundation\\Http\\Middleware\\ConvertEmptyStringsToNull->handle(Object(Illuminate\\Http\\Request), Object(Closure))
#51 /home3/elngbpzd/work.dia.ci/vendor/laravel/framework/src/Illuminate/Foundation/Http/Middleware/TrimStrings.php(47): Illuminate\\Pipeline\\Pipeline->Illuminate\\Pipeline\\{closure}(Object(Illuminate\\Http\\Request))
#52 /home3/elngbpzd/work.dia.ci/vendor/laravel/framework/src/Illuminate/Pipeline/Pipeline.php(208): Illuminate\\Foundation\\Http\\Middleware\\TrimStrings->handle(Object(Illuminate\\Http\\Request), Object(Closure))
#53 /home3/elngbpzd/work.dia.ci/vendor/laravel/framework/src/Illuminate/Http/Middleware/ValidatePostSize.php(27): Illuminate\\Pipeline\\Pipeline->Illuminate\\Pipeline\\{closure}(Object(Illuminate\\Http\\Request))
#54 /home3/elngbpzd/work.dia.ci/vendor/laravel/framework/src/Illuminate/Pipeline/Pipeline.php(208): Illuminate\\Http\\Middleware\\ValidatePostSize->handle(Object(Illuminate\\Http\\Request), Object(Closure))
#55 /home3/elngbpzd/work.dia.ci/vendor/laravel/framework/src/Illuminate/Foundation/Http/Middleware/PreventRequestsDuringMaintenance.php(109): Illuminate\\Pipeline\\Pipeline->Illuminate\\Pipeline\\{closure}(Object(Illuminate\\Http\\Request))
#56 /home3/elngbpzd/work.dia.ci/vendor/laravel/framework/src/Illuminate/Pipeline/Pipeline.php(208): Illuminate\\Foundation\\Http\\Middleware\\PreventRequestsDuringMaintenance->handle(Object(Illuminate\\Http\\Request), Object(Closure))
#57 /home3/elngbpzd/work.dia.ci/vendor/laravel/framework/src/Illuminate/Http/Middleware/HandleCors.php(48): Illuminate\\Pipeline\\Pipeline->Illuminate\\Pipeline\\{closure}(Object(Illuminate\\Http\\Request))
#58 /home3/elngbpzd/work.dia.ci/vendor/laravel/framework/src/Illuminate/Pipeline/Pipeline.php(208): Illuminate\\Http\\Middleware\\HandleCors->handle(Object(Illuminate\\Http\\Request), Object(Closure))
#59 /home3/elngbpzd/work.dia.ci/vendor/laravel/framework/src/Illuminate/Http/Middleware/TrustProxies.php(58): Illuminate\\Pipeline\\Pipeline->Illuminate\\Pipeline\\{closure}(Object(Illuminate\\Http\\Request))
#60 /home3/elngbpzd/work.dia.ci/vendor/laravel/framework/src/Illuminate/Pipeline/Pipeline.php(208): Illuminate\\Http\\Middleware\\TrustProxies->handle(Object(Illuminate\\Http\\Request), Object(Closure))
#61 /home3/elngbpzd/work.dia.ci/vendor/laravel/framework/src/Illuminate/Foundation/Http/Middleware/InvokeDeferredCallbacks.php(22): Illuminate\\Pipeline\\Pipeline->Illuminate\\Pipeline\\{closure}(Object(Illuminate\\Http\\Request))
#62 /home3/elngbpzd/work.dia.ci/vendor/laravel/framework/src/Illuminate/Pipeline/Pipeline.php(208): Illuminate\\Foundation\\Http\\Middleware\\InvokeDeferredCallbacks->handle(Object(Illuminate\\Http\\Request), Object(Closure))
#63 /home3/elngbpzd/work.dia.ci/vendor/laravel/framework/src/Illuminate/Http/Middleware/ValidatePathEncoding.php(26): Illuminate\\Pipeline\\Pipeline->Illuminate\\Pipeline\\{closure}(Object(Illuminate\\Http\\Request))
#64 /home3/elngbpzd/work.dia.ci/vendor/laravel/framework/src/Illuminate/Pipeline/Pipeline.php(208): Illuminate\\Http\\Middleware\\ValidatePathEncoding->handle(Object(Illuminate\\Http\\Request), Object(Closure))
#65 /home3/elngbpzd/work.dia.ci/vendor/laravel/framework/src/Illuminate/Pipeline/Pipeline.php(126): Illuminate\\Pipeline\\Pipeline->Illuminate\\Pipeline\\{closure}(Object(Illuminate\\Http\\Request))
#66 /home3/elngbpzd/work.dia.ci/vendor/laravel/framework/src/Illuminate/Foundation/Http/Kernel.php(175): Illuminate\\Pipeline\\Pipeline->then(Object(Closure))
#67 /home3/elngbpzd/work.dia.ci/vendor/laravel/framework/src/Illuminate/Foundation/Http/Kernel.php(144): Illuminate\\Foundation\\Http\\Kernel->sendRequestThroughRouter(Object(Illuminate\\Http\\Request))
#68 /home3/elngbpzd/work.dia.ci/vendor/laravel/framework/src/Illuminate/Foundation/Application.php(1219): Illuminate\\Foundation\\Http\\Kernel->handle(Object(Illuminate\\Http\\Request))
#69 /home3/elngbpzd/work.dia.ci/index.php(20): Illuminate\\Foundation\\Application->handleRequest(Object(Illuminate\\Http\\Request))
#70 {main}
"} 
[2025-06-10 11:09:39] production.ERROR: Call to undefined method Filament\FilamentManager::getCurrentResource() {"userId":"01974a2b-719a-71be-914d-2146f01a10b9","exception":"[object] (Error(code: 0): Call to undefined method Filament\\FilamentManager::getCurrentResource() at /home3/elngbpzd/work.dia.ci/vendor/laravel/framework/src/Illuminate/Support/Facades/Facade.php:361)
[stacktrace]
#0 /home3/elngbpzd/work.dia.ci/app/Filament/Resources/VisiteurResource.php(105): Illuminate\\Support\\Facades\\Facade::__callStatic('getCurrentResou...', Array)
#1 /home3/elngbpzd/work.dia.ci/vendor/laravel/framework/src/Illuminate/Validation/ClosureValidationRule.php(62): App\\Filament\\Resources\\VisiteurResource::App\\Filament\\Resources\\{closure}('data.telephone', '+2250140256678', Object(Closure), Object(Illuminate\\Validation\\Validator))
#2 /home3/elngbpzd/work.dia.ci/vendor/laravel/framework/src/Illuminate/Validation/ClosureValidationRule.php(62): Closure->__invoke('data.telephone', '+2250140256678', Object(Closure), Object(Illuminate\\Validation\\Validator))
#3 /home3/elngbpzd/work.dia.ci/vendor/laravel/framework/src/Illuminate/Validation/Validator.php(901): Illuminate\\Validation\\ClosureValidationRule->passes('data.telephone', '+2250140256678')
#4 /home3/elngbpzd/work.dia.ci/vendor/laravel/framework/src/Illuminate/Validation/Validator.php(677): Illuminate\\Validation\\Validator->validateUsingCustomRule('data.telephone', '+2250140256678', Object(Illuminate\\Validation\\ClosureValidationRule))
#5 /home3/elngbpzd/work.dia.ci/vendor/laravel/framework/src/Illuminate/Validation/Validator.php(480): Illuminate\\Validation\\Validator->validateAttribute('data.telephone', Object(Illuminate\\Validation\\ClosureValidationRule))
#6 /home3/elngbpzd/work.dia.ci/vendor/laravel/framework/src/Illuminate/Validation/Validator.php(515): Illuminate\\Validation\\Validator->passes()
#7 /home3/elngbpzd/work.dia.ci/vendor/laravel/framework/src/Illuminate/Validation/Validator.php(557): Illuminate\\Validation\\Validator->fails()
#8 /home3/elngbpzd/work.dia.ci/vendor/livewire/livewire/src/Features/SupportValidation/HandlesValidation.php(266): Illuminate\\Validation\\Validator->validate()
#9 /home3/elngbpzd/work.dia.ci/vendor/filament/forms/src/Concerns/InteractsWithForms.php(220): Livewire\\Component->validate(Array, Array, Array)
#10 /home3/elngbpzd/work.dia.ci/vendor/filament/forms/src/Concerns/CanBeValidated.php(130): Filament\\Pages\\BasePage->validate(Array, Array, Array)
#11 /home3/elngbpzd/work.dia.ci/vendor/filament/forms/src/Concerns/HasState.php(218): Filament\\Forms\\ComponentContainer->validate()
#12 /home3/elngbpzd/work.dia.ci/vendor/filament/filament/src/Resources/Pages/CreateRecord.php(84): Filament\\Forms\\ComponentContainer->getState()
#13 /home3/elngbpzd/work.dia.ci/vendor/laravel/framework/src/Illuminate/Container/BoundMethod.php(36): Filament\\Resources\\Pages\\CreateRecord->create(false)
#14 /home3/elngbpzd/work.dia.ci/vendor/laravel/framework/src/Illuminate/Container/Util.php(43): Illuminate\\Container\\BoundMethod::Illuminate\\Container\\{closure}()
#15 /home3/elngbpzd/work.dia.ci/vendor/laravel/framework/src/Illuminate/Container/BoundMethod.php(96): Illuminate\\Container\\Util::unwrapIfClosure(Object(Closure))
#16 /home3/elngbpzd/work.dia.ci/vendor/laravel/framework/src/Illuminate/Container/BoundMethod.php(35): Illuminate\\Container\\BoundMethod::callBoundMethod(Object(Illuminate\\Foundation\\Application), Array, Object(Closure))
#17 /home3/elngbpzd/work.dia.ci/vendor/livewire/livewire/src/Wrapped.php(23): Illuminate\\Container\\BoundMethod::call(Object(Illuminate\\Foundation\\Application), Array, Array)
#18 /home3/elngbpzd/work.dia.ci/vendor/livewire/livewire/src/Mechanisms/HandleComponents/HandleComponents.php(474): Livewire\\Wrapped->__call('create', Array)
#19 /home3/elngbpzd/work.dia.ci/vendor/livewire/livewire/src/Mechanisms/HandleComponents/HandleComponents.php(101): Livewire\\Mechanisms\\HandleComponents\\HandleComponents->callMethods(Object(App\\Filament\\Resources\\VisiteurResource\\Pages\\CreateVisiteur), Array, Object(Livewire\\Mechanisms\\HandleComponents\\ComponentContext))
#20 /home3/elngbpzd/work.dia.ci/vendor/livewire/livewire/src/LivewireManager.php(102): Livewire\\Mechanisms\\HandleComponents\\HandleComponents->update(Array, Array, Array)
#21 /home3/elngbpzd/work.dia.ci/vendor/livewire/livewire/src/Mechanisms/HandleRequests/HandleRequests.php(94): Livewire\\LivewireManager->update(Array, Array, Array)
#22 /home3/elngbpzd/work.dia.ci/vendor/laravel/framework/src/Illuminate/Routing/ControllerDispatcher.php(46): Livewire\\Mechanisms\\HandleRequests\\HandleRequests->handleUpdate()
#23 /home3/elngbpzd/work.dia.ci/vendor/laravel/framework/src/Illuminate/Routing/Route.php(265): Illuminate\\Routing\\ControllerDispatcher->dispatch(Object(Illuminate\\Routing\\Route), Object(Livewire\\Mechanisms\\HandleRequests\\HandleRequests), 'handleUpdate')
#24 /home3/elngbpzd/work.dia.ci/vendor/laravel/framework/src/Illuminate/Routing/Route.php(211): Illuminate\\Routing\\Route->runController()
#25 /home3/elngbpzd/work.dia.ci/vendor/laravel/framework/src/Illuminate/Routing/Router.php(808): Illuminate\\Routing\\Route->run()
#26 /home3/elngbpzd/work.dia.ci/vendor/laravel/framework/src/Illuminate/Pipeline/Pipeline.php(169): Illuminate\\Routing\\Router->Illuminate\\Routing\\{closure}(Object(Illuminate\\Http\\Request))
#27 /home3/elngbpzd/work.dia.ci/vendor/laravel/framework/src/Illuminate/Routing/Middleware/SubstituteBindings.php(50): Illuminate\\Pipeline\\Pipeline->Illuminate\\Pipeline\\{closure}(Object(Illuminate\\Http\\Request))
#28 /home3/elngbpzd/work.dia.ci/vendor/laravel/framework/src/Illuminate/Pipeline/Pipeline.php(208): Illuminate\\Routing\\Middleware\\SubstituteBindings->handle(Object(Illuminate\\Http\\Request), Object(Closure))
#29 /home3/elngbpzd/work.dia.ci/vendor/laravel/framework/src/Illuminate/Foundation/Http/Middleware/VerifyCsrfToken.php(87): Illuminate\\Pipeline\\Pipeline->Illuminate\\Pipeline\\{closure}(Object(Illuminate\\Http\\Request))
#30 /home3/elngbpzd/work.dia.ci/vendor/laravel/framework/src/Illuminate/Pipeline/Pipeline.php(208): Illuminate\\Foundation\\Http\\Middleware\\VerifyCsrfToken->handle(Object(Illuminate\\Http\\Request), Object(Closure))
#31 /home3/elngbpzd/work.dia.ci/vendor/laravel/framework/src/Illuminate/View/Middleware/ShareErrorsFromSession.php(48): Illuminate\\Pipeline\\Pipeline->Illuminate\\Pipeline\\{closure}(Object(Illuminate\\Http\\Request))
#32 /home3/elngbpzd/work.dia.ci/vendor/laravel/framework/src/Illuminate/Pipeline/Pipeline.php(208): Illuminate\\View\\Middleware\\ShareErrorsFromSession->handle(Object(Illuminate\\Http\\Request), Object(Closure))
#33 /home3/elngbpzd/work.dia.ci/vendor/laravel/framework/src/Illuminate/Session/Middleware/StartSession.php(120): Illuminate\\Pipeline\\Pipeline->Illuminate\\Pipeline\\{closure}(Object(Illuminate\\Http\\Request))
#34 /home3/elngbpzd/work.dia.ci/vendor/laravel/framework/src/Illuminate/Session/Middleware/StartSession.php(63): Illuminate\\Session\\Middleware\\StartSession->handleStatefulRequest(Object(Illuminate\\Http\\Request), Object(Illuminate\\Session\\Store), Object(Closure))
#35 /home3/elngbpzd/work.dia.ci/vendor/laravel/framework/src/Illuminate/Pipeline/Pipeline.php(208): Illuminate\\Session\\Middleware\\StartSession->handle(Object(Illuminate\\Http\\Request), Object(Closure))
#36 /home3/elngbpzd/work.dia.ci/vendor/laravel/framework/src/Illuminate/Cookie/Middleware/AddQueuedCookiesToResponse.php(36): Illuminate\\Pipeline\\Pipeline->Illuminate\\Pipeline\\{closure}(Object(Illuminate\\Http\\Request))
#37 /home3/elngbpzd/work.dia.ci/vendor/laravel/framework/src/Illuminate/Pipeline/Pipeline.php(208): Illuminate\\Cookie\\Middleware\\AddQueuedCookiesToResponse->handle(Object(Illuminate\\Http\\Request), Object(Closure))
#38 /home3/elngbpzd/work.dia.ci/vendor/laravel/framework/src/Illuminate/Cookie/Middleware/EncryptCookies.php(74): Illuminate\\Pipeline\\Pipeline->Illuminate\\Pipeline\\{closure}(Object(Illuminate\\Http\\Request))
#39 /home3/elngbpzd/work.dia.ci/vendor/laravel/framework/src/Illuminate/Pipeline/Pipeline.php(208): Illuminate\\Cookie\\Middleware\\EncryptCookies->handle(Object(Illuminate\\Http\\Request), Object(Closure))
#40 /home3/elngbpzd/work.dia.ci/vendor/laravel/framework/src/Illuminate/Pipeline/Pipeline.php(126): Illuminate\\Pipeline\\Pipeline->Illuminate\\Pipeline\\{closure}(Object(Illuminate\\Http\\Request))
#41 /home3/elngbpzd/work.dia.ci/vendor/laravel/framework/src/Illuminate/Routing/Router.php(807): Illuminate\\Pipeline\\Pipeline->then(Object(Closure))
#42 /home3/elngbpzd/work.dia.ci/vendor/laravel/framework/src/Illuminate/Routing/Router.php(786): Illuminate\\Routing\\Router->runRouteWithinStack(Object(Illuminate\\Routing\\Route), Object(Illuminate\\Http\\Request))
#43 /home3/elngbpzd/work.dia.ci/vendor/laravel/framework/src/Illuminate/Routing/Router.php(750): Illuminate\\Routing\\Router->runRoute(Object(Illuminate\\Http\\Request), Object(Illuminate\\Routing\\Route))
#44 /home3/elngbpzd/work.dia.ci/vendor/laravel/framework/src/Illuminate/Routing/Router.php(739): Illuminate\\Routing\\Router->dispatchToRoute(Object(Illuminate\\Http\\Request))
#45 /home3/elngbpzd/work.dia.ci/vendor/laravel/framework/src/Illuminate/Foundation/Http/Kernel.php(200): Illuminate\\Routing\\Router->dispatch(Object(Illuminate\\Http\\Request))
#46 /home3/elngbpzd/work.dia.ci/vendor/laravel/framework/src/Illuminate/Pipeline/Pipeline.php(169): Illuminate\\Foundation\\Http\\Kernel->Illuminate\\Foundation\\Http\\{closure}(Object(Illuminate\\Http\\Request))
#47 /home3/elngbpzd/work.dia.ci/vendor/livewire/livewire/src/Features/SupportDisablingBackButtonCache/DisableBackButtonCacheMiddleware.php(19): Illuminate\\Pipeline\\Pipeline->Illuminate\\Pipeline\\{closure}(Object(Illuminate\\Http\\Request))
#48 /home3/elngbpzd/work.dia.ci/vendor/laravel/framework/src/Illuminate/Pipeline/Pipeline.php(208): Livewire\\Features\\SupportDisablingBackButtonCache\\DisableBackButtonCacheMiddleware->handle(Object(Illuminate\\Http\\Request), Object(Closure))
#49 /home3/elngbpzd/work.dia.ci/vendor/laravel/framework/src/Illuminate/Foundation/Http/Middleware/ConvertEmptyStringsToNull.php(27): Illuminate\\Pipeline\\Pipeline->Illuminate\\Pipeline\\{closure}(Object(Illuminate\\Http\\Request))
#50 /home3/elngbpzd/work.dia.ci/vendor/laravel/framework/src/Illuminate/Pipeline/Pipeline.php(208): Illuminate\\Foundation\\Http\\Middleware\\ConvertEmptyStringsToNull->handle(Object(Illuminate\\Http\\Request), Object(Closure))
#51 /home3/elngbpzd/work.dia.ci/vendor/laravel/framework/src/Illuminate/Foundation/Http/Middleware/TrimStrings.php(47): Illuminate\\Pipeline\\Pipeline->Illuminate\\Pipeline\\{closure}(Object(Illuminate\\Http\\Request))
#52 /home3/elngbpzd/work.dia.ci/vendor/laravel/framework/src/Illuminate/Pipeline/Pipeline.php(208): Illuminate\\Foundation\\Http\\Middleware\\TrimStrings->handle(Object(Illuminate\\Http\\Request), Object(Closure))
#53 /home3/elngbpzd/work.dia.ci/vendor/laravel/framework/src/Illuminate/Http/Middleware/ValidatePostSize.php(27): Illuminate\\Pipeline\\Pipeline->Illuminate\\Pipeline\\{closure}(Object(Illuminate\\Http\\Request))
#54 /home3/elngbpzd/work.dia.ci/vendor/laravel/framework/src/Illuminate/Pipeline/Pipeline.php(208): Illuminate\\Http\\Middleware\\ValidatePostSize->handle(Object(Illuminate\\Http\\Request), Object(Closure))
#55 /home3/elngbpzd/work.dia.ci/vendor/laravel/framework/src/Illuminate/Foundation/Http/Middleware/PreventRequestsDuringMaintenance.php(109): Illuminate\\Pipeline\\Pipeline->Illuminate\\Pipeline\\{closure}(Object(Illuminate\\Http\\Request))
#56 /home3/elngbpzd/work.dia.ci/vendor/laravel/framework/src/Illuminate/Pipeline/Pipeline.php(208): Illuminate\\Foundation\\Http\\Middleware\\PreventRequestsDuringMaintenance->handle(Object(Illuminate\\Http\\Request), Object(Closure))
#57 /home3/elngbpzd/work.dia.ci/vendor/laravel/framework/src/Illuminate/Http/Middleware/HandleCors.php(48): Illuminate\\Pipeline\\Pipeline->Illuminate\\Pipeline\\{closure}(Object(Illuminate\\Http\\Request))
#58 /home3/elngbpzd/work.dia.ci/vendor/laravel/framework/src/Illuminate/Pipeline/Pipeline.php(208): Illuminate\\Http\\Middleware\\HandleCors->handle(Object(Illuminate\\Http\\Request), Object(Closure))
#59 /home3/elngbpzd/work.dia.ci/vendor/laravel/framework/src/Illuminate/Http/Middleware/TrustProxies.php(58): Illuminate\\Pipeline\\Pipeline->Illuminate\\Pipeline\\{closure}(Object(Illuminate\\Http\\Request))
#60 /home3/elngbpzd/work.dia.ci/vendor/laravel/framework/src/Illuminate/Pipeline/Pipeline.php(208): Illuminate\\Http\\Middleware\\TrustProxies->handle(Object(Illuminate\\Http\\Request), Object(Closure))
#61 /home3/elngbpzd/work.dia.ci/vendor/laravel/framework/src/Illuminate/Foundation/Http/Middleware/InvokeDeferredCallbacks.php(22): Illuminate\\Pipeline\\Pipeline->Illuminate\\Pipeline\\{closure}(Object(Illuminate\\Http\\Request))
#62 /home3/elngbpzd/work.dia.ci/vendor/laravel/framework/src/Illuminate/Pipeline/Pipeline.php(208): Illuminate\\Foundation\\Http\\Middleware\\InvokeDeferredCallbacks->handle(Object(Illuminate\\Http\\Request), Object(Closure))
#63 /home3/elngbpzd/work.dia.ci/vendor/laravel/framework/src/Illuminate/Http/Middleware/ValidatePathEncoding.php(26): Illuminate\\Pipeline\\Pipeline->Illuminate\\Pipeline\\{closure}(Object(Illuminate\\Http\\Request))
#64 /home3/elngbpzd/work.dia.ci/vendor/laravel/framework/src/Illuminate/Pipeline/Pipeline.php(208): Illuminate\\Http\\Middleware\\ValidatePathEncoding->handle(Object(Illuminate\\Http\\Request), Object(Closure))
#65 /home3/elngbpzd/work.dia.ci/vendor/laravel/framework/src/Illuminate/Pipeline/Pipeline.php(126): Illuminate\\Pipeline\\Pipeline->Illuminate\\Pipeline\\{closure}(Object(Illuminate\\Http\\Request))
#66 /home3/elngbpzd/work.dia.ci/vendor/laravel/framework/src/Illuminate/Foundation/Http/Kernel.php(175): Illuminate\\Pipeline\\Pipeline->then(Object(Closure))
#67 /home3/elngbpzd/work.dia.ci/vendor/laravel/framework/src/Illuminate/Foundation/Http/Kernel.php(144): Illuminate\\Foundation\\Http\\Kernel->sendRequestThroughRouter(Object(Illuminate\\Http\\Request))
#68 /home3/elngbpzd/work.dia.ci/vendor/laravel/framework/src/Illuminate/Foundation/Application.php(1219): Illuminate\\Foundation\\Http\\Kernel->handle(Object(Illuminate\\Http\\Request))
#69 /home3/elngbpzd/work.dia.ci/index.php(20): Illuminate\\Foundation\\Application->handleRequest(Object(Illuminate\\Http\\Request))
#70 {main}
"} 
[2025-06-10 11:10:52] production.ERROR: Erreur lors du traitement du pointage mobile: SQLSTATE[42S22]: Column not found: 1054 Unknown column 'mobile_token' in 'WHERE' (Connection: mysql, SQL: select * from `sites` where `entreprise_id` = 019751d3-48b7-7038-8fb2-6b6ac1d300ad and (`qr_token` = AP11MeRqY83hK86GKTXntRhAVZ7rJGBc or `mobile_token` = AP11MeRqY83hK86GKTXntRhAVZ7rJGBc) and `sites`.`deleted_at` is null and `sites`.`entreprise_id` = 019751d3-48b7-7038-8fb2-6b6ac1d300ad limit 1)  
